RabA,RabB,RabC,RabD,RabE,RabF,RabG,RabH,RabI,xER,xPM,
2629000.0,1963000.0,1284000.0,6503000.0,9220000.0,651700.0,2355000.0,1266000.0,1564000.0,6.0E7,2.3999999999999997E8,
2641000.0,1963000.0,1284000.0,6488000.0,8992000.0,643400.0,2352000.0,1262000.0,1559000.0,6.03E7,2.4619999999999997E8,
2664000.0,1935000.0,1282000.0,6467000.0,8836000.0,643400.0,2352000.0,1262000.0,1593000.0,6.027E7,2.4639999999999997E8,
