tick 115001.0,,,,,,,,,,,,,,,,,,,,,,,,,,,,,,,,,
endosome0a,initOrgProp,area,4.50E+06,volume,7.00E+08,xcoor,43.03835425,ycoor,41.89316863,pH,7.315148548,,,,,,,,,,,,,,,,,,,,,,
endosome0a,initRabContent,RabA,4.50E+06,,,,,,,,,,,,,,,,,,,,,,,,,,,,,,
endosome0a,initMembraneContent,EEA1,0.00E+00,R-TfaEn,4.60E-41,exCxEn,0.00E+00,oMHCIEn,1.03E-06,membraneMarker,0,M6PR,0,pepMHCIEn,0,R-TfEn,2.64E-41,cMHCIEn,2.31E-04,REn,8.03E-06,imCxEn,0.00E+00,,,,,,,,,,
endosome0a,initSolubleContent,povaEn,10000,NH3Cy,0,protonEn,300000,FeEn,0,NH3En,0,NH4En,0,ovaEn,0,solubleMarker,0,TfaEn,9.87E-09,bead2,0,mvb,0,bead3,1,bead4,0,TfEn,0,pepEn,0,bead1,0
endosome1b,initOrgProp,area,4.00E+06,volume,6.00E+08,xcoor,22.78458901,ycoor,22.80374372,pH,7.658211414,,,,,,,,,,,,,,,,,,,,,,
endosome1b,initRabContent,RabA,4.00E+06,,,,,,,,,,,,,,,,,,,,,,,,,,,,,,
endosome1b,initMembraneContent,EEA1,0,exCxEn,0.00E+00,R-TfaEn,1.94E-38,oMHCIEn,0.021383272,membraneMarker,0,M6PR,0.00E+00,cMHCIEn,0.085176518,R-TfEn,1.12E-38,pepMHCIEn,0,REn,0.003402382,imCxEn,0.00E+00,,,,,,,,,,
endosome1b,initSolubleContent,povaEn,10000,NH3Cy,0,protonEn,300000,FeEn,0,NH3En,0,NH4En,0,ovaEn,0,TfaEn,9.72E-09,solubleMarker,0,mvb,0,bead2,0,bead3,0,bead4,1,TfEn,0,pepEn,0,bead1,0
endosome0h,initOrgProp,area,5.00E+06,volume,6.50E+08,xcoor,43.03835425,ycoor,41.89316863,pH,7.315148548,,,,,,,,,,,,,,,,,,,,,,
endosome0h,initRabContent,RabA,5.00E+06,,,,,,,,,,,,,,,,,,,,,,,,,,,,,,
endosome0h,initMembraneContent,EEA1,0.00E+00,R-TfaEn,4.60E-41,exCxEn,0.00E+00,oMHCIEn,1.03E-06,membraneMarker,0,M6PR,0,pepMHCIEn,0,R-TfEn,2.64E-41,cMHCIEn,2.31E-04,REn,8.03E-06,imCxEn,0.00E+00,,,,,,,,,,
endosome0h,initSolubleContent,povaEn,10000,NH3Cy,0,protonEn,300000,FeEn,0,NH3En,0,NH4En,0,ovaEn,0,solubleMarker,0,TfaEn,9.87E-09,bead2,0,mvb,0,bead3,0,bead4,0,TfEn,0,pepEn,0,bead1,1
endosome1X,initOrgProp,area,4.50E+06,volume,7.00E+08,xcoor,22.78458901,ycoor,22.80374372,pH,7.658211414,,,,,,,,,,,,,,,,,,,,,,
endosome1X,initRabContent,RabA,4.50E+06,,,,,,,,,,,,,,,,,,,,,,,,,,,,,,
endosome1X,initMembraneContent,EEA1,0,exCxEn,0.00E+00,R-TfaEn,1.94E-38,oMHCIEn,0.021383272,membraneMarker,0,M6PR,0.00E+00,cMHCIEn,0.085176518,R-TfEn,1.12E-38,pepMHCIEn,0,REn,0.003402382,imCxEn,0.00E+00,,,,,,,,,,
endosome1X,initSolubleContent,povaEn,10000,NH3Cy,0,protonEn,300000,FeEn,0,NH3En,0,NH4En,0,ovaEn,0,TfaEn,9.72E-09,solubleMarker,0,mvb,0,bead2,1,bead3,0,bead4,0,TfEn,0,pepEn,0,bead1,0
endosome2n,initOrgProp,area,14199.99879,volume,110898.2207,xcoor,25.7048662,ycoor,0.443777492,pH,7.091768848,,,,,,,,,,,,,,,,,,,,,,
endosome2n,initRabContent,RabI,2111.150263,RabG,2859.100642,RabH,1688.920211,RabE,2237.618217,RabF,5303.209461,,,,,,,,,,,,,,,,,,,,,,
endosome2n,initMembraneContent,EEA1,0.005238406,exCxEn,5.77E-04,R-TfaEn,1.48E-40,oMHCIEn,1.60E-05,membraneMarker,0,M6PR,12.26070225,cMHCIEn,0.001037714,R-TfEn,4.85E-42,pepMHCIEn,0,REn,1.17E-05,imCxEn,5.77E-04,,,,,,,,,,
endosome2n,initSolubleContent,povaEn,0,NH3Cy,0,protonEn,7.977506538,FeEn,0,NH3En,0,NH4En,0,ovaEn,0,TfaEn,4.52E-06,solubleMarker,0,mvb,0,bead2,0,bead3,0,bead4,0,TfEn,0,pepEn,0,bead1,0
endosome3v,initOrgProp,area,13823.00768,volume,145697.0079,xcoor,22.54001817,ycoor,22.47343613,pH,7.918363751,,,,,,,,,,,,,,,,,,,,,,
endosome3v,initRabContent,RabE,13823.00768,,,,,,,,,,,,,,,,,,,,,,,,,,,,,,
endosome3v,initMembraneContent,EEA1,0.02518456,exCxEn,1.82E-05,R-TfaEn,1.04E-42,oMHCIEn,3.27E-06,membraneMarker,0,M6PR,21.02685508,cMHCIEn,4.28E-06,R-TfEn,3.95E-43,pepMHCIEn,0,REn,1.46E-07,imCxEn,1.82E-05,,,,,,,,,,
endosome3v,initSolubleContent,povaEn,0,NH3Cy,0,protonEn,0.758275328,FeEn,0,NH3En,0,NH4En,0,ovaEn,0,TfaEn,7.72E-08,solubleMarker,0,mvb,0,bead2,0,bead3,0,bead4,0,TfEn,0,pepEn,0,bead1,0
endosome4L,initOrgProp,area,10845.24094,volume,93850.05706,xcoor,27.78697214,ycoor,18.47785646,pH,7.39803376,,,,,,,,,,,,,,,,,,,,,,
endosome4L,initRabContent,RabE,10845.24094,,,,,,,,,,,,,,,,,,,,,,,,,,,,,,
endosome4L,initMembraneContent,EEA1,0.00588419,exCxEn,8.88E-05,R-TfaEn,1.46E-41,oMHCIEn,4.53E-05,membraneMarker,0,M6PR,150.7536135,cMHCIEn,7.07E-05,R-TfEn,3.82E-42,pepMHCIEn,0,REn,1.77E-06,imCxEn,8.88E-05,,,,,,,,,,
endosome4L,initSolubleContent,povaEn,0,NH3Cy,0,protonEn,2.753191992,FeEn,0,NH3En,0,NH4En,0,ovaEn,0,TfaEn,3.93E-07,solubleMarker,0,mvb,0,bead2,0,bead3,0,bead4,0,TfEn,0,pepEn,0,bead1,0
endosome5k,initOrgProp,area,12566.37061,volume,100530.9649,xcoor,23.12536452,ycoor,17.39586362,pH,7.983528046,,,,,,,,,,,,,,,,,,,,,,
endosome5k,initRabContent,RabI,2513.274123,RabG,1608.495439,RabH,2010.619298,RabE,5147.185404,RabF,1286.796351,,,,,,,,,,,,,,,,,,,,,,
endosome5k,initMembraneContent,EEA1,0.011423282,exCxEn,2.56E-06,R-TfaEn,6.50E-43,oMHCIEn,9.51E-06,membraneMarker,0,M6PR,0.0125777,cMHCIEn,2.13E-06,R-TfEn,3.63E-43,pepMHCIEn,0,REn,1.12E-07,imCxEn,2.56E-06,,,,,,,,,,
endosome5k,initSolubleContent,povaEn,0,NH3Cy,0,protonEn,0.044171428,FeEn,0,NH3En,0,NH4En,0,ovaEn,0,TfaEn,1.28E-09,solubleMarker,0,mvb,0,bead2,0,bead3,0,bead4,0,TfEn,0,pepEn,0,bead1,0
endosome6L,initOrgProp,area,233407.8464,volume,1.04E+07,xcoor,25.59218599,ycoor,16.55300878,pH,9.998490381,,,,,,,,,,,,,,,,,,,,,,
endosome6L,initRabContent,RabI,5806.99501,RabG,5371.650055,RabH,6439.79583,RabE,10492.15428,RabF,3385.294255,RabC,4948.300274,RabD,186545.3826,RabA,5818.378863,RabB,4599.895252,,,,,,,,,,,,,,
endosome6L,initMembraneContent,EEA1,0.038667472,exCxEn,9.06E-08,R-TfaEn,8.08E-44,oMHCIEn,8.08E-07,membraneMarker,0,M6PR,0.306319402,cMHCIEn,5.27E-07,R-TfEn,4.21E-44,pepMHCIEn,0,REn,1.34E-08,imCxEn,9.06E-08,,,,,,,,,,
endosome6L,initSolubleContent,povaEn,0,NH3Cy,0,protonEn,0.048421875,FeEn,0,NH3En,0,NH4En,0,ovaEn,0,TfaEn,4.25E-09,solubleMarker,0,mvb,12.25832382,bead2,0,bead3,0,bead4,0,TfEn,0,pepEn,0,bead1,0
endosome7D,initOrgProp,area,207710.7972,volume,8705889.393,xcoor,29.56051625,ycoor,19.63144378,pH,9.756976776,,,,,,,,,,,,,,,,,,,,,,
endosome7D,initRabContent,RabI,6102.345298,RabG,6206.303078,RabH,5053.675848,RabE,13342.62501,RabF,3578.230956,RabC,1594.629415,RabD,165507.0768,RabA,3908.393108,RabB,2417.517686,,,,,,,,,,,,,,
endosome7D,initMembraneContent,EEA1,0.037069598,exCxEn,1.20E-07,R-TfaEn,1.14E-42,oMHCIEn,1.76E-06,membraneMarker,0,M6PR,0.099887407,cMHCIEn,7.71E-06,R-TfEn,5.69E-43,pepMHCIEn,0,REn,1.84E-07,imCxEn,1.20E-07,,,,,,,,,,
endosome7D,initSolubleContent,povaEn,0,NH3Cy,0,protonEn,0.52347864,FeEn,0,NH3En,0,NH4En,0,ovaEn,0,TfaEn,3.54E-09,solubleMarker,0,mvb,6.498967181,bead2,0,bead3,0,bead4,0,TfEn,0,pepEn,0,bead1,0
endosome8S,initOrgProp,area,7539.822369,volume,50265.48246,xcoor,21.11727995,ycoor,24.27748279,pH,7.224066642,,,,,,,,,,,,,,,,,,,,,,
endosome8S,initRabContent,RabI,1507.964474,RabG,965.0972632,RabH,1206.371579,RabE,3088.311242,RabF,772.0778105,,,,,,,,,,,,,,,,,,,,,,
endosome8S,initMembraneContent,EEA1,0,exCxEn,1.07E-06,R-TfaEn,2.46E-46,oMHCIEn,2.38E-11,membraneMarker,0,M6PR,123.873463,cMHCIEn,4.05E-09,R-TfEn,3.34E-47,pepMHCIEn,0,REn,6.05E-11,imCxEn,1.07E-06,,,,,,,,,,
endosome8S,initSolubleContent,povaEn,0,NH3Cy,0,protonEn,2.000566202,FeEn,0,NH3En,0,NH4En,0,ovaEn,0,TfaEn,1.04E-09,solubleMarker,0,mvb,0,bead2,0,bead3,0,bead4,0,TfEn,0,pepEn,0,bead1,0
endosome9l,initOrgProp,area,14025.57757,volume,124931.5551,xcoor,22.79354858,ycoor,22.26794328,pH,7.990626951,,,,,,,,,,,,,,,,,,,,,,
endosome9l,initRabContent,RabB,6622.335826,RabC,7403.241744,,,,,,,,,,,,,,,,,,,,,,,,,,,,
endosome9l,initMembraneContent,EEA1,0.00676844,exCxEn,1.53E-05,R-TfaEn,1.41E-38,oMHCIEn,1.02E-04,membraneMarker,0,M6PR,0.002642877,cMHCIEn,0.046012944,R-TfEn,7.29E-39,pepMHCIEn,0,REn,0.002377475,imCxEn,1.53E-05,,,,,,,,,,
endosome9l,initSolubleContent,povaEn,0,NH3Cy,0,protonEn,0.27657165,FeEn,0,NH3En,0,NH4En,0,ovaEn,0,TfaEn,2.55E-08,solubleMarker,0,mvb,0,bead2,0,bead3,0,bead4,0,TfEn,0,pepEn,0,bead1,0
endosome10h,initOrgProp,area,7539.822369,volume,50265.48246,xcoor,38.98477315,ycoor,7.072393882,pH,7.228645519,,,,,,,,,,,,,,,,,,,,,,
endosome10h,initRabContent,RabG,1206.371579,RabH,1507.964474,RabE,3860.389053,RabF,965.0972632,,,,,,,,,,,,,,,,,,,,,,,,
endosome10h,initMembraneContent,EEA1,4.67E-04,exCxEn,2.68E-05,R-TfaEn,4.39E-43,oMHCIEn,7.67E-07,membraneMarker,0,M6PR,6.051551525,cMHCIEn,4.09E-06,R-TfEn,1.63E-43,pepMHCIEn,0,REn,1.00E-07,imCxEn,2.68E-05,,,,,,,,,,
endosome10h,initSolubleContent,povaEn,0,NH3Cy,0,protonEn,1.969096662,FeEn,0,NH3En,0,NH4En,0,ovaEn,0,TfaEn,8.06E-09,solubleMarker,0,mvb,0,bead2,0,bead3,0,bead4,0,TfEn,0,pepEn,0,bead1,0
endosome11W,initOrgProp,area,10053.09649,volume,87964.5943,xcoor,22.85118037,ycoor,0.614465592,pH,7.289085142,,,,,,,,,,,,,,,,,,,,,,
endosome11W,initRabContent,RabI,2513.274123,RabG,1206.371579,RabH,1507.964474,RabF,4825.486316,,,,,,,,,,,,,,,,,,,,,,,,
endosome11W,initMembraneContent,EEA1,0.001244176,exCxEn,1.83E-04,R-TfaEn,4.25E-42,oMHCIEn,2.33E-06,membraneMarker,0,M6PR,90.7080929,cMHCIEn,3.52E-05,R-TfEn,7.99E-43,pepMHCIEn,0,REn,5.73E-07,imCxEn,1.83E-04,,,,,,,,,,
endosome11W,initSolubleContent,povaEn,0,NH3Cy,0,protonEn,3.520877734,FeEn,0,NH3En,0,NH4En,0,ovaEn,0,TfaEn,4.55E-08,solubleMarker,0,mvb,0,bead2,0,bead3,0,bead4,0,TfEn,0,pepEn,0,bead1,0
endosome12w,initOrgProp,area,15079.64474,volume,113097.3355,xcoor,22.70652839,ycoor,17.95761937,pH,7.07650175,,,,,,,,,,,,,,,,,,,,,,
endosome12w,initRabContent,RabE,15079.64474,,,,,,,,,,,,,,,,,,,,,,,,,,,,,,
endosome12w,initMembraneContent,EEA1,6.46E-05,exCxEn,1.78E-05,R-TfaEn,1.96E-41,oMHCIEn,1.42E-06,membraneMarker,0,M6PR,16.53784775,cMHCIEn,4.10E-04,R-TfEn,5.21E-43,pepMHCIEn,0,REn,6.68E-06,imCxEn,1.78E-05,,,,,,,,,,
endosome12w,initSolubleContent,povaEn,0,NH3Cy,0,protonEn,8.483106396,FeEn,0,NH3En,0,NH4En,0,ovaEn,0,TfaEn,2.91E-06,solubleMarker,0,mvb,0,bead2,0,bead3,0,bead4,0,TfEn,0,pepEn,0,bead1,0
endosome13x,initOrgProp,area,165312.3665,volume,6140447.571,xcoor,28.46122347,ycoor,23.8810008,pH,9.782852822,,,,,,,,,,,,,,,,,,,,,,
endosome13x,initRabContent,RabI,1941.451052,RabG,4843.630432,RabH,1553.160842,RabE,6201.281618,RabF,4813.308307,RabC,115.9881875,RabD,142851.4211,RabA,1268.827185,RabB,1723.297754,,,,,,,,,,,,,,
endosome13x,initMembraneContent,EEA1,4.89E-04,exCxEn,1.81E-09,R-TfaEn,1.95E-44,oMHCIEn,8.16E-06,membraneMarker,0,M6PR,0.137317905,cMHCIEn,1.15E-07,R-TfEn,9.02E-45,pepMHCIEn,0,REn,3.03E-09,imCxEn,1.81E-09,,,,,,,,,,
endosome13x,initSolubleContent,povaEn,0,NH3Cy,0,protonEn,0.012388505,FeEn,0,NH3En,0,NH4En,0,ovaEn,0,TfaEn,4.44E-10,solubleMarker,0,mvb,8.652338068,bead2,0,bead3,0,bead4,0,TfEn,0,pepEn,0,bead1,0
endosome14q,initOrgProp,area,252612.5951,volume,1.16E+07,xcoor,29.1455386,ycoor,21.02435323,pH,10.06285842,,,,,,,,,,,,,,,,,,,,,,
endosome14q,initRabContent,RabI,4622.301955,RabG,2884.323759,RabH,5263.676722,RabE,1196.557468,RabF,6602.018697,RabC,425.6853173,RabD,224027.3043,RabA,4882.112916,RabB,2708.61404,,,,,,,,,,,,,,
endosome14q,initMembraneContent,EEA1,2.14E-08,exCxEn,4.13E-21,R-TfaEn,5.74E-53,oMHCIEn,9.62E-16,membraneMarker,0,M6PR,2.43E-10,cMHCIEn,3.98E-16,R-TfEn,3.25E-53,pepMHCIEn,0,REn,9.96E-18,imCxEn,4.13E-21,,,,,,,,,,
endosome14q,initSolubleContent,povaEn,0,NH3Cy,0,protonEn,8.09E-12,FeEn,0,NH3En,0,NH4En,0,ovaEn,0,TfaEn,3.58E-19,solubleMarker,0,mvb,6.613302907,bead2,0,bead3,0,bead4,0,TfEn,0,pepEn,0,bead1,0
endosome15e,initOrgProp,area,11938.05208,volume,87964.5943,xcoor,25.87574316,ycoor,0.77080172,pH,7.276109539,,,,,,,,,,,,,,,,,,,,,,
endosome15e,initRabContent,RabI,4398.229715,RabG,1206.371579,RabH,1507.964474,RabF,4825.486316,,,,,,,,,,,,,,,,,,,,,,,,
endosome15e,initMembraneContent,EEA1,6.73E-04,exCxEn,0.009241771,R-TfaEn,6.84E-42,oMHCIEn,2.60E-06,membraneMarker,0,M6PR,6.02593806,cMHCIEn,6.79E-05,R-TfEn,8.52E-43,pepMHCIEn,0,REn,8.85E-07,imCxEn,0.009241771,,,,,,,,,,
endosome15e,initSolubleContent,povaEn,0,NH3Cy,0,protonEn,3.657987993,FeEn,0,NH3En,0,NH4En,0,ovaEn,0,TfaEn,2.17E-07,solubleMarker,0,mvb,0,bead2,0,bead3,0,bead4,0,TfEn,0,pepEn,0,bead1,0
endosome16e,initOrgProp,area,272385.5511,volume,1.33E+07,xcoor,22.20983151,ycoor,17.06798928,pH,10.12249139,,,,,,,,,,,,,,,,,,,,,,
endosome16e,initRabContent,RabI,768.1051311,RabG,2577.355367,RabH,2361.663347,RabE,3907.341183,RabF,76.23138759,RabC,3259.91053,RabD,254098.267,RabA,3172.480968,RabB,2164.196231,,,,,,,,,,,,,,
endosome16e,initMembraneContent,EEA1,9.50E-05,exCxEn,2.88E-08,R-TfaEn,2.43E-43,oMHCIEn,7.13E-07,membraneMarker,0,M6PR,0.261821591,cMHCIEn,1.80E-06,R-TfEn,1.28E-43,pepMHCIEn,0,REn,4.05E-08,imCxEn,2.88E-08,,,,,,,,,,
endosome16e,initSolubleContent,povaEn,0,NH3Cy,0,protonEn,0.005283217,FeEn,0,NH3En,0,NH4En,0,ovaEn,0,TfaEn,4.54E-10,solubleMarker,0,mvb,11.14816336,bead2,0,bead3,0,bead4,0,TfEn,0,pepEn,0,bead1,0
endosome17w,initOrgProp,area,12455.43838,volume,99421.64262,xcoor,48.82648922,ycoor,45.79361238,pH,7.302263647,,,,,,,,,,,,,,,,,,,,,,
endosome17w,initRabContent,RabA,0,RabB,5743.061729,RabC,2970.673259,RabD,3741.703397,,,,,,,,,,,,,,,,,,,,,,,,
endosome17w,initMembraneContent,,,,,,,,,,,,,,,,,,,,,,,,,,,,,,,,
endosome17w,initSolubleContent,protonEn,3.956981376,,,,,,,,,,,,,,,,,,,,,,,,,,,,,,
endosome18L,initOrgProp,area,871997.5033,volume,7.59E+07,xcoor,24.1399932,ycoor,25.59997493,pH,10.0560285,,,,,,,,,,,,,,,,,,,,,,
endosome18L,initRabContent,RabI,5450.550425,RabG,4687.768457,RabH,1339.323303,RabE,947.8285449,RabF,6659.369792,RabC,2957.41286,RabD,848547.9039,RabA,269.5669333,RabB,1137.779119,,,,,,,,,,,,,,
endosome18L,initMembraneContent,EEA1,0.060463832,exCxEn,2.04E-04,R-TfaEn,6.93E-41,oMHCIEn,3.90E-04,membraneMarker,0,M6PR,3.090660707,cMHCIEn,4.23E-04,R-TfEn,3.74E-41,pepMHCIEn,0,REn,1.17E-05,imCxEn,2.04E-04,,,,,,,,,,
endosome18L,initSolubleContent,povaEn,0,NH3Cy,0,protonEn,5.671504982,FeEn,0,NH3En,0,NH4En,0,ovaEn,0,TfaEn,2.29E-07,solubleMarker,0,mvb,48.99242832,bead2,0,bead3,0,bead4,0,TfEn,0,pepEn,0,bead1,0
endosome19n,initOrgProp,area,245406.4518,volume,1.11E+07,xcoor,20.19139246,ycoor,20.10243259,pH,10.03746269,,,,,,,,,,,,,,,,,,,,,,
endosome19n,initRabContent,RabI,2973.523521,RabG,3209.672355,RabH,1634.336192,RabE,978.2780685,RabF,3275.946895,RabC,6658.226441,RabD,223329.2127,RabA,2827.427832,RabB,519.827782,,,,,,,,,,,,,,
endosome19n,initMembraneContent,EEA1,0.003051516,exCxEn,9.62E-11,R-TfaEn,1.17E-43,oMHCIEn,1.70E-05,membraneMarker,0,M6PR,0.007631705,cMHCIEn,8.19E-07,R-TfEn,6.60E-44,pepMHCIEn,0,REn,2.02E-08,imCxEn,9.62E-11,,,,,,,,,,
endosome19n,initSolubleContent,povaEn,0,NH3Cy,0,protonEn,0.016816134,FeEn,0,NH3En,0,NH4En,0,ovaEn,0,TfaEn,6.38E-10,solubleMarker,0,mvb,7.205945224,bead2,0,bead3,0,bead4,0,TfEn,0,pepEn,0,bead1,0
endosome20a,initOrgProp,area,329742.1662,volume,1.78E+07,xcoor,28.52305758,ycoor,17.73908694,pH,10.19961165,,,,,,,,,,,,,,,,,,,,,,
endosome20a,initRabContent,RabI,1892.76455,RabG,3399.49825,RabH,4991.941519,RabE,4296.449426,RabF,3660.000555,RabC,3452.276973,RabD,302666.689,RabA,1248.764043,RabB,4133.78183,,,,,,,,,,,,,,
endosome20a,initMembraneContent,EEA1,5.74E-05,exCxEn,2.83E-06,R-TfaEn,3.40E-41,oMHCIEn,7.75E-05,membraneMarker,0,M6PR,9.74E-06,R-TfEn,1.82E-41,cMHCIEn,2.02E-04,pepMHCIEn,0,REn,5.71E-06,imCxEn,2.83E-06,,,,,,,,,,
endosome20a,initSolubleContent,povaEn,0,NH3Cy,0,protonEn,0.122147395,FeEn,0,NH3En,0,NH4En,0,ovaEn,0,TfaEn,2.14E-10,solubleMarker,0,bead2,0,mvb,7.875681593,bead3,0,bead4,0,TfEn,0,pepEn,0,bead1,0
endosome21B,initOrgProp,area,7539.822369,volume,50265.48246,xcoor,25.36394282,ycoor,16.66662109,pH,7.697933728,,,,,,,,,,,,,,,,,,,,,,
endosome21B,initRabContent,RabC,7539.822369,,,,,,,,,,,,,,,,,,,,,,,,,,,,,,
endosome21B,initMembraneContent,EEA1,2.00E-04,exCxEn,1.47E-04,R-TfaEn,3.65E-39,oMHCIEn,0.00932456,membraneMarker,0,M6PR,0.0019357,cMHCIEn,0.018784737,R-TfEn,1.28E-39,pepMHCIEn,0,REn,4.97E-04,imCxEn,1.47E-04,,,,,,,,,,
endosome21B,initSolubleContent,povaEn,0,NH3Cy,0,protonEn,0.007711297,FeEn,0,NH3En,0,NH4En,0,ovaEn,0,TfaEn,1.76E-09,solubleMarker,0,mvb,0,bead2,0,bead3,0,bead4,0,TfEn,0,pepEn,0,bead1,0
endosome22u,initOrgProp,area,254710.8223,volume,1.20E+07,xcoor,22.11635557,ycoor,22.47739955,pH,10.07851848,,,,,,,,,,,,,,,,,,,,,,
endosome22u,initRabContent,RabI,299.3173843,RabG,1696.984462,RabH,5322.499073,RabE,6805.871307,RabF,5182.810353,RabC,833.7456269,RabD,231411.1149,RabA,665.9956259,RabB,2492.483571,,,,,,,,,,,,,,
endosome22u,initMembraneContent,EEA1,0.003482798,exCxEn,8.57E-10,R-TfaEn,1.63E-44,oMHCIEn,2.75E-07,membraneMarker,0,M6PR,0.005387862,cMHCIEn,7.93E-08,R-TfEn,7.64E-45,pepMHCIEn,0,REn,2.54E-09,imCxEn,8.57E-10,,,,,,,,,,
endosome22u,initSolubleContent,povaEn,0,NH3Cy,0,protonEn,5.17E-04,FeEn,0,NH3En,0,NH4En,0,ovaEn,0,TfaEn,4.05E-11,solubleMarker,0,mvb,8.773925064,bead2,0,bead3,0,bead4,0,TfEn,0,pepEn,0,bead1,0
endosome23K,initOrgProp,area,11309.73355,volume,100530.9649,xcoor,25.83441476,ycoor,17.90712358,pH,7.303231498,,,,,,,,,,,,,,,,,,,,,,
endosome23K,initRabContent,RabI,2261.946711,RabG,1447.645895,RabH,1809.557368,RabE,4632.466863,RabF,1158.116716,,,,,,,,,,,,,,,,,,,,,,
endosome23K,initMembraneContent,EEA1,0,exCxEn,1.62E-06,R-TfaEn,3.69E-46,oMHCIEn,3.64E-11,membraneMarker,0,M6PR,185.9327659,cMHCIEn,6.09E-09,R-TfEn,5.03E-47,pepMHCIEn,0,REn,9.09E-11,imCxEn,1.62E-06,,,,,,,,,,
endosome23K,initSolubleContent,povaEn,0,NH3Cy,0,protonEn,4.001132404,FeEn,0,NH3En,0,NH4En,0,ovaEn,0,TfaEn,2.08E-09,solubleMarker,0,mvb,0,bead2,0,bead3,0,bead4,0,TfEn,0,pepEn,0,bead1,0
endosome24M,initOrgProp,area,11938.05208,volume,87964.5943,xcoor,25.0361934,ycoor,0.789848425,pH,6.969264255,,,,,,,,,,,,,,,,,,,,,,
endosome24M,initRabContent,RabG,5730.265,RabH,1507.964474,RabE,115.6106097,RabF,4584.212,,,,,,,,,,,,,,,,,,,,,,,,
endosome24M,initMembraneContent,EEA1,0.01038905,exCxEn,2.27E-04,R-TfaEn,7.18E-41,oMHCIEn,1.40E-05,membraneMarker,0,M6PR,0.097296414,cMHCIEn,7.48E-04,R-TfEn,9.36E-42,pepMHCIEn,0,REn,1.22E-05,imCxEn,2.27E-04,,,,,,,,,,
endosome24M,initSolubleContent,povaEn,0,NH3Cy,0,protonEn,8.441557642,FeEn,0,NH3En,0,NH4En,0,ovaEn,0,TfaEn,4.67E-06,solubleMarker,0,mvb,0,bead2,0,bead3,0,bead4,0,TfEn,0,pepEn,0,bead1,0
endosome25w,initOrgProp,area,8425.582767,volume,69335.97281,xcoor,22.35517588,ycoor,20.02903483,pH,7.310026928,,,,,,,,,,,,,,,,,,,,,,
endosome25w,initRabContent,RabC,8425.582767,,,,,,,,,,,,,,,,,,,,,,,,,,,,,,
endosome25w,initMembraneContent,EEA1,0.012725672,exCxEn,4.44E-10,R-TfaEn,8.10E-39,oMHCIEn,0.018712931,membraneMarker,0,M6PR,3.51E-04,cMHCIEn,0.035689222,R-TfEn,4.70E-39,pepMHCIEn,0,REn,0.001424151,imCxEn,4.44E-10,,,,,,,,,,
endosome25w,initSolubleContent,povaEn,0,NH3Cy,0,protonEn,2.395718539,FeEn,0,NH3En,0,NH4En,0,ovaEn,0,TfaEn,1.69E-07,solubleMarker,0,mvb,0,bead2,0,bead3,0,bead4,0,TfEn,0,pepEn,0,bead1,0
endosome26Z,initOrgProp,area,14288.63828,volume,117300.1953,xcoor,24.00114727,ycoor,22.95759708,pH,7.74384433,,,,,,,,,,,,,,,,,,,,,,
endosome26Z,initRabContent,RabC,14288.63828,,,,,,,,,,,,,,,,,,,,,,,,,,,,,,
endosome26Z,initMembraneContent,EEA1,0.03071641,exCxEn,6.01E-05,R-TfaEn,5.13E-39,oMHCIEn,0.014880081,membraneMarker,0,M6PR,2.70E-04,cMHCIEn,0.018070159,R-TfEn,2.75E-39,pepMHCIEn,0,REn,8.60E-04,imCxEn,6.01E-05,,,,,,,,,,
endosome26Z,initSolubleContent,povaEn,0,NH3Cy,0,protonEn,1.115701556,FeEn,0,NH3En,0,NH4En,0,ovaEn,0,TfaEn,3.70E-08,solubleMarker,0,mvb,0,bead2,0,bead3,0,bead4,0,TfEn,0,pepEn,0,bead1,0
endosome27K,initOrgProp,area,7539.822369,volume,50265.48246,xcoor,24.67374136,ycoor,23.42248665,pH,7.696571038,,,,,,,,,,,,,,,,,,,,,,
endosome27K,initRabContent,RabC,7539.822369,,,,,,,,,,,,,,,,,,,,,,,,,,,,,,
endosome27K,initMembraneContent,EEA1,9.03E-05,exCxEn,4.67E-09,R-TfaEn,8.81E-43,oMHCIEn,1.87E-05,membraneMarker,0,M6PR,2.89E-06,cMHCIEn,3.16E-06,R-TfEn,5.11E-43,pepMHCIEn,0,REn,1.55E-07,imCxEn,4.67E-09,,,,,,,,,,
endosome27K,initSolubleContent,povaEn,0,NH3Cy,0,protonEn,0.010878168,FeEn,0,NH3En,0,NH4En,0,ovaEn,0,TfaEn,1.47E-10,solubleMarker,0,mvb,0,bead2,0,bead3,0,bead4,0,TfEn,0,pepEn,0,bead1,0
endosome28N,initOrgProp,area,7539.822369,volume,50265.48246,xcoor,28.97521478,ycoor,16.66871772,pH,7.287604599,,,,,,,,,,,,,,,,,,,,,,
endosome28N,initRabContent,RabI,1507.964474,RabG,965.0972632,RabH,1206.371579,RabE,3088.311242,RabF,772.0778105,,,,,,,,,,,,,,,,,,,,,,
endosome28N,initMembraneContent,EEA1,0.002660603,exCxEn,0.008267639,R-TfaEn,1.73E-41,oMHCIEn,2.98E-05,membraneMarker,0,M6PR,0.031851704,cMHCIEn,9.39E-05,R-TfEn,6.85E-42,pepMHCIEn,0,REn,2.52E-06,imCxEn,0.008267639,,,,,,,,,,
endosome28N,initSolubleContent,povaEn,0,NH3Cy,0,protonEn,1.592180601,FeEn,0,NH3En,0,NH4En,0,ovaEn,0,TfaEn,1.81E-07,solubleMarker,0,mvb,0,bead2,0,bead3,0,bead4,0,TfEn,0,pepEn,0,bead1,0
endosome29E,initOrgProp,area,11938.05208,volume,94247.77961,xcoor,20.73055962,ycoor,18.8291284,pH,7.505560536,,,,,,,,,,,,,,,,,,,,,,
endosome29E,initRabContent,RabE,11938.05208,,,,,,,,,,,,,,,,,,,,,,,,,,,,,,
endosome29E,initMembraneContent,EEA1,0.008969672,exCxEn,9.37E-06,R-TfaEn,1.54E-41,oMHCIEn,3.13E-05,membraneMarker,0,M6PR,59.00676525,cMHCIEn,8.03E-05,R-TfEn,5.29E-42,pepMHCIEn,0,REn,2.09E-06,imCxEn,9.37E-06,,,,,,,,,,
endosome29E,initSolubleContent,povaEn,0,NH3Cy,0,protonEn,1.942460163,FeEn,0,NH3En,0,NH4En,0,ovaEn,0,TfaEn,2.96E-07,solubleMarker,0,mvb,0,bead2,0,bead3,0,bead4,0,TfEn,0,pepEn,0,bead1,0
endosome30x,initOrgProp,area,14765.48547,volume,125663.7061,xcoor,25.40859172,ycoor,23.51790987,pH,7.920302653,,,,,,,,,,,,,,,,,,,,,,
endosome30x,initRabContent,RabE,14765.48547,,,,,,,,,,,,,,,,,,,,,,,,,,,,,,
endosome30x,initMembraneContent,EEA1,0.004960618,exCxEn,2.62E-07,R-TfaEn,3.87E-42,oMHCIEn,8.09E-06,membraneMarker,0,M6PR,1.028001895,cMHCIEn,1.48E-05,R-TfEn,1.77E-42,pepMHCIEn,0,REn,5.91E-07,imCxEn,2.62E-07,,,,,,,,,,
endosome30x,initSolubleContent,povaEn,0,NH3Cy,0,protonEn,0.509757553,FeEn,0,NH3En,0,NH4En,0,ovaEn,0,TfaEn,6.27E-10,solubleMarker,0,mvb,0,bead2,0,bead3,0,bead4,0,TfEn,0,pepEn,0,bead1,0
endosome31d,initOrgProp,area,10946.66024,volume,88505.3759,xcoor,23.55791329,ycoor,18.90919664,pH,7.741365503,,,,,,,,,,,,,,,,,,,,,,
endosome31d,initRabContent,RabE,10946.66024,,,,,,,,,,,,,,,,,,,,,,,,,,,,,,
endosome31d,initMembraneContent,EEA1,0.013900342,exCxEn,1.13E-06,R-TfaEn,9.93E-42,oMHCIEn,2.26E-05,membraneMarker,0,M6PR,22.02208843,cMHCIEn,4.37E-05,R-TfEn,2.33E-42,pepMHCIEn,0,REn,1.13E-06,imCxEn,1.13E-06,,,,,,,,,,
endosome31d,initSolubleContent,povaEn,0,NH3Cy,0,protonEn,0.605477221,FeEn,0,NH3En,0,NH4En,0,ovaEn,0,TfaEn,3.94E-08,solubleMarker,0,mvb,0,bead2,0,bead3,0,bead4,0,TfEn,0,pepEn,0,bead1,0
endosome32O,initOrgProp,area,10946.66024,volume,88505.3759,xcoor,24.38004532,ycoor,24.60540841,pH,7.741365503,,,,,,,,,,,,,,,,,,,,,,
endosome32O,initRabContent,RabE,10946.66024,,,,,,,,,,,,,,,,,,,,,,,,,,,,,,
endosome32O,initMembraneContent,EEA1,0.013900342,exCxEn,1.13E-06,R-TfaEn,9.93E-42,oMHCIEn,2.26E-05,membraneMarker,0,M6PR,22.02208843,cMHCIEn,4.37E-05,R-TfEn,2.33E-42,pepMHCIEn,0,REn,1.13E-06,imCxEn,1.13E-06,,,,,,,,,,
endosome32O,initSolubleContent,povaEn,0,NH3Cy,0,protonEn,0.605477221,FeEn,0,NH3En,0,NH4En,0,ovaEn,0,TfaEn,3.94E-08,solubleMarker,0,mvb,0,bead2,0,bead3,0,bead4,0,TfEn,0,pepEn,0,bead1,0
endosome33l,initOrgProp,area,7539.822369,volume,50265.48246,xcoor,29.72036537,ycoor,12.70637498,pH,7.231592703,,,,,,,,,,,,,,,,,,,,,,
endosome33l,initRabContent,RabI,1507.964474,RabG,965.0972632,RabH,1206.371579,RabE,3088.311242,RabF,772.0778105,,,,,,,,,,,,,,,,,,,,,,
endosome33l,initMembraneContent,EEA1,8.76E-05,exCxEn,2.58E-05,R-TfaEn,1.13E-45,oMHCIEn,8.50E-09,membraneMarker,0,M6PR,0.142877112,cMHCIEn,7.77E-09,R-TfEn,2.05E-46,pepMHCIEn,0,REn,1.51E-10,imCxEn,2.58E-05,,,,,,,,,,
endosome33l,initSolubleContent,povaEn,0,NH3Cy,0,protonEn,1.949016162,FeEn,0,NH3En,0,NH4En,0,ovaEn,0,TfaEn,1.02E-09,solubleMarker,0,mvb,0,bead2,0,bead3,0,bead4,0,TfEn,0,pepEn,0,bead1,0
endosome34X,initOrgProp,area,13972.05528,volume,116069.2905,xcoor,24.78760894,ycoor,22.76704151,pH,7.53451689,,,,,,,,,,,,,,,,,,,,,,
endosome34X,initRabContent,RabC,13972.05528,,,,,,,,,,,,,,,,,,,,,,,,,,,,,,
endosome34X,initMembraneContent,EEA1,1.09E-04,exCxEn,1.68E-05,R-TfaEn,3.66E-39,oMHCIEn,0.013977638,membraneMarker,0,M6PR,2.23E-04,cMHCIEn,0.014921749,R-TfEn,1.99E-39,pepMHCIEn,0,REn,6.20E-04,imCxEn,1.68E-05,,,,,,,,,,
endosome34X,initSolubleContent,povaEn,0,NH3Cy,0,protonEn,2.390005791,FeEn,0,NH3En,0,NH4En,0,ovaEn,0,TfaEn,5.78E-08,solubleMarker,0,mvb,0,bead2,0,bead3,0,bead4,0,TfEn,0,pepEn,0,bead1,0
endosome35u,initOrgProp,area,114447.0444,volume,3583802.294,xcoor,25.2124147,ycoor,21.08058976,pH,8.982212273,,,,,,,,,,,,,,,,,,,,,,
endosome35u,initRabContent,RabI,3027.743661,RabG,4719.357626,RabH,7049.386483,RabE,481.4473844,RabF,5501.75111,RabC,4521.130589,RabD,84724.98395,RabA,1892.685653,RabB,2528.55798,,,,,,,,,,,,,,
endosome35u,initMembraneContent,EEA1,1.218707861,exCxEn,1.33E-04,R-TfaEn,1.42E-39,oMHCIEn,0.003100575,membraneMarker,0,M6PR,64.98543002,cMHCIEn,0.00688052,R-TfEn,5.51E-40,pepMHCIEn,0,REn,2.01E-04,imCxEn,1.33E-04,,,,,,,,,,
endosome35u,initSolubleContent,povaEn,0,NH3Cy,0,protonEn,2.733634234,FeEn,0,NH3En,0,NH4En,0,ovaEn,0,TfaEn,3.19E-07,solubleMarker,0,mvb,10.22850494,bead2,0,bead3,0,bead4,0,TfEn,0,pepEn,0,bead1,0
endosome36n,initOrgProp,area,9660.39741,volume,83252.20532,xcoor,22.64416322,ycoor,18.98358653,pH,7.347537592,,,,,,,,,,,,,,,,,,,,,,
endosome36n,initRabContent,RabI,1932.079482,RabG,1236.530868,RabH,1545.663586,RabE,3956.898779,RabF,989.2246948,,,,,,,,,,,,,,,,,,,,,,
endosome36n,initMembraneContent,EEA1,0.001562533,exCxEn,1.69E-04,R-TfaEn,1.03E-42,oMHCIEn,2.41E-06,membraneMarker,0,M6PR,0.02178501,cMHCIEn,3.96E-06,R-TfEn,5.66E-43,pepMHCIEn,0,REn,1.76E-07,imCxEn,1.69E-04,,,,,,,,,,
endosome36n,initSolubleContent,povaEn,0,NH3Cy,0,protonEn,2.7398842,FeEn,0,NH3En,0,NH4En,0,ovaEn,0,TfaEn,1.81E-09,solubleMarker,0,mvb,0,bead2,0,bead3,0,bead4,0,TfEn,0,pepEn,0,bead1,0
endosome37f,initOrgProp,area,9424.777961,volume,75398.22369,xcoor,22.78406507,ycoor,20.93335077,pH,7.622576763,,,,,,,,,,,,,,,,,,,,,,
endosome37f,initRabContent,RabE,9424.777961,,,,,,,,,,,,,,,,,,,,,,,,,,,,,,
endosome37f,initMembraneContent,EEA1,0.02335077,exCxEn,4.83E-06,R-TfaEn,7.64E-42,oMHCIEn,1.67E-05,membraneMarker,0,M6PR,41.22604459,cMHCIEn,3.37E-05,R-TfEn,1.71E-42,pepMHCIEn,0,REn,8.53E-07,imCxEn,4.83E-06,,,,,,,,,,
endosome37f,initSolubleContent,povaEn,0,NH3Cy,0,protonEn,0.797977909,FeEn,0,NH3En,0,NH4En,0,ovaEn,0,TfaEn,1.14E-07,solubleMarker,0,mvb,0,bead2,0,bead3,0,bead4,0,TfEn,0,pepEn,0,bead1,0
endosome38h,initOrgProp,area,12566.37061,volume,100530.9649,xcoor,19.65360151,ycoor,19.84661474,pH,7.464817216,,,,,,,,,,,,,,,,,,,,,,
endosome38h,initRabContent,RabE,12566.37061,,,,,,,,,,,,,,,,,,,,,,,,,,,,,,
endosome38h,initMembraneContent,EEA1,0.020410984,exCxEn,1.06E-05,R-TfaEn,1.52E-41,oMHCIEn,2.52E-05,membraneMarker,0,M6PR,76.34620984,cMHCIEn,7.79E-05,R-TfEn,5.16E-42,pepMHCIEn,0,REn,2.04E-06,imCxEn,1.06E-05,,,,,,,,,,
endosome38h,initSolubleContent,povaEn,0,NH3Cy,0,protonEn,2.447328225,FeEn,0,NH3En,0,NH4En,0,ovaEn,0,TfaEn,3.04E-07,solubleMarker,0,mvb,0,bead2,0,bead3,0,bead4,0,TfEn,0,pepEn,0,bead1,0
endosome39Q,initOrgProp,area,7539.822369,volume,50265.48246,xcoor,21.56264125,ycoor,18.33037504,pH,7.242145659,,,,,,,,,,,,,,,,,,,,,,
endosome39Q,initRabContent,RabI,1507.964474,RabG,965.0972632,RabH,1206.371579,RabE,3088.311242,RabF,772.0778105,,,,,,,,,,,,,,,,,,,,,,
endosome39Q,initMembraneContent,EEA1,0.005757645,exCxEn,0.004263328,R-TfaEn,8.87E-42,oMHCIEn,1.46E-05,membraneMarker,0,M6PR,0.204321184,cMHCIEn,4.54E-05,R-TfEn,3.01E-42,pepMHCIEn,0,REn,1.19E-06,imCxEn,0.004263328,,,,,,,,,,
endosome39Q,initSolubleContent,povaEn,0,NH3Cy,0,protonEn,1.878221391,FeEn,0,NH3En,0,NH4En,0,ovaEn,0,TfaEn,1.91E-08,solubleMarker,0,mvb,0,bead2,0,bead3,0,bead4,0,TfEn,0,pepEn,0,bead1,0
endosome40G,initOrgProp,area,13883.24345,volume,114979.5776,xcoor,22.99268397,ycoor,19.59628009,pH,7.76123661,,,,,,,,,,,,,,,,,,,,,,
endosome40G,initRabContent,RabC,13883.24345,,,,,,,,,,,,,,,,,,,,,,,,,,,,,,
endosome40G,initMembraneContent,EEA1,0.056506929,exCxEn,4.29E-04,R-TfaEn,9.29E-39,oMHCIEn,0.023560124,membraneMarker,0,M6PR,0.022804598,cMHCIEn,0.042376219,R-TfEn,2.81E-39,pepMHCIEn,0,REn,0.001171566,imCxEn,4.29E-04,,,,,,,,,,
endosome40G,initSolubleContent,povaEn,0,NH3Cy,0,protonEn,0.992434709,FeEn,0,NH3En,0,NH4En,0,ovaEn,0,TfaEn,1.49E-07,solubleMarker,0,mvb,0,bead2,0,bead3,0,bead4,0,TfEn,0,pepEn,0,bead1,0
endosome41v,initOrgProp,area,14971.53993,volume,124582.6581,xcoor,22.96999972,ycoor,23.1875221,pH,7.320328682,,,,,,,,,,,,,,,,,,,,,,
endosome41v,initRabContent,RabC,14971.53993,,,,,,,,,,,,,,,,,,,,,,,,,,,,,,
endosome41v,initMembraneContent,,,,,,,,,,,,,,,,,,,,,,,,,,,,,,,,
endosome41v,initSolubleContent,protonEn,4.958389791,,,,,,,,,,,,,,,,,,,,,,,,,,,,,,
endosome42D,initOrgProp,area,7539.822369,volume,50265.48246,xcoor,25.10761537,ycoor,18.90249564,pH,7.393398886,,,,,,,,,,,,,,,,,,,,,,
endosome42D,initRabContent,RabE,7539.822369,,,,,,,,,,,,,,,,,,,,,,,,,,,,,,
endosome42D,initMembraneContent,EEA1,0.005607076,exCxEn,1.46E-05,R-TfaEn,5.94E-42,oMHCIEn,1.20E-05,membraneMarker,0,M6PR,33.66983963,cMHCIEn,3.25E-05,R-TfEn,2.10E-42,pepMHCIEn,0,REn,8.16E-07,imCxEn,1.46E-05,,,,,,,,,,
endosome42D,initSolubleContent,povaEn,0,NH3Cy,0,protonEn,1.031753281,FeEn,0,NH3En,0,NH4En,0,ovaEn,0,TfaEn,1.84E-07,solubleMarker,0,mvb,0,bead2,0,bead3,0,bead4,0,TfEn,0,pepEn,0,bead1,0
endosome43n,initOrgProp,area,11440.90676,volume,95874.8707,xcoor,22.98756721,ycoor,21.77440312,pH,7.526537042,,,,,,,,,,,,,,,,,,,,,,
endosome43n,initRabContent,RabC,11440.90676,,,,,,,,,,,,,,,,,,,,,,,,,,,,,,
endosome43n,initMembraneContent,EEA1,0.007978198,exCxEn,1.45E-05,R-TfaEn,2.85E-39,oMHCIEn,0.009593349,membraneMarker,0,M6PR,0.002631679,cMHCIEn,0.011703076,R-TfEn,1.53E-39,pepMHCIEn,0,REn,4.78E-04,imCxEn,1.45E-05,,,,,,,,,,
endosome43n,initSolubleContent,povaEn,0,NH3Cy,0,protonEn,1.852119709,FeEn,0,NH3En,0,NH4En,0,ovaEn,0,TfaEn,3.90E-08,solubleMarker,0,mvb,0,bead2,0,bead3,0,bead4,0,TfEn,0,pepEn,0,bead1,0
endosome44a,initOrgProp,area,109122.0821,volume,3174046.973,xcoor,47.64493043,ycoor,42.11949973,pH,7.702767567,,,,,,,,,,,,,,,,,,,,,,
endosome44a,initRabContent,RabA,3047.850789,RabB,59870.87299,RabC,41489.55142,RabD,4713.806889,,,,,,,,,,,,,,,,,,,,,,,,
endosome44a,initMembraneContent,EEA1,0.639122672,exCxEn,5.34E-07,R-TfaEn,7.07E-39,oMHCIEn,0.005179151,membraneMarker,0,M6PR,2.304406893,cMHCIEn,0.051368235,R-TfEn,3.99E-39,pepMHCIEn,0,REn,0.001222716,imCxEn,5.34E-07,,,,,,,,,,
endosome44a,initSolubleContent,povaEn,0,NH3Cy,0,protonEn,61.92826857,FeEn,0,NH3En,0,NH4En,0,ovaEn,0,TfaEn,1.55E-06,solubleMarker,0,mvb,12.01941047,bead2,0,bead3,0,bead4,0,TfEn,0,pepEn,0,bead1,0
endosome45I,initOrgProp,area,12566.37061,volume,100530.9649,xcoor,22.49479266,ycoor,20.10568364,pH,7.998204502,,,,,,,,,,,,,,,,,,,,,,
endosome45I,initRabContent,RabC,12566.37061,,,,,,,,,,,,,,,,,,,,,,,,,,,,,,
endosome45I,initMembraneContent,EEA1,0.004189857,exCxEn,3.62E-05,R-TfaEn,2.86E-39,oMHCIEn,0.009537086,membraneMarker,0,M6PR,1.84E-04,R-TfEn,7.15E-40,cMHCIEn,0.012519948,pepMHCIEn,0,REn,3.32E-04,imCxEn,3.62E-05,,,,,,,,,,
endosome45I,initSolubleContent,povaEn,0,NH3Cy,0,protonEn,0.009474491,FeEn,0,NH3En,0,NH4En,0,ovaEn,0,TfaEn,8.97E-10,solubleMarker,0,bead2,0,mvb,0,bead3,0,bead4,0,TfEn,0,pepEn,0,bead1,0
endosome46b,initOrgProp,area,7539.822369,volume,50265.48246,xcoor,49.33440348,ycoor,44.32792169,pH,7.224066642,,,,,,,,,,,,,,,,,,,,,,
endosome46b,initRabContent,RabD,1002.808786,RabA,2992.546811,RabB,3544.466772,,,,,,,,,,,,,,,,,,,,,,,,,,
endosome46b,initMembraneContent,,,,,,,,,,,,,,,,,,,,,,,,,,,,,,,,
endosome46b,initSolubleContent,protonEn,2.000566202,,,,,,,,,,,,,,,,,,,,,,,,,,,,,,
endosome47t,initOrgProp,area,7539.822369,volume,50265.48246,xcoor,30.54248434,ycoor,14.87677572,pH,7.224066642,,,,,,,,,,,,,,,,,,,,,,
endosome47t,initRabContent,RabD,2043.32779,RabA,2693.282344,RabB,2803.212235,,,,,,,,,,,,,,,,,,,,,,,,,,
endosome47t,initMembraneContent,,,,,,,,,,,,,,,,,,,,,,,,,,,,,,,,
endosome47t,initSolubleContent,protonEn,2.000566202,,,,,,,,,,,,,,,,,,,,,,,,,,,,,,
endosome48w,initOrgProp,area,9424.777961,volume,75398.22369,xcoor,21.5695352,ycoor,21.04668491,pH,7.275208921,,,,,,,,,,,,,,,,,,,,,,
endosome48w,initRabContent,RabI,1884.955592,RabG,1206.371579,RabH,1507.964474,RabE,3860.389053,RabF,965.0972632,,,,,,,,,,,,,,,,,,,,,,
endosome48w,initMembraneContent,EEA1,0,exCxEn,1.35E-06,R-TfaEn,3.15E-46,oMHCIEn,3.18E-11,membraneMarker,0,M6PR,0.003325065,cMHCIEn,5.11E-09,R-TfEn,4.46E-47,pepMHCIEn,0,REn,7.68E-11,imCxEn,1.35E-06,,,,,,,,,,
endosome48w,initSolubleContent,povaEn,0,NH3Cy,0,protonEn,3.000849303,FeEn,0,NH3En,0,NH4En,0,ovaEn,0,TfaEn,1.56E-09,solubleMarker,0,mvb,0,bead2,0,bead3,0,bead4,0,TfEn,0,pepEn,0,bead1,0
endosome49L,initOrgProp,area,12897.61689,volume,115533.4578,xcoor,24.03878074,ycoor,20.10561758,pH,7.959057753,,,,,,,,,,,,,,,,,,,,,,
endosome49L,initRabContent,RabE,12897.61689,,,,,,,,,,,,,,,,,,,,,,,,,,,,,,
endosome49L,initMembraneContent,EEA1,0.014430044,exCxEn,4.02E-06,R-TfaEn,4.21E-42,oMHCIEn,1.02E-05,membraneMarker,0,M6PR,20.05085126,cMHCIEn,1.96E-05,R-TfEn,1.38E-42,pepMHCIEn,0,REn,5.51E-07,imCxEn,4.02E-06,,,,,,,,,,
endosome49L,initSolubleContent,povaEn,0,NH3Cy,0,protonEn,0.269550609,FeEn,0,NH3En,0,NH4En,0,ovaEn,0,TfaEn,3.06E-08,solubleMarker,0,mvb,0,bead2,0,bead3,0,bead4,0,TfEn,0,pepEn,0,bead1,0
endosome50K,initOrgProp,area,7539.822369,volume,50265.48246,xcoor,31.31645419,ycoor,4.978074656,pH,7.224066642,,,,,,,,,,,,,,,,,,,,,,
endosome50K,initRabContent,RabC,3979.80956,RabB,3560.012809,,,,,,,,,,,,,,,,,,,,,,,,,,,,
endosome50K,initMembraneContent,,,,,,,,,,,,,,,,,,,,,,,,,,,,,,,,
endosome50K,initSolubleContent,protonEn,2.000566202,,,,,,,,,,,,,,,,,,,,,,,,,,,,,,
endosome51H,initOrgProp,area,13823.00768,volume,113097.3355,xcoor,23.55381889,ycoor,10.88525028,pH,7.312989101,,,,,,,,,,,,,,,,,,,,,,
endosome51H,initRabContent,RabC,7296.317527,RabB,6526.690149,,,,,,,,,,,,,,,,,,,,,,,,,,,,
endosome51H,initMembraneContent,,,,,,,,,,,,,,,,,,,,,,,,,,,,,,,,
endosome51H,initSolubleContent,protonEn,4.501273954,,,,,,,,,,,,,,,,,,,,,,,,,,,,,,
endosome52q,initOrgProp,area,7539.822369,volume,50265.48246,xcoor,23.24572784,ycoor,21.25384716,pH,7.224066642,,,,,,,,,,,,,,,,,,,,,,
endosome52q,initRabContent,RabI,1507.964474,RabG,965.0972632,RabH,1206.371579,RabE,3088.311242,RabF,772.0778105,,,,,,,,,,,,,,,,,,,,,,
endosome52q,initMembraneContent,EEA1,0,exCxEn,1.08E-06,R-TfaEn,2.52E-46,oMHCIEn,2.55E-11,membraneMarker,0,M6PR,0.002659183,cMHCIEn,4.09E-09,R-TfEn,3.57E-47,pepMHCIEn,0,REn,6.15E-11,imCxEn,1.08E-06,,,,,,,,,,
endosome52q,initSolubleContent,povaEn,0,NH3Cy,0,protonEn,2.000566202,FeEn,0,NH3En,0,NH4En,0,ovaEn,0,TfaEn,1.04E-09,solubleMarker,0,mvb,0,bead2,0,bead3,0,bead4,0,TfEn,0,pepEn,0,bead1,0
endosome53y,initOrgProp,area,10053.09649,volume,87964.5943,xcoor,22.40347701,ycoor,16.40434243,pH,7.290999774,,,,,,,,,,,,,,,,,,,,,,
endosome53y,initRabContent,RabI,2010.619298,RabG,1286.796351,RabH,1608.495439,RabE,4117.748323,RabF,1029.437081,,,,,,,,,,,,,,,,,,,,,,
endosome53y,initMembraneContent,EEA1,0,exCxEn,1.44E-06,R-TfaEn,3.36E-46,oMHCIEn,3.40E-11,membraneMarker,0,M6PR,0.003545577,cMHCIEn,5.45E-09,R-TfEn,4.76E-47,pepMHCIEn,0,REn,8.19E-11,imCxEn,1.44E-06,,,,,,,,,,
endosome53y,initSolubleContent,povaEn,0,NH3Cy,0,protonEn,3.500990853,FeEn,0,NH3En,0,NH4En,0,ovaEn,0,TfaEn,1.82E-09,solubleMarker,0,mvb,0,bead2,0,bead3,0,bead4,0,TfEn,0,pepEn,0,bead1,0
endosome54q,initOrgProp,area,10053.09649,volume,87964.5943,xcoor,20.30206386,ycoor,20.77465665,pH,7.290999774,,,,,,,,,,,,,,,,,,,,,,
endosome54q,initRabContent,RabI,2010.619298,RabG,1286.796351,RabH,1608.495439,RabE,4117.748323,RabF,1029.437081,,,,,,,,,,,,,,,,,,,,,,
endosome54q,initMembraneContent,EEA1,0,exCxEn,1.44E-06,R-TfaEn,3.36E-46,oMHCIEn,3.40E-11,membraneMarker,0,M6PR,0.003545577,cMHCIEn,5.45E-09,R-TfEn,4.76E-47,pepMHCIEn,0,REn,8.19E-11,imCxEn,1.44E-06,,,,,,,,,,
endosome54q,initSolubleContent,povaEn,0,NH3Cy,0,protonEn,3.500990853,FeEn,0,NH3En,0,NH4En,0,ovaEn,0,TfaEn,1.82E-09,solubleMarker,0,mvb,0,bead2,0,bead3,0,bead4,0,TfEn,0,pepEn,0,bead1,0
endosome55m,initOrgProp,area,7539.822369,volume,50265.48246,xcoor,42.26466186,ycoor,40.39264684,pH,7.224066642,,,,,,,,,,,,,,,,,,,,,,
endosome55m,initRabContent,RabC,3979.80956,RabB,3560.012809,,,,,,,,,,,,,,,,,,,,,,,,,,,,
endosome55m,initMembraneContent,,,,,,,,,,,,,,,,,,,,,,,,,,,,,,,,
endosome55m,initSolubleContent,protonEn,2.000566202,,,,,,,,,,,,,,,,,,,,,,,,,,,,,,
endosome56e,initOrgProp,area,7539.822369,volume,50265.48246,xcoor,19.52540117,ycoor,12.18924478,pH,7.679265534,,,,,,,,,,,,,,,,,,,,,,
endosome56e,initRabContent,RabI,1507.964474,RabG,965.0972632,RabH,1206.371579,RabE,3088.311242,RabF,772.0778105,,,,,,,,,,,,,,,,,,,,,,
endosome56e,initMembraneContent,EEA1,0.004956008,exCxEn,2.07E-05,R-TfaEn,8.45E-42,oMHCIEn,3.29E-05,membraneMarker,0,M6PR,0.011303548,cMHCIEn,4.16E-05,R-TfEn,4.84E-42,pepMHCIEn,0,REn,1.47E-06,imCxEn,2.07E-05,,,,,,,,,,
endosome56e,initSolubleContent,povaEn,0,NH3Cy,0,protonEn,0.051972341,FeEn,0,NH3En,0,NH4En,0,ovaEn,0,TfaEn,4.30E-09,solubleMarker,0,mvb,0,bead2,0,bead3,0,bead4,0,TfEn,0,pepEn,0,bead1,0
endosome57H,initOrgProp,area,9746.820644,volume,74986.72973,xcoor,23.0167293,ycoor,24.50393573,pH,7.628990598,,,,,,,,,,,,,,,,,,,,,,
endosome57H,initRabContent,RabG,1206.371579,RabH,1507.964474,RabE,6067.387328,RabF,965.0972632,,,,,,,,,,,,,,,,,,,,,,,,
endosome57H,initMembraneContent,EEA1,0.016969214,exCxEn,1.20E-06,R-TfaEn,1.67E-42,oMHCIEn,7.27E-06,membraneMarker,0,M6PR,16.401747,cMHCIEn,7.79E-06,R-TfEn,5.87E-43,pepMHCIEn,0,REn,2.27E-07,imCxEn,1.20E-06,,,,,,,,,,
endosome57H,initSolubleContent,povaEn,0,NH3Cy,0,protonEn,0.761950959,FeEn,0,NH3En,0,NH4En,0,ovaEn,0,TfaEn,4.12E-08,solubleMarker,0,mvb,0,bead2,0,bead3,0,bead4,0,TfEn,0,pepEn,0,bead1,0
endosome58Z,initOrgProp,area,7539.822369,volume,50265.48246,xcoor,23.30025716,ycoor,20.48050777,pH,7.700419246,,,,,,,,,,,,,,,,,,,,,,
endosome58Z,initRabContent,RabC,7539.822369,,,,,,,,,,,,,,,,,,,,,,,,,,,,,,
endosome58Z,initMembraneContent,EEA1,0.0030553,exCxEn,8.03E-08,R-TfaEn,2.38E-40,oMHCIEn,0.001154167,membraneMarker,0,M6PR,7.43E-05,cMHCIEn,0.001369056,R-TfEn,1.36E-40,pepMHCIEn,0,REn,4.16E-05,imCxEn,8.03E-08,,,,,,,,,,
endosome58Z,initSolubleContent,povaEn,0,NH3Cy,0,protonEn,0.00196052,FeEn,0,NH3En,0,NH4En,0,ovaEn,0,TfaEn,1.86E-10,solubleMarker,0,mvb,0,bead2,0,bead3,0,bead4,0,TfEn,0,pepEn,0,bead1,0
endosome59r,initOrgProp,area,12629.7138,volume,101164.3967,xcoor,0.993645663,ycoor,4.42043924,pH,7.303775575,,,,,,,,,,,,,,,,,,,,,,
endosome59r,initRabContent,RabA,1413.981812,RabB,2914.261989,RabC,6516.909627,RabD,1784.560369,,,,,,,,,,,,,,,,,,,,,,,,
endosome59r,initMembraneContent,,,,,,,,,,,,,,,,,,,,,,,,,,,,,,,,
endosome59r,initSolubleContent,protonEn,4.02634299,,,,,,,,,,,,,,,,,,,,,,,,,,,,,,
endosome60M,initOrgProp,area,9439.420715,volume,75460.66055,xcoor,24.71773602,ycoor,21.51115314,pH,7.574546142,,,,,,,,,,,,,,,,,,,,,,
endosome60M,initRabContent,RabC,9439.420715,,,,,,,,,,,,,,,,,,,,,,,,,,,,,,
endosome60M,initMembraneContent,EEA1,0.006218153,exCxEn,9.83E-06,R-TfaEn,2.90E-39,oMHCIEn,0.010725082,membraneMarker,0,M6PR,0.001354408,cMHCIEn,0.012115299,R-TfEn,1.53E-39,pepMHCIEn,0,REn,4.84E-04,imCxEn,9.83E-06,,,,,,,,,,
endosome60M,initSolubleContent,povaEn,0,NH3Cy,0,protonEn,1.009900046,FeEn,0,NH3En,0,NH4En,0,ovaEn,0,TfaEn,2.71E-08,solubleMarker,0,mvb,0,bead2,0,bead3,0,bead4,0,TfEn,0,pepEn,0,bead1,0
endosome61t,initOrgProp,area,13823.00768,volume,125663.7061,xcoor,18.17226352,ycoor,8.426415274,pH,7.96385024,,,,,,,,,,,,,,,,,,,,,,
endosome61t,initRabContent,RabI,2764.601535,RabG,1769.344983,RabH,2211.681228,RabE,5661.903944,RabF,1415.475986,,,,,,,,,,,,,,,,,,,,,,
endosome61t,initMembraneContent,EEA1,0.005195144,exCxEn,1.76E-06,R-TfaEn,9.89E-44,oMHCIEn,4.25E-06,membraneMarker,0,M6PR,0.001245265,cMHCIEn,4.86E-07,R-TfEn,5.58E-44,pepMHCIEn,0,REn,1.71E-08,imCxEn,1.76E-06,,,,,,,,,,
endosome61t,initSolubleContent,povaEn,0,NH3Cy,0,protonEn,0.365713568,FeEn,0,NH3En,0,NH4En,0,ovaEn,0,TfaEn,1.66E-09,solubleMarker,0,mvb,0,bead2,0,bead3,0,bead4,0,TfEn,0,pepEn,0,bead1,0
endosome62y,initOrgProp,area,9370.043725,volume,77379.61132,xcoor,25.67702268,ycoor,22.68833691,pH,7.670839436,,,,,,,,,,,,,,,,,,,,,,
endosome62y,initRabContent,RabE,9370.043725,,,,,,,,,,,,,,,,,,,,,,,,,,,,,,
endosome62y,initMembraneContent,EEA1,0.007422125,exCxEn,4.07E-06,R-TfaEn,3.83E-42,oMHCIEn,9.38E-06,membraneMarker,0,M6PR,21.30114325,cMHCIEn,1.82E-05,R-TfEn,1.28E-42,pepMHCIEn,0,REn,5.09E-07,imCxEn,4.07E-06,,,,,,,,,,
endosome62y,initSolubleContent,povaEn,0,NH3Cy,0,protonEn,0.651152202,FeEn,0,NH3En,0,NH4En,0,ovaEn,0,TfaEn,3.23E-08,solubleMarker,0,mvb,0,bead2,0,bead3,0,bead4,0,TfEn,0,pepEn,0,bead1,0
endosome63O,initOrgProp,area,10492.69579,volume,82915.77578,xcoor,19.56569561,ycoor,21.84764747,pH,7.652368265,,,,,,,,,,,,,,,,,,,,,,
endosome63O,initRabContent,RabC,10492.69579,,,,,,,,,,,,,,,,,,,,,,,,,,,,,,
endosome63O,initMembraneContent,EEA1,0.002092681,exCxEn,4.88E-05,R-TfaEn,1.68E-39,oMHCIEn,0.008223212,membraneMarker,0,M6PR,0.002372573,cMHCIEn,0.008567804,R-TfEn,9.10E-40,pepMHCIEn,0,REn,2.85E-04,imCxEn,4.88E-05,,,,,,,,,,
endosome63O,initSolubleContent,povaEn,0,NH3Cy,0,protonEn,0.846158155,FeEn,0,NH3En,0,NH4En,0,ovaEn,0,TfaEn,7.28E-09,solubleMarker,0,mvb,0,bead2,0,bead3,0,bead4,0,TfEn,0,pepEn,0,bead1,0
endosome64I,initOrgProp,area,13040.35333,volume,105270.7921,xcoor,48.01813309,ycoor,49.27262028,pH,7.30715915,,,,,,,,,,,,,,,,,,,,,,
endosome64I,initRabContent,RabC,6883.202325,RabB,6157.151007,,,,,,,,,,,,,,,,,,,,,,,,,,,,
endosome64I,initMembraneContent,,,,,,,,,,,,,,,,,,,,,,,,,,,,,,,,
endosome64I,initSolubleContent,protonEn,4.189777525,,,,,,,,,,,,,,,,,,,,,,,,,,,,,,
endosome65Z,initOrgProp,area,7539.822369,volume,50265.48246,xcoor,30.82939473,ycoor,0.637118886,pH,7.224066642,,,,,,,,,,,,,,,,,,,,,,
endosome65Z,initRabContent,RabC,3979.80956,RabB,3560.012809,,,,,,,,,,,,,,,,,,,,,,,,,,,,
endosome65Z,initMembraneContent,,,,,,,,,,,,,,,,,,,,,,,,,,,,,,,,
endosome65Z,initSolubleContent,protonEn,2.000566202,,,,,,,,,,,,,,,,,,,,,,,,,,,,,,
endosome66J,initOrgProp,area,7539.822369,volume,50265.48246,xcoor,19.73529327,ycoor,19.13850734,pH,7.223941686,,,,,,,,,,,,,,,,,,,,,,
endosome66J,initRabContent,RabI,1507.964474,RabG,965.0972632,RabH,1206.371579,RabE,3088.311242,RabF,772.0778105,,,,,,,,,,,,,,,,,,,,,,
endosome66J,initMembraneContent,EEA1,0,exCxEn,1.69E-06,R-TfaEn,2.53E-46,oMHCIEn,2.96E-11,membraneMarker,0,M6PR,0.002657625,cMHCIEn,4.09E-09,R-TfEn,3.59E-47,pepMHCIEn,0,REn,6.15E-11,imCxEn,1.69E-06,,,,,,,,,,
endosome66J,initSolubleContent,povaEn,0,NH3Cy,0,protonEn,2.001429657,FeEn,0,NH3En,0,NH4En,0,ovaEn,0,TfaEn,1.04E-09,solubleMarker,0,mvb,0,bead2,0,bead3,0,bead4,0,TfEn,0,pepEn,0,bead1,0
endosome67Y,initOrgProp,area,13316.06859,volume,108966.5895,xcoor,25.68970917,ycoor,22.58269957,pH,7.844751903,,,,,,,,,,,,,,,,,,,,,,
endosome67Y,initRabContent,RabC,13316.06859,,,,,,,,,,,,,,,,,,,,,,,,,,,,,,
endosome67Y,initMembraneContent,EEA1,0.00208365,exCxEn,9.48E-06,R-TfaEn,1.61E-39,oMHCIEn,0.009317112,membraneMarker,0,M6PR,3.94E-04,cMHCIEn,0.006982728,R-TfEn,8.84E-40,pepMHCIEn,0,REn,2.74E-04,imCxEn,9.48E-06,,,,,,,,,,
endosome67Y,initSolubleContent,povaEn,0,NH3Cy,0,protonEn,0.557906737,FeEn,0,NH3En,0,NH4En,0,ovaEn,0,TfaEn,2.10E-08,solubleMarker,0,mvb,0,bead2,0,bead3,0,bead4,0,TfEn,0,pepEn,0,bead1,0
endosome68c,initOrgProp,area,9185.405382,volume,66721.31259,xcoor,43.59654571,ycoor,46.019307,pH,7.261316814,,,,,,,,,,,,,,,,,,,,,,
endosome68c,initRabContent,RabC,4848.411854,RabB,4336.993527,,,,,,,,,,,,,,,,,,,,,,,,,,,,
endosome68c,initMembraneContent,,,,,,,,,,,,,,,,,,,,,,,,,,,,,,,,
endosome68c,initSolubleContent,protonEn,2.655508241,,,,,,,,,,,,,,,,,,,,,,,,,,,,,,
endosome69L,initOrgProp,area,12566.37061,volume,100530.9649,xcoor,23.191706,ycoor,2.976745964,pH,7.963249779,,,,,,,,,,,,,,,,,,,,,,
endosome69L,initRabContent,RabG,2010.619298,RabH,2513.274123,RabE,6433.981755,RabF,1608.495439,,,,,,,,,,,,,,,,,,,,,,,,
endosome69L,initMembraneContent,EEA1,0.004662435,exCxEn,5.60E-06,R-TfaEn,1.46E-42,oMHCIEn,7.24E-06,membraneMarker,0,M6PR,0.008297283,cMHCIEn,6.67E-06,R-TfEn,7.95E-43,pepMHCIEn,0,REn,2.49E-07,imCxEn,5.60E-06,,,,,,,,,,
endosome69L,initSolubleContent,povaEn,0,NH3Cy,0,protonEn,0.094082502,FeEn,0,NH3En,0,NH4En,0,ovaEn,0,TfaEn,8.41E-09,solubleMarker,0,mvb,0,bead2,0,bead3,0,bead4,0,TfEn,0,pepEn,0,bead1,0
endosome70I,initOrgProp,area,12566.37061,volume,100530.9649,xcoor,26.65964393,ycoor,18.97639145,pH,7.995258085,,,,,,,,,,,,,,,,,,,,,,
endosome70I,initRabContent,RabE,12566.37061,,,,,,,,,,,,,,,,,,,,,,,,,,,,,,
endosome70I,initMembraneContent,EEA1,8.59E-05,exCxEn,2.68E-07,R-TfaEn,9.37E-44,oMHCIEn,5.98E-07,membraneMarker,0,M6PR,7.938352131,R-TfEn,3.61E-44,cMHCIEn,5.03E-07,pepMHCIEn,0,REn,1.34E-08,imCxEn,2.68E-07,,,,,,,,,,
endosome70I,initSolubleContent,povaEn,0,NH3Cy,0,protonEn,0.01634643,FeEn,0,NH3En,0,NH4En,0,ovaEn,0,TfaEn,3.78E-09,solubleMarker,0,bead2,0,mvb,0,bead3,0,bead4,0,TfEn,0,pepEn,0,bead1,0
endosome71U,initOrgProp,area,11418.90464,volume,89056.30512,xcoor,40.38902347,ycoor,38.10864512,pH,7.292184209,,,,,,,,,,,,,,,,,,,,,,
endosome71U,initRabContent,RabC,6027.339055,RabB,5391.56558,,,,,,,,,,,,,,,,,,,,,,,,,,,,
endosome71U,initMembraneContent,,,,,,,,,,,,,,,,,,,,,,,,,,,,,,,,
endosome71U,initSolubleContent,protonEn,3.544440944,,,,,,,,,,,,,,,,,,,,,,,,,,,,,,
endosome72t,initOrgProp,area,11418.90464,volume,89056.30512,xcoor,40.12410416,ycoor,40.72889691,pH,7.292184209,,,,,,,,,,,,,,,,,,,,,,
endosome72t,initRabContent,RabC,6027.339055,RabB,5391.56558,,,,,,,,,,,,,,,,,,,,,,,,,,,,
endosome72t,initMembraneContent,,,,,,,,,,,,,,,,,,,,,,,,,,,,,,,,
endosome72t,initSolubleContent,protonEn,3.544440944,,,,,,,,,,,,,,,,,,,,,,,,,,,,,,
endosome73g,initOrgProp,area,11418.90464,volume,89056.30512,xcoor,49.09589067,ycoor,44.76778756,pH,7.292184209,,,,,,,,,,,,,,,,,,,,,,
endosome73g,initRabContent,RabC,6027.339055,RabB,5391.56558,,,,,,,,,,,,,,,,,,,,,,,,,,,,
endosome73g,initMembraneContent,,,,,,,,,,,,,,,,,,,,,,,,,,,,,,,,
endosome73g,initSolubleContent,protonEn,3.544440944,,,,,,,,,,,,,,,,,,,,,,,,,,,,,,
endosome74x,initOrgProp,area,7539.822369,volume,50265.48246,xcoor,23.48525138,ycoor,20.5583237,pH,7.692872934,,,,,,,,,,,,,,,,,,,,,,
endosome74x,initRabContent,RabC,7539.822369,,,,,,,,,,,,,,,,,,,,,,,,,,,,,,
endosome74x,initMembraneContent,EEA1,0.017751092,exCxEn,3.64E-05,R-TfaEn,2.51E-39,oMHCIEn,0.010281125,membraneMarker,0,M6PR,0.00370083,cMHCIEn,0.011782898,R-TfEn,8.65E-40,pepMHCIEn,0,REn,3.36E-04,imCxEn,3.64E-05,,,,,,,,,,
endosome74x,initSolubleContent,povaEn,0,NH3Cy,0,protonEn,0.01952275,FeEn,0,NH3En,0,NH4En,0,ovaEn,0,TfaEn,1.71E-09,solubleMarker,0,mvb,0,bead2,0,bead3,0,bead4,0,TfEn,0,pepEn,0,bead1,0
endosome75v,initOrgProp,area,12015.66844,volume,95023.9432,xcoor,47.10221778,ycoor,0.446415095,pH,7.298227751,,,,,,,,,,,,,,,,,,,,,,
endosome75v,initRabContent,RabC,5849.000625,RabB,6166.667818,,,,,,,,,,,,,,,,,,,,,,,,,,,,
endosome75v,initMembraneContent,,,,,,,,,,,,,,,,,,,,,,,,,,,,,,,,
endosome75v,initSolubleContent,protonEn,3.781952939,,,,,,,,,,,,,,,,,,,,,,,,,,,,,,
endosome76J,initOrgProp,area,15315.96111,volume,128026.8699,xcoor,42.21146064,ycoor,15.12898684,pH,7.322293971,,,,,,,,,,,,,,,,,,,,,,
endosome76J,initRabContent,RabC,8084.356032,RabB,7231.605078,,,,,,,,,,,,,,,,,,,,,,,,,,,,
endosome76J,initMembraneContent,,,,,,,,,,,,,,,,,,,,,,,,,,,,,,,,
endosome76J,initSolubleContent,protonEn,5.095469421,,,,,,,,,,,,,,,,,,,,,,,,,,,,,,
endosome77h,initOrgProp,area,12566.37061,volume,100530.9649,xcoor,36.93136968,ycoor,32.21753993,pH,7.303231498,,,,,,,,,,,,,,,,,,,,,,
endosome77h,initRabContent,RabC,6633.015934,RabB,5933.354681,,,,,,,,,,,,,,,,,,,,,,,,,,,,
endosome77h,initMembraneContent,,,,,,,,,,,,,,,,,,,,,,,,,,,,,,,,
endosome77h,initSolubleContent,protonEn,4.001132404,,,,,,,,,,,,,,,,,,,,,,,,,,,,,,
endosome78c,initOrgProp,area,7539.822369,volume,50265.48246,xcoor,22.66762961,ycoor,2.988269671,pH,7.39785559,,,,,,,,,,,,,,,,,,,,,,
endosome78c,initRabContent,RabC,7539.822369,,,,,,,,,,,,,,,,,,,,,,,,,,,,,,
endosome78c,initMembraneContent,EEA1,0.00216791,exCxEn,1.22E-05,R-TfaEn,1.01E-38,oMHCIEn,0.035427099,membraneMarker,0,M6PR,0.004458997,cMHCIEn,0.056794377,R-TfEn,5.54E-39,pepMHCIEn,0,REn,0.001722302,imCxEn,1.22E-05,,,,,,,,,,
endosome78c,initSolubleContent,povaEn,0,NH3Cy,0,protonEn,1.011010162,FeEn,0,NH3En,0,NH4En,0,ovaEn,0,TfaEn,9.03E-08,solubleMarker,0,mvb,0,bead2,0,bead3,0,bead4,0,TfEn,0,pepEn,0,bead1,0
endosome79A,initOrgProp,area,13256.83697,volume,104754.2017,xcoor,25.82677149,ycoor,23.99221378,pH,7.65130849,,,,,,,,,,,,,,,,,,,,,,
endosome79A,initRabContent,RabC,13256.83697,,,,,,,,,,,,,,,,,,,,,,,,,,,,,,
endosome79A,initMembraneContent,EEA1,0.012954108,exCxEn,3.89E-05,R-TfaEn,3.64E-39,oMHCIEn,0.015014548,membraneMarker,0,M6PR,0.006411549,cMHCIEn,0.014972485,R-TfEn,1.96E-39,pepMHCIEn,0,REn,6.18E-04,imCxEn,3.89E-05,,,,,,,,,,
endosome79A,initSolubleContent,povaEn,0,NH3Cy,0,protonEn,1.338099351,FeEn,0,NH3En,0,NH4En,0,ovaEn,0,TfaEn,6.36E-08,solubleMarker,0,mvb,0,bead2,0,bead3,0,bead4,0,TfEn,0,pepEn,0,bead1,0
endosome80g,initOrgProp,area,9815.558806,volume,84023.75636,xcoor,22.73887447,ycoor,23.3156774,pH,7.855624901,,,,,,,,,,,,,,,,,,,,,,
endosome80g,initRabContent,RabC,400.4747993,RabA,4809.623815,RabB,4605.460192,,,,,,,,,,,,,,,,,,,,,,,,,,
endosome80g,initMembraneContent,EEA1,0.659604101,exCxEn,4.38E-08,R-TfaEn,1.03E-42,oMHCIEn,3.91E-06,membraneMarker,0,M6PR,0.066558995,cMHCIEn,4.63E-06,R-TfEn,5.37E-43,pepMHCIEn,0,REn,1.70E-07,imCxEn,4.38E-08,,,,,,,,,,
endosome80g,initSolubleContent,povaEn,0,NH3Cy,0,protonEn,0.171594144,FeEn,0,NH3En,0,NH4En,0,ovaEn,0,TfaEn,6.34E-09,solubleMarker,0,mvb,0,bead2,0,bead3,0,bead4,0,TfEn,0,pepEn,0,bead1,0
endosome81C,initOrgProp,area,11309.73355,volume,100530.9649,xcoor,21.04364306,ycoor,9.2833741,pH,7.3098879,,,,,,,,,,,,,,,,,,,,,,
endosome81C,initRabContent,RabI,2261.946711,RabG,1447.645895,RabH,1809.557368,RabE,4632.466863,RabF,1158.116716,,,,,,,,,,,,,,,,,,,,,,
endosome81C,initMembraneContent,EEA1,0.001230324,exCxEn,1.39E-05,R-TfaEn,1.90E-43,oMHCIEn,7.20E-07,membraneMarker,0,M6PR,3.94E-04,cMHCIEn,9.31E-07,R-TfEn,6.70E-44,pepMHCIEn,0,REn,2.58E-08,imCxEn,1.39E-05,,,,,,,,,,
endosome81C,initSolubleContent,povaEn,0,NH3Cy,0,protonEn,3.925064824,FeEn,0,NH3En,0,NH4En,0,ovaEn,0,TfaEn,2.26E-09,solubleMarker,0,mvb,0,bead2,0,bead3,0,bead4,0,TfEn,0,pepEn,0,bead1,0
endosome82g,initOrgProp,area,13815.20826,volume,117926.2432,xcoor,34.13932075,ycoor,31.54979479,pH,7.391937883,,,,,,,,,,,,,,,,,,,,,,
endosome82g,initRabContent,RabA,0,RabB,5760.996289,RabC,2163.426365,RabD,5890.785609,,,,,,,,,,,,,,,,,,,,,,,,
endosome82g,initMembraneContent,EEA1,7.74E-06,R-TfaEn,3.92E-39,exCxEn,1.86E-06,oMHCIEn,7.64E-05,membraneMarker,0,M6PR,0.003024645,pepMHCIEn,0,R-TfEn,2.21E-39,cMHCIEn,0.025436996,REn,6.78E-04,imCxEn,1.86E-06,,,,,,,,,,
endosome82g,initSolubleContent,povaEn,0,NH3Cy,0,protonEn,3.782693838,FeEn,0,NH3En,0,NH4En,0,ovaEn,0,solubleMarker,0,TfaEn,7.01E-08,bead2,0,mvb,0,bead3,0,bead4,0,TfEn,0,pepEn,0,bead1,0
endosome83t,initOrgProp,area,7539.822369,volume,50265.48246,xcoor,35.52364939,ycoor,31.49665292,pH,7.224066642,,,,,,,,,,,,,,,,,,,,,,
endosome83t,initRabContent,RabC,3979.80956,RabB,3560.012809,,,,,,,,,,,,,,,,,,,,,,,,,,,,
endosome83t,initMembraneContent,,,,,,,,,,,,,,,,,,,,,,,,,,,,,,,,
endosome83t,initSolubleContent,protonEn,2.000566202,,,,,,,,,,,,,,,,,,,,,,,,,,,,,,
endosome84I,initOrgProp,area,13823.00768,volume,125663.7061,xcoor,33.17601692,ycoor,4.268669866,pH,7.355134901,,,,,,,,,,,,,,,,,,,,,,
endosome84I,initRabContent,RabI,2764.601535,RabG,1769.344983,RabH,2211.681228,RabE,5661.903944,RabF,1415.475986,,,,,,,,,,,,,,,,,,,,,,
endosome84I,initMembraneContent,EEA1,0.002046366,exCxEn,0.002187278,R-TfaEn,6.33E-43,oMHCIEn,1.79E-06,membraneMarker,0,M6PR,0.113234562,cMHCIEn,3.34E-06,R-TfEn,3.11E-43,pepMHCIEn,0,REn,1.01E-07,imCxEn,0.002187278,,,,,,,,,,
endosome84I,initSolubleContent,povaEn,0,NH3Cy,0,protonEn,4.547214547,FeEn,0,NH3En,0,NH4En,0,ovaEn,0,TfaEn,2.95E-09,solubleMarker,0,mvb,0,bead2,0,bead3,0,bead4,0,TfEn,0,pepEn,0,bead1,0
endosome85U,initOrgProp,area,7539.822369,volume,50265.48246,xcoor,0.644418816,ycoor,2.208102052,pH,7.224066642,,,,,,,,,,,,,,,,,,,,,,
endosome85U,initRabContent,RabC,3979.80956,RabB,3560.012809,,,,,,,,,,,,,,,,,,,,,,,,,,,,
endosome85U,initMembraneContent,,,,,,,,,,,,,,,,,,,,,,,,,,,,,,,,
endosome85U,initSolubleContent,protonEn,2.000566202,,,,,,,,,,,,,,,,,,,,,,,,,,,,,,
endosome86W,initOrgProp,area,7539.822369,volume,50265.48246,xcoor,48.86329837,ycoor,48.59346551,pH,7.224066642,,,,,,,,,,,,,,,,,,,,,,
endosome86W,initRabContent,RabD,1229.01377,RabA,2992.54265,RabB,3318.265948,,,,,,,,,,,,,,,,,,,,,,,,,,
endosome86W,initMembraneContent,,,,,,,,,,,,,,,,,,,,,,,,,,,,,,,,
endosome86W,initSolubleContent,protonEn,2.000566202,,,,,,,,,,,,,,,,,,,,,,,,,,,,,,
endosome87x,initOrgProp,area,8886.836173,volume,63735.6205,xcoor,47.91343507,ycoor,31.10031887,pH,7.255786735,,,,,,,,,,,,,,,,,,,,,,
endosome87x,initRabContent,RabC,4325.944127,RabB,4560.892047,,,,,,,,,,,,,,,,,,,,,,,,,,,,
endosome87x,initMembraneContent,,,,,,,,,,,,,,,,,,,,,,,,,,,,,,,,
endosome87x,initSolubleContent,protonEn,2.536677696,,,,,,,,,,,,,,,,,,,,,,,,,,,,,,
endosome88i,initOrgProp,area,12566.37061,volume,100530.9649,xcoor,49.34197556,ycoor,30.16063413,pH,7.303231498,,,,,,,,,,,,,,,,,,,,,,
endosome88i,initRabContent,RabC,6633.015934,RabB,5933.354681,,,,,,,,,,,,,,,,,,,,,,,,,,,,
endosome88i,initMembraneContent,,,,,,,,,,,,,,,,,,,,,,,,,,,,,,,,
endosome88i,initSolubleContent,protonEn,4.001132404,,,,,,,,,,,,,,,,,,,,,,,,,,,,,,
endosome89k,initOrgProp,area,7539.822369,volume,50265.48246,xcoor,3.807661014,ycoor,0.444825632,pH,7.224066642,,,,,,,,,,,,,,,,,,,,,,
endosome89k,initRabContent,RabC,3333.758086,RabB,4206.064282,,,,,,,,,,,,,,,,,,,,,,,,,,,,
endosome89k,initMembraneContent,,,,,,,,,,,,,,,,,,,,,,,,,,,,,,,,
endosome89k,initSolubleContent,protonEn,2.000566202,,,,,,,,,,,,,,,,,,,,,,,,,,,,,,
endosome90a,initOrgProp,area,11378.73281,volume,92293.91478,xcoor,21.8836039,ycoor,18.0331167,pH,7.489855518,,,,,,,,,,,,,,,,,,,,,,
endosome90a,initRabContent,RabC,11378.73281,,,,,,,,,,,,,,,,,,,,,,,,,,,,,,
endosome90a,initMembraneContent,EEA1,0.004231548,exCxEn,4.70E-05,R-TfaEn,2.25E-39,oMHCIEn,0.009567535,membraneMarker,0,M6PR,0.006269105,cMHCIEn,0.011092175,R-TfEn,1.00E-39,pepMHCIEn,0,REn,3.42E-04,imCxEn,4.70E-05,,,,,,,,,,
endosome90a,initSolubleContent,povaEn,0,NH3Cy,0,protonEn,1.987566284,FeEn,0,NH3En,0,NH4En,0,ovaEn,0,TfaEn,6.81E-08,solubleMarker,0,mvb,0,bead2,0,bead3,0,bead4,0,TfEn,0,pepEn,0,bead1,0
endosome91N,initOrgProp,area,11378.73281,volume,92293.91478,xcoor,24.25306908,ycoor,20.64963173,pH,7.489855518,,,,,,,,,,,,,,,,,,,,,,
endosome91N,initRabContent,RabC,11378.73281,,,,,,,,,,,,,,,,,,,,,,,,,,,,,,
endosome91N,initMembraneContent,EEA1,0.004231548,exCxEn,4.70E-05,R-TfaEn,2.25E-39,oMHCIEn,0.009567535,membraneMarker,0,M6PR,0.006269105,cMHCIEn,0.011092175,R-TfEn,1.00E-39,pepMHCIEn,0,REn,3.42E-04,imCxEn,4.70E-05,,,,,,,,,,
endosome91N,initSolubleContent,povaEn,0,NH3Cy,0,protonEn,1.987566284,FeEn,0,NH3En,0,NH4En,0,ovaEn,0,TfaEn,6.81E-08,solubleMarker,0,mvb,0,bead2,0,bead3,0,bead4,0,TfEn,0,pepEn,0,bead1,0
endosome92h,initOrgProp,area,7539.822369,volume,50265.48246,xcoor,36.04743967,ycoor,33.5094878,pH,7.224066642,,,,,,,,,,,,,,,,,,,,,,
endosome92h,initRabContent,RabD,527.7876576,RabA,3325.0616,RabB,3686.973111,,,,,,,,,,,,,,,,,,,,,,,,,,
endosome92h,initMembraneContent,,,,,,,,,,,,,,,,,,,,,,,,,,,,,,,,
endosome92h,initSolubleContent,protonEn,2.000566202,,,,,,,,,,,,,,,,,,,,,,,,,,,,,,
endosome93X,initOrgProp,area,7539.822369,volume,50265.48246,xcoor,24.72867153,ycoor,15.67349113,pH,7.69448956,,,,,,,,,,,,,,,,,,,,,,
endosome93X,initRabContent,RabI,1507.964474,RabG,965.0972632,RabH,1206.371579,RabE,3088.311242,RabF,772.0778105,,,,,,,,,,,,,,,,,,,,,,
endosome93X,initMembraneContent,EEA1,1.88E-04,exCxEn,9.74E-07,R-TfaEn,9.87E-44,oMHCIEn,4.54E-07,membraneMarker,0,M6PR,4.35E-05,cMHCIEn,5.80E-07,R-TfEn,5.64E-44,pepMHCIEn,0,REn,1.72E-08,imCxEn,9.74E-07,,,,,,,,,,
endosome93X,initSolubleContent,povaEn,0,NH3Cy,0,protonEn,0.015734714,FeEn,0,NH3En,0,NH4En,0,ovaEn,0,TfaEn,2.42E-10,solubleMarker,0,mvb,0,bead2,0,bead3,0,bead4,0,TfEn,0,pepEn,0,bead1,0
endosome94v,initOrgProp,area,12591.50283,volume,105703.3271,xcoor,24.79452933,ycoor,23.69509154,pH,7.780841789,,,,,,,,,,,,,,,,,,,,,,
endosome94v,initRabContent,RabE,12591.50283,,,,,,,,,,,,,,,,,,,,,,,,,,,,,,
endosome94v,initMembraneContent,EEA1,0.016429412,exCxEn,1.81E-06,R-TfaEn,4.52E-42,oMHCIEn,1.71E-05,membraneMarker,0,M6PR,14.54158347,cMHCIEn,2.23E-05,R-TfEn,2.02E-42,pepMHCIEn,0,REn,6.87E-07,imCxEn,1.81E-06,,,,,,,,,,
endosome94v,initSolubleContent,povaEn,0,NH3Cy,0,protonEn,0.750841647,FeEn,0,NH3En,0,NH4En,0,ovaEn,0,TfaEn,5.31E-08,solubleMarker,0,mvb,0,bead2,0,bead3,0,bead4,0,TfEn,0,pepEn,0,bead1,0
endosome95Q,initOrgProp,area,12131.83101,volume,101453.5093,xcoor,26.24141828,ycoor,0.720319381,pH,7.781304991,,,,,,,,,,,,,,,,,,,,,,
endosome95Q,initRabContent,RabG,3015.928947,RabE,1718.700749,RabF,4926.017281,RabC,2471.184032,,,,,,,,,,,,,,,,,,,,,,,,
endosome95Q,initMembraneContent,EEA1,0.015167444,exCxEn,4.30E-05,R-TfaEn,1.55E-39,oMHCIEn,0.003985911,membraneMarker,0,M6PR,1.967998795,cMHCIEn,0.006818701,R-TfEn,4.76E-40,pepMHCIEn,0,REn,1.96E-04,imCxEn,4.30E-05,,,,,,,,,,
endosome95Q,initSolubleContent,povaEn,0,NH3Cy,0,protonEn,0.678657451,FeEn,0,NH3En,0,NH4En,0,ovaEn,0,TfaEn,4.98E-08,solubleMarker,0,mvb,0,bead2,0,bead3,0,bead4,0,TfEn,0,pepEn,0,bead1,0
endosome96s,initOrgProp,area,7539.822369,volume,50265.48246,xcoor,41.91968827,ycoor,41.4630376,pH,7.224066642,,,,,,,,,,,,,,,,,,,,,,
endosome96s,initRabContent,RabC,3979.80956,RabB,3560.012809,,,,,,,,,,,,,,,,,,,,,,,,,,,,
endosome96s,initMembraneContent,,,,,,,,,,,,,,,,,,,,,,,,,,,,,,,,
endosome96s,initSolubleContent,protonEn,2.000566202,,,,,,,,,,,,,,,,,,,,,,,,,,,,,,
endosome97f,initOrgProp,area,14268.42613,volume,117551.5201,xcoor,49.29062837,ycoor,4.087668963,pH,7.315990757,,,,,,,,,,,,,,,,,,,,,,
endosome97f,initRabContent,RabA,4851.274343,RabB,6594.716208,RabC,1196.772696,RabD,1625.662885,,,,,,,,,,,,,,,,,,,,,,,,
endosome97f,initMembraneContent,,,,,,,,,,,,,,,,,,,,,,,,,,,,,,,,
endosome97f,initSolubleContent,protonEn,4.678550499,,,,,,,,,,,,,,,,,,,,,,,,,,,,,,
endosome98x,initOrgProp,area,9527.279576,volume,70140.05453,xcoor,47.87451569,ycoor,3.334948291,pH,7.267146543,,,,,,,,,,,,,,,,,,,,,,
endosome98x,initRabContent,RabA,0,RabB,7418.778278,RabC,2108.501297,,,,,,,,,,,,,,,,,,,,,,,,,,
endosome98x,initMembraneContent,,,,,,,,,,,,,,,,,,,,,,,,,,,,,,,,
endosome98x,initSolubleContent,protonEn,2.79157417,,,,,,,,,,,,,,,,,,,,,,,,,,,,,,
endosome99g,initOrgProp,area,11309.73355,volume,87964.5943,xcoor,5.366998166,ycoor,0.416206574,pH,7.290999774,,,,,,,,,,,,,,,,,,,,,,
endosome99g,initRabContent,RabD,1130.979269,RabA,4987.589599,RabB,5191.164685,,,,,,,,,,,,,,,,,,,,,,,,,,
endosome99g,initMembraneContent,,,,,,,,,,,,,,,,,,,,,,,,,,,,,,,,
endosome99g,initSolubleContent,protonEn,3.500990853,,,,,,,,,,,,,,,,,,,,,,,,,,,,,,
endosome100W,initOrgProp,area,12233.90405,volume,97206.29926,xcoor,43.59237783,ycoor,12.14107246,pH,7.300271519,,,,,,,,,,,,,,,,,,,,,,
endosome100W,initRabContent,RabC,5955.233599,RabB,6278.67045,,,,,,,,,,,,,,,,,,,,,,,,,,,,
endosome100W,initMembraneContent,,,,,,,,,,,,,,,,,,,,,,,,,,,,,,,,
endosome100W,initSolubleContent,protonEn,3.868810711,,,,,,,,,,,,,,,,,,,,,,,,,,,,,,
endosome101F,initOrgProp,area,12566.37061,volume,106288.5634,xcoor,26.72691234,ycoor,18.67649547,pH,7.828476655,,,,,,,,,,,,,,,,,,,,,,
endosome101F,initRabContent,RabE,10053.09649,RabF,2513.274123,,,,,,,,,,,,,,,,,,,,,,,,,,,,
endosome101F,initMembraneContent,EEA1,0.00522588,exCxEn,8.15E-07,R-TfaEn,4.27E-42,oMHCIEn,1.91E-05,membraneMarker,0,M6PR,0.012860751,cMHCIEn,2.21E-05,R-TfEn,1.82E-42,pepMHCIEn,0,REn,6.33E-07,imCxEn,8.15E-07,,,,,,,,,,
endosome101F,initSolubleContent,povaEn,0,NH3Cy,0,protonEn,0.577647169,FeEn,0,NH3En,0,NH4En,0,ovaEn,0,TfaEn,4.54E-08,solubleMarker,0,mvb,0,bead2,0,bead3,0,bead4,0,TfEn,0,pepEn,0,bead1,0
endosome102F,initOrgProp,area,11309.73355,volume,100530.9649,xcoor,25.73722225,ycoor,7.353134032,pH,7.303231498,,,,,,,,,,,,,,,,,,,,,,
endosome102F,initRabContent,RabI,2261.946711,RabG,1447.645895,RabH,1809.557368,RabE,4632.466863,RabF,1158.116716,,,,,,,,,,,,,,,,,,,,,,
endosome102F,initMembraneContent,EEA1,0,exCxEn,1.62E-06,R-TfaEn,3.81E-46,oMHCIEn,4.61E-11,membraneMarker,0,M6PR,0.003982596,cMHCIEn,6.14E-09,R-TfEn,5.50E-47,pepMHCIEn,0,REn,9.26E-11,imCxEn,1.62E-06,,,,,,,,,,
endosome102F,initSolubleContent,povaEn,0,NH3Cy,0,protonEn,4.001132404,FeEn,0,NH3En,0,NH4En,0,ovaEn,0,TfaEn,2.07E-09,solubleMarker,0,mvb,0,bead2,0,bead3,0,bead4,0,TfEn,0,pepEn,0,bead1,0
endosome103U,initOrgProp,area,7539.822369,volume,50265.48246,xcoor,24.82491712,ycoor,17.32219112,pH,7.687859787,,,,,,,,,,,,,,,,,,,,,,
endosome103U,initRabContent,RabE,7539.822369,,,,,,,,,,,,,,,,,,,,,,,,,,,,,,
endosome103U,initMembraneContent,EEA1,3.86E-04,exCxEn,5.51E-05,R-TfaEn,3.56E-44,oMHCIEn,2.89E-08,membraneMarker,0,M6PR,6.760291382,cMHCIEn,2.05E-07,R-TfEn,1.28E-44,pepMHCIEn,0,REn,5.05E-09,imCxEn,5.51E-05,,,,,,,,,,
endosome103U,initSolubleContent,povaEn,0,NH3Cy,0,protonEn,0.031359488,FeEn,0,NH3En,0,NH4En,0,ovaEn,0,TfaEn,4.50E-09,solubleMarker,0,mvb,0,bead2,0,bead3,0,bead4,0,TfEn,0,pepEn,0,bead1,0
endosome104C,initOrgProp,area,7539.822369,volume,50265.48246,xcoor,48.88629596,ycoor,2.872160758,pH,7.224066642,,,,,,,,,,,,,,,,,,,,,,
endosome104C,initRabContent,RabC,3979.80956,RabB,3560.012809,,,,,,,,,,,,,,,,,,,,,,,,,,,,
endosome104C,initMembraneContent,,,,,,,,,,,,,,,,,,,,,,,,,,,,,,,,
endosome104C,initSolubleContent,protonEn,2.000566202,,,,,,,,,,,,,,,,,,,,,,,,,,,,,,
endosome105m,initOrgProp,area,7539.822369,volume,50265.48246,xcoor,47.91988197,ycoor,14.68498778,pH,7.224066642,,,,,,,,,,,,,,,,,,,,,,
endosome105m,initRabContent,RabC,2570.464757,RabB,4969.357611,,,,,,,,,,,,,,,,,,,,,,,,,,,,
endosome105m,initMembraneContent,,,,,,,,,,,,,,,,,,,,,,,,,,,,,,,,
endosome105m,initSolubleContent,protonEn,2.000566202,,,,,,,,,,,,,,,,,,,,,,,,,,,,,,
endosome106y,initOrgProp,area,7539.822369,volume,50265.48246,xcoor,21.22046863,ycoor,10.04831427,pH,7.224066642,,,,,,,,,,,,,,,,,,,,,,
endosome106y,initRabContent,RabI,1507.964474,RabG,965.0972632,RabH,1206.371579,RabE,3088.311242,RabF,772.0778105,,,,,,,,,,,,,,,,,,,,,,
endosome106y,initMembraneContent,EEA1,0,exCxEn,1.08E-06,R-TfaEn,2.54E-46,oMHCIEn,3.07E-11,membraneMarker,0,M6PR,0.002651205,cMHCIEn,4.09E-09,R-TfEn,3.66E-47,pepMHCIEn,0,REn,6.17E-11,imCxEn,1.08E-06,,,,,,,,,,
endosome106y,initSolubleContent,povaEn,0,NH3Cy,0,protonEn,2.000566202,FeEn,0,NH3En,0,NH4En,0,ovaEn,0,TfaEn,1.03E-09,solubleMarker,0,mvb,0,bead2,0,bead3,0,bead4,0,TfEn,0,pepEn,0,bead1,0
endosome107i,initOrgProp,area,7726.230151,volume,52129.56029,xcoor,46.35596188,ycoor,2.555581227,pH,7.229273333,,,,,,,,,,,,,,,,,,,,,,
endosome107i,initRabContent,RabA,0,RabB,3763.133228,RabC,1489.75651,RabD,2473.340414,,,,,,,,,,,,,,,,,,,,,,,,
endosome107i,initMembraneContent,,,,,,,,,,,,,,,,,,,,,,,,,,,,,,,,
endosome107i,initSolubleContent,protonEn,2.074756499,,,,,,,,,,,,,,,,,,,,,,,,,,,,,,
endosome108P,initOrgProp,area,7539.822369,volume,50265.48246,xcoor,24.12638318,ycoor,1.26772265,pH,7.30752916,,,,,,,,,,,,,,,,,,,,,,
endosome108P,initRabContent,RabI,1507.964474,RabG,965.0972632,RabH,1206.371579,RabE,3088.311242,RabF,772.0778105,,,,,,,,,,,,,,,,,,,,,,
endosome108P,initMembraneContent,EEA1,0.001401182,exCxEn,0.001221317,R-TfaEn,7.89E-43,oMHCIEn,1.43E-06,membraneMarker,0,M6PR,0.037563957,cMHCIEn,3.86E-06,R-TfEn,4.28E-43,pepMHCIEn,0,REn,1.34E-07,imCxEn,0.001221317,,,,,,,,,,
endosome108P,initSolubleContent,povaEn,0,NH3Cy,0,protonEn,1.475943305,FeEn,0,NH3En,0,NH4En,0,ovaEn,0,TfaEn,1.74E-09,solubleMarker,0,mvb,0,bead2,0,bead3,0,bead4,0,TfEn,0,pepEn,0,bead1,0
endosome109A,initOrgProp,area,10663.59963,volume,91412.40767,xcoor,27.75297274,ycoor,18.45673961,pH,7.820278178,,,,,,,,,,,,,,,,,,,,,,
endosome109A,initRabContent,RabE,10663.59963,,,,,,,,,,,,,,,,,,,,,,,,,,,,,,
endosome109A,initMembraneContent,EEA1,0.003689543,exCxEn,1.09E-06,R-TfaEn,3.64E-42,oMHCIEn,1.28E-05,membraneMarker,0,M6PR,8.877854451,cMHCIEn,1.83E-05,R-TfEn,1.51E-42,pepMHCIEn,0,REn,5.33E-07,imCxEn,1.09E-06,,,,,,,,,,
endosome109A,initSolubleContent,povaEn,0,NH3Cy,0,protonEn,0.382696838,FeEn,0,NH3En,0,NH4En,0,ovaEn,0,TfaEn,2.92E-08,solubleMarker,0,mvb,0,bead2,0,bead3,0,bead4,0,TfEn,0,pepEn,0,bead1,0
endosome110J,initOrgProp,area,7539.822369,volume,50265.48246,xcoor,3.842718096,ycoor,0.688162444,pH,7.224066642,,,,,,,,,,,,,,,,,,,,,,
endosome110J,initRabContent,RabC,2968.013366,RabB,4571.809002,,,,,,,,,,,,,,,,,,,,,,,,,,,,
endosome110J,initMembraneContent,,,,,,,,,,,,,,,,,,,,,,,,,,,,,,,,
endosome110J,initSolubleContent,protonEn,2.000566202,,,,,,,,,,,,,,,,,,,,,,,,,,,,,,
endosome111c,initOrgProp,area,12566.37061,volume,100530.9649,xcoor,23.0041876,ycoor,16.61577129,pH,7.303231498,,,,,,,,,,,,,,,,,,,,,,
endosome111c,initRabContent,RabI,2513.274123,RabG,1608.495439,RabH,2010.619298,RabE,5147.185404,RabF,1286.796351,,,,,,,,,,,,,,,,,,,,,,
endosome111c,initMembraneContent,EEA1,0,exCxEn,1.80E-06,R-TfaEn,4.23E-46,oMHCIEn,5.12E-11,membraneMarker,0,M6PR,0.004418675,cMHCIEn,6.82E-09,R-TfEn,6.10E-47,pepMHCIEn,0,REn,1.03E-10,imCxEn,1.80E-06,,,,,,,,,,
endosome111c,initSolubleContent,povaEn,0,NH3Cy,0,protonEn,4.001132404,FeEn,0,NH3En,0,NH4En,0,ovaEn,0,TfaEn,2.07E-09,solubleMarker,0,mvb,0,bead2,0,bead3,0,bead4,0,TfEn,0,pepEn,0,bead1,0
endosome112a,initOrgProp,area,7539.822369,volume,50265.48246,xcoor,44.35655496,ycoor,46.90566838,pH,7.224066642,,,,,,,,,,,,,,,,,,,,,,
endosome112a,initRabContent,RabC,3979.80956,RabB,3560.012809,,,,,,,,,,,,,,,,,,,,,,,,,,,,
endosome112a,initMembraneContent,,,,,,,,,,,,,,,,,,,,,,,,,,,,,,,,
endosome112a,initSolubleContent,protonEn,2.000566202,,,,,,,,,,,,,,,,,,,,,,,,,,,,,,
endosome113I,initOrgProp,area,11970.00463,volume,94567.30505,xcoor,24.77786683,ycoor,2.934518788,pH,7.297789431,,,,,,,,,,,,,,,,,,,,,,
endosome113I,initRabContent,RabC,6318.230924,RabB,5651.773703,,,,,,,,,,,,,,,,,,,,,,,,,,,,
endosome113I,initMembraneContent,,,,,,,,,,,,,,,,,,,,,,,,,,,,,,,,
endosome113I,initSolubleContent,protonEn,3.763778741,,,,,,,,,,,,,,,,,,,,,,,,,,,,,,
endosome114Z,initOrgProp,area,7539.822369,volume,50265.48246,xcoor,24.09891449,ycoor,22.84205475,pH,7.231557366,,,,,,,,,,,,,,,,,,,,,,
endosome114Z,initRabContent,RabG,1507.964474,RabE,4825.486316,RabF,1206.371579,,,,,,,,,,,,,,,,,,,,,,,,,,
endosome114Z,initMembraneContent,EEA1,5.81E-04,exCxEn,7.96E-07,R-TfaEn,1.18E-43,oMHCIEn,4.03E-07,membraneMarker,0,M6PR,0.023545206,cMHCIEn,5.99E-07,R-TfEn,4.91E-44,pepMHCIEn,0,REn,1.74E-08,imCxEn,7.96E-07,,,,,,,,,,
endosome114Z,initSolubleContent,povaEn,0,NH3Cy,0,protonEn,1.949256119,FeEn,0,NH3En,0,NH4En,0,ovaEn,0,TfaEn,1.11E-09,solubleMarker,0,mvb,0,bead2,0,bead3,0,bead4,0,TfEn,0,pepEn,0,bead1,0
endosome115R,initOrgProp,area,7539.822369,volume,50265.48246,xcoor,22.85417266,ycoor,21.89268742,pH,7.231557366,,,,,,,,,,,,,,,,,,,,,,
endosome115R,initRabContent,RabG,1507.964474,RabE,4825.486316,RabF,1206.371579,,,,,,,,,,,,,,,,,,,,,,,,,,
endosome115R,initMembraneContent,EEA1,5.81E-04,exCxEn,7.96E-07,R-TfaEn,1.18E-43,oMHCIEn,4.03E-07,membraneMarker,0,M6PR,0.023545206,cMHCIEn,5.99E-07,R-TfEn,4.91E-44,pepMHCIEn,0,REn,1.74E-08,imCxEn,7.96E-07,,,,,,,,,,
endosome115R,initSolubleContent,povaEn,0,NH3Cy,0,protonEn,1.949256119,FeEn,0,NH3En,0,NH4En,0,ovaEn,0,TfaEn,1.11E-09,solubleMarker,0,mvb,0,bead2,0,bead3,0,bead4,0,TfEn,0,pepEn,0,bead1,0
endosome116i,initOrgProp,area,15041.23737,volume,119596.7381,xcoor,23.82094584,ycoor,22.70845586,pH,7.806262193,,,,,,,,,,,,,,,,,,,,,,
endosome116i,initRabContent,RabC,15041.23737,,,,,,,,,,,,,,,,,,,,,,,,,,,,,,
endosome116i,initMembraneContent,EEA1,0.010351801,exCxEn,7.01E-05,R-TfaEn,3.80E-39,oMHCIEn,0.012180453,membraneMarker,0,M6PR,0.018992668,cMHCIEn,0.016054745,R-TfEn,1.45E-39,pepMHCIEn,0,REn,5.32E-04,imCxEn,7.01E-05,,,,,,,,,,
endosome116i,initSolubleContent,povaEn,0,NH3Cy,0,protonEn,0.868345293,FeEn,0,NH3En,0,NH4En,0,ovaEn,0,TfaEn,4.24E-08,solubleMarker,0,mvb,0,bead2,0,bead3,0,bead4,0,TfEn,0,pepEn,0,bead1,0
endosome117A,initOrgProp,area,14057.13527,volume,110078.1451,xcoor,20.25717155,ycoor,22.14033945,pH,7.760832778,,,,,,,,,,,,,,,,,,,,,,
endosome117A,initRabContent,RabC,14057.13527,,,,,,,,,,,,,,,,,,,,,,,,,,,,,,
endosome117A,initMembraneContent,EEA1,0.013117649,exCxEn,1.17E-04,R-TfaEn,5.49E-39,oMHCIEn,0.017919265,membraneMarker,0,M6PR,0.001500404,cMHCIEn,0.024545853,R-TfEn,2.08E-39,pepMHCIEn,0,REn,7.65E-04,imCxEn,1.17E-04,,,,,,,,,,
endosome117A,initSolubleContent,povaEn,0,NH3Cy,0,protonEn,0.909274289,FeEn,0,NH3En,0,NH4En,0,ovaEn,0,TfaEn,5.36E-08,solubleMarker,0,mvb,0,bead2,0,bead3,0,bead4,0,TfEn,0,pepEn,0,bead1,0
endosome118s,initOrgProp,area,7539.822369,volume,50265.48246,xcoor,26.99059304,ycoor,23.7641975,pH,7.228882738,,,,,,,,,,,,,,,,,,,,,,
endosome118s,initRabContent,RabC,7539.822369,,,,,,,,,,,,,,,,,,,,,,,,,,,,,,
endosome118s,initMembraneContent,EEA1,0.012159162,exCxEn,2.36E-09,R-TfaEn,9.46E-40,oMHCIEn,0.03173981,membraneMarker,0,M6PR,0.02600776,cMHCIEn,0.00539926,R-TfEn,5.40E-40,pepMHCIEn,0,REn,1.65E-04,imCxEn,2.36E-09,,,,,,,,,,
endosome118s,initSolubleContent,povaEn,0,NH3Cy,0,protonEn,1.967475328,FeEn,0,NH3En,0,NH4En,0,ovaEn,0,TfaEn,1.71E-07,solubleMarker,0,mvb,0,bead2,0,bead3,0,bead4,0,TfEn,0,pepEn,0,bead1,0
endosome119U,initOrgProp,area,15039.55048,volume,129105.8158,xcoor,24.81302469,ycoor,21.56547789,pH,7.763624166,,,,,,,,,,,,,,,,,,,,,,
endosome119U,initRabContent,RabC,15039.55048,,,,,,,,,,,,,,,,,,,,,,,,,,,,,,
endosome119U,initMembraneContent,EEA1,0.018023539,exCxEn,5.02E-04,R-TfaEn,6.81E-39,oMHCIEn,0.017347197,membraneMarker,0,M6PR,0.017137653,cMHCIEn,0.033646661,R-TfEn,2.68E-39,pepMHCIEn,0,REn,9.74E-04,imCxEn,5.02E-04,,,,,,,,,,
endosome119U,initSolubleContent,povaEn,0,NH3Cy,0,protonEn,1.224957094,FeEn,0,NH3En,0,NH4En,0,ovaEn,0,TfaEn,1.21E-07,solubleMarker,0,mvb,0,bead2,0,bead3,0,bead4,0,TfEn,0,pepEn,0,bead1,0
endosome120G,initOrgProp,area,11938.05208,volume,100530.9649,xcoor,25.54369297,ycoor,23.26552534,pH,7.463443666,,,,,,,,,,,,,,,,,,,,,,
endosome120G,initRabContent,RabI,2387.610417,RabG,1528.070667,RabH,1910.088333,RabE,4889.826133,RabF,1222.456533,,,,,,,,,,,,,,,,,,,,,,
endosome120G,initMembraneContent,EEA1,0.002801796,exCxEn,0.001135854,R-TfaEn,8.85E-43,oMHCIEn,1.71E-05,membraneMarker,0,M6PR,0.018655567,cMHCIEn,5.07E-06,R-TfEn,4.84E-43,pepMHCIEn,0,REn,1.50E-07,imCxEn,0.001135854,,,,,,,,,,
endosome120G,initSolubleContent,povaEn,0,NH3Cy,0,protonEn,2.458248403,FeEn,0,NH3En,0,NH4En,0,ovaEn,0,TfaEn,2.14E-09,solubleMarker,0,mvb,0,bead2,0,bead3,0,bead4,0,TfEn,0,pepEn,0,bead1,0
endosome121V,initOrgProp,area,7539.822369,volume,50265.48246,xcoor,48.63298526,ycoor,2.724524553,pH,7.224066642,,,,,,,,,,,,,,,,,,,,,,
endosome121V,initRabContent,RabC,2138.346704,RabB,5401.475665,,,,,,,,,,,,,,,,,,,,,,,,,,,,
endosome121V,initMembraneContent,,,,,,,,,,,,,,,,,,,,,,,,,,,,,,,,
endosome121V,initSolubleContent,protonEn,2.000566202,,,,,,,,,,,,,,,,,,,,,,,,,,,,,,
endosome122q,initOrgProp,area,7539.822369,volume,50265.48246,xcoor,23.54711719,ycoor,22.69107783,pH,7.268144879,,,,,,,,,,,,,,,,,,,,,,
endosome122q,initRabContent,RabI,1507.964474,RabG,965.0972632,RabH,1206.371579,RabE,3088.311242,RabF,772.0778105,,,,,,,,,,,,,,,,,,,,,,
endosome122q,initMembraneContent,EEA1,6.19E-04,exCxEn,1.50E-04,R-TfaEn,4.40E-43,oMHCIEn,1.72E-06,membraneMarker,0,M6PR,0.090599715,cMHCIEn,2.37E-06,R-TfEn,2.39E-43,pepMHCIEn,0,REn,7.51E-08,imCxEn,1.50E-04,,,,,,,,,,
endosome122q,initSolubleContent,povaEn,0,NH3Cy,0,protonEn,1.710971654,FeEn,0,NH3En,0,NH4En,0,ovaEn,0,TfaEn,1.28E-09,solubleMarker,0,mvb,0,bead2,0,bead3,0,bead4,0,TfEn,0,pepEn,0,bead1,0
endosome123u,initOrgProp,area,11309.73355,volume,87964.5943,xcoor,31.53856969,ycoor,0.678829841,pH,7.290999774,,,,,,,,,,,,,,,,,,,,,,
endosome123u,initRabContent,RabC,4452.020049,RabB,6857.713504,,,,,,,,,,,,,,,,,,,,,,,,,,,,
endosome123u,initMembraneContent,,,,,,,,,,,,,,,,,,,,,,,,,,,,,,,,
endosome123u,initSolubleContent,protonEn,3.500990853,,,,,,,,,,,,,,,,,,,,,,,,,,,,,,
endosome124I,initOrgProp,area,11309.73355,volume,87964.5943,xcoor,29.97045454,ycoor,8.743700491,pH,7.290999774,,,,,,,,,,,,,,,,,,,,,,
endosome124I,initRabContent,RabC,3855.697136,RabB,7454.036417,,,,,,,,,,,,,,,,,,,,,,,,,,,,
endosome124I,initMembraneContent,,,,,,,,,,,,,,,,,,,,,,,,,,,,,,,,
endosome124I,initSolubleContent,protonEn,3.500990853,,,,,,,,,,,,,,,,,,,,,,,,,,,,,,
endosome125c,initOrgProp,area,12566.37061,volume,100530.9649,xcoor,22.15524972,ycoor,19.33934103,pH,7.460029921,,,,,,,,,,,,,,,,,,,,,,
endosome125c,initRabContent,RabD,879.6475482,RabA,5541.768317,RabB,6144.954749,,,,,,,,,,,,,,,,,,,,,,,,,,
endosome125c,initMembraneContent,EEA1,8.441173812,exCxEn,5.57E-07,R-TfaEn,1.13E-41,oMHCIEn,9.12E-04,membraneMarker,0,M6PR,6.86525663,cMHCIEn,7.29E-05,R-TfEn,4.72E-42,pepMHCIEn,0,REn,1.70E-06,imCxEn,5.57E-07,,,,,,,,,,
endosome125c,initSolubleContent,povaEn,0,NH3Cy,0,protonEn,2.485538871,FeEn,0,NH3En,0,NH4En,0,ovaEn,0,TfaEn,2.36E-07,solubleMarker,0,mvb,0,bead2,0,bead3,0,bead4,0,TfEn,0,pepEn,0,bead1,0
endosome126r,initOrgProp,area,11623.89282,volume,91106.18695,xcoor,48.31827188,ycoor,22.86404479,pH,7.294339779,,,,,,,,,,,,,,,,,,,,,,
endosome126r,initRabContent,RabC,6135.539739,RabB,5488.35308,,,,,,,,,,,,,,,,,,,,,,,,,,,,
endosome126r,initMembraneContent,,,,,,,,,,,,,,,,,,,,,,,,,,,,,,,,
endosome126r,initSolubleContent,protonEn,3.626026241,,,,,,,,,,,,,,,,,,,,,,,,,,,,,,
endosome127V,initOrgProp,area,11309.73355,volume,100530.9649,xcoor,24.60401819,ycoor,18.16188644,pH,7.864526969,,,,,,,,,,,,,,,,,,,,,,
endosome127V,initRabContent,RabD,791.681374,RabA,4987.592479,RabB,5530.4597,,,,,,,,,,,,,,,,,,,,,,,,,,
endosome127V,initMembraneContent,EEA1,4.30758298,exCxEn,1.13E-06,R-TfaEn,1.57E-42,oMHCIEn,4.55E-05,membraneMarker,0,M6PR,2.806905953,cMHCIEn,8.93E-06,R-TfEn,8.67E-43,pepMHCIEn,0,REn,2.68E-07,imCxEn,1.13E-06,,,,,,,,,,
endosome127V,initSolubleContent,povaEn,0,NH3Cy,0,protonEn,0.373323597,FeEn,0,NH3En,0,NH4En,0,ovaEn,0,TfaEn,2.44E-08,solubleMarker,0,mvb,0,bead2,0,bead3,0,bead4,0,TfEn,0,pepEn,0,bead1,0
endosome128I,initOrgProp,area,7539.822369,volume,50265.48246,xcoor,48.41077186,ycoor,0.655647488,pH,7.224066642,,,,,,,,,,,,,,,,,,,,,,
endosome128I,initRabContent,RabC,3670.243229,RabB,3869.57914,,,,,,,,,,,,,,,,,,,,,,,,,,,,
endosome128I,initMembraneContent,,,,,,,,,,,,,,,,,,,,,,,,,,,,,,,,
endosome128I,initSolubleContent,protonEn,2.000566202,,,,,,,,,,,,,,,,,,,,,,,,,,,,,,
endosome129I,initOrgProp,area,34516.04037,volume,567139.0868,xcoor,24.70293754,ycoor,25.91225112,pH,7.864017145,,,,,,,,,,,,,,,,,,,,,,
endosome129I,initRabContent,RabA,4654.44059,RabB,1172.567363,RabC,16254.99408,RabD,12434.03833,,,,,,,,,,,,,,,,,,,,,,,,
endosome129I,initMembraneContent,EEA1,0.871624399,exCxEn,1.27E-05,R-TfaEn,3.23E-39,oMHCIEn,0.012375325,membraneMarker,0,M6PR,0.615534514,cMHCIEn,0.02012787,R-TfEn,1.74E-39,pepMHCIEn,0,REn,5.44E-04,imCxEn,1.27E-05,,,,,,,,,,
endosome129I,initSolubleContent,povaEn,0,NH3Cy,0,protonEn,6.756618556,FeEn,0,NH3En,0,NH4En,0,ovaEn,0,TfaEn,2.11E-07,solubleMarker,0,mvb,0.020679997,bead2,0,bead3,0,bead4,0,TfEn,0,pepEn,0,bead1,0
endosome130Z,initOrgProp,area,52645.00562,volume,1049940.221,xcoor,34.89703453,ycoor,12.75751957,pH,8.804199332,,,,,,,,,,,,,,,,,,,,,,
endosome130Z,initRabContent,RabA,26259.42852,RabB,15334.91914,RabC,1664.571155,RabD,9386.086801,,,,,,,,,,,,,,,,,,,,,,,,
endosome130Z,initMembraneContent,EEA1,0.126245105,exCxEn,3.88E-14,R-TfaEn,3.77E-40,oMHCIEn,6.76E-04,membraneMarker,0,M6PR,0.259667323,cMHCIEn,0.002624838,R-TfEn,2.14E-40,pepMHCIEn,0,REn,6.54E-05,imCxEn,3.88E-14,,,,,,,,,,
endosome130Z,initSolubleContent,povaEn,0,NH3Cy,0,protonEn,0.648030484,FeEn,0,NH3En,0,NH4En,0,ovaEn,0,TfaEn,5.71E-08,solubleMarker,0,mvb,0.044047409,bead2,0,bead3,0,bead4,0,TfEn,0,pepEn,0,bead1,0
endosome131P,initOrgProp,area,15302.11474,volume,127888.4062,xcoor,40.783627,ycoor,38.93279447,pH,7.322216837,,,,,,,,,,,,,,,,,,,,,,
endosome131P,initRabContent,RabA,0,RabB,7044.174756,RabC,5583.265727,RabD,2674.67426,,,,,,,,,,,,,,,,,,,,,,,,
endosome131P,initMembraneContent,,,,,,,,,,,,,,,,,,,,,,,,,,,,,,,,
endosome131P,initSolubleContent,protonEn,5.089958567,,,,,,,,,,,,,,,,,,,,,,,,,,,,,,
endosome132z,initOrgProp,area,53308.59873,volume,984243.9462,xcoor,4.284122221,ycoor,20.64874651,pH,8.266686715,,,,,,,,,,,,,,,,,,,,,,
endosome132z,initRabContent,RabA,26454.82173,RabB,15561.45565,RabC,2068.927258,RabD,9223.394091,,,,,,,,,,,,,,,,,,,,,,,,
endosome132z,initMembraneContent,EEA1,0.396972741,exCxEn,4.61E-09,R-TfaEn,2.49E-39,oMHCIEn,0.005161257,membraneMarker,0,M6PR,2.129334818,cMHCIEn,0.01977193,R-TfEn,1.40E-39,pepMHCIEn,0,REn,4.30E-04,imCxEn,4.61E-09,,,,,,,,,,
endosome132z,initSolubleContent,povaEn,0,NH3Cy,0,protonEn,4.32618243,FeEn,0,NH3En,0,NH4En,0,ovaEn,0,TfaEn,4.08E-07,solubleMarker,0,mvb,0.053088642,bead2,0,bead3,0,bead4,0,TfEn,0,pepEn,0,bead1,0
endosome133K,initOrgProp,area,7539.822369,volume,50265.48246,xcoor,23.4008747,ycoor,17.90545187,pH,7.240593964,,,,,,,,,,,,,,,,,,,,,,
endosome133K,initRabContent,RabI,1507.964474,RabG,965.0972632,RabH,1206.371579,RabE,3088.311242,RabF,772.0778105,,,,,,,,,,,,,,,,,,,,,,
endosome133K,initMembraneContent,EEA1,8.98E-04,exCxEn,1.62E-04,R-TfaEn,1.86E-42,oMHCIEn,7.51E-06,membraneMarker,0,M6PR,0.10485398,cMHCIEn,8.81E-06,R-TfEn,9.59E-43,pepMHCIEn,0,REn,3.06E-07,imCxEn,1.62E-04,,,,,,,,,,
endosome133K,initSolubleContent,povaEn,0,NH3Cy,0,protonEn,1.888523407,FeEn,0,NH3En,0,NH4En,0,ovaEn,0,TfaEn,2.74E-09,solubleMarker,0,mvb,0,bead2,0,bead3,0,bead4,0,TfEn,0,pepEn,0,bead1,0
endosome134X,initOrgProp,area,7539.822369,volume,50265.48246,xcoor,9.589901403,ycoor,30.44733787,pH,7.236647477,,,,,,,,,,,,,,,,,,,,,,
endosome134X,initRabContent,RabA,3694.512961,RabB,3845.309408,,,,,,,,,,,,,,,,,,,,,,,,,,,,
endosome134X,initMembraneContent,EEA1,1.108049057,exCxEn,1.17E-09,R-TfaEn,2.06E-41,oMHCIEn,3.82E-04,membraneMarker,0,M6PR,3.526119014,cMHCIEn,1.34E-04,R-TfEn,1.17E-41,pepMHCIEn,0,REn,3.58E-06,imCxEn,1.17E-09,,,,,,,,,,
endosome134X,initSolubleContent,povaEn,0,NH3Cy,0,protonEn,1.914891399,FeEn,0,NH3En,0,NH4En,0,ovaEn,0,TfaEn,1.82E-07,solubleMarker,0,mvb,0,bead2,0,bead3,0,bead4,0,TfEn,0,pepEn,0,bead1,0
endosome135l,initOrgProp,area,11309.73355,volume,100530.9649,xcoor,39.53659686,ycoor,5.264315576,pH,7.303231498,,,,,,,,,,,,,,,,,,,,,,
endosome135l,initRabContent,RabI,2261.946711,RabG,1447.645895,RabH,1809.557368,RabE,4632.466863,RabF,1158.116716,,,,,,,,,,,,,,,,,,,,,,
endosome135l,initMembraneContent,EEA1,0,exCxEn,1.62E-06,R-TfaEn,3.81E-46,oMHCIEn,4.61E-11,membraneMarker,0,M6PR,0.003978853,cMHCIEn,6.14E-09,R-TfEn,5.50E-47,pepMHCIEn,0,REn,9.26E-11,imCxEn,1.62E-06,,,,,,,,,,
endosome135l,initSolubleContent,povaEn,0,NH3Cy,0,protonEn,4.001132404,FeEn,0,NH3En,0,NH4En,0,ovaEn,0,TfaEn,2.07E-09,solubleMarker,0,mvb,0,bead2,0,bead3,0,bead4,0,TfEn,0,pepEn,0,bead1,0
endosome136r,initOrgProp,area,11309.73355,volume,100530.9649,xcoor,32.28484112,ycoor,9.61155933,pH,7.303231498,,,,,,,,,,,,,,,,,,,,,,
endosome136r,initRabContent,RabI,2261.946711,RabG,1447.645895,RabH,1809.557368,RabE,4632.466863,RabF,1158.116716,,,,,,,,,,,,,,,,,,,,,,
endosome136r,initMembraneContent,EEA1,0,exCxEn,1.62E-06,R-TfaEn,3.81E-46,oMHCIEn,4.61E-11,membraneMarker,0,M6PR,0.003978853,cMHCIEn,6.14E-09,R-TfEn,5.50E-47,pepMHCIEn,0,REn,9.26E-11,imCxEn,1.62E-06,,,,,,,,,,
endosome136r,initSolubleContent,povaEn,0,NH3Cy,0,protonEn,4.001132404,FeEn,0,NH3En,0,NH4En,0,ovaEn,0,TfaEn,2.07E-09,solubleMarker,0,mvb,0,bead2,0,bead3,0,bead4,0,TfEn,0,pepEn,0,bead1,0
endosome137f,initOrgProp,area,12017.37728,volume,100692.6012,xcoor,23.8584566,ycoor,19.5152856,pH,7.659360451,,,,,,,,,,,,,,,,,,,,,,
endosome137f,initRabContent,RabE,12017.37728,,,,,,,,,,,,,,,,,,,,,,,,,,,,,,
endosome137f,initMembraneContent,EEA1,0.01451368,exCxEn,1.44E-06,R-TfaEn,6.03E-42,oMHCIEn,1.82E-05,membraneMarker,0,M6PR,33.54919834,cMHCIEn,2.90E-05,R-TfEn,2.29E-42,pepMHCIEn,0,REn,8.46E-07,imCxEn,1.44E-06,,,,,,,,,,
endosome137f,initSolubleContent,povaEn,0,NH3Cy,0,protonEn,1.206160526,FeEn,0,NH3En,0,NH4En,0,ovaEn,0,TfaEn,1.03E-07,solubleMarker,0,mvb,0,bead2,0,bead3,0,bead4,0,TfEn,0,pepEn,0,bead1,0
endosome138U,initOrgProp,area,7539.822369,volume,50265.48246,xcoor,44.98972766,ycoor,46.76752228,pH,7.224066642,,,,,,,,,,,,,,,,,,,,,,
endosome138U,initRabContent,RabC,3979.80956,RabB,3560.012809,,,,,,,,,,,,,,,,,,,,,,,,,,,,
endosome138U,initMembraneContent,,,,,,,,,,,,,,,,,,,,,,,,,,,,,,,,
endosome138U,initSolubleContent,protonEn,2.000566202,,,,,,,,,,,,,,,,,,,,,,,,,,,,,,
endosome139e,initOrgProp,area,10017.39611,volume,82210.9801,xcoor,21.63508704,ycoor,23.52932951,pH,7.629015008,,,,,,,,,,,,,,,,,,,,,,
endosome139e,initRabContent,RabC,10017.39611,,,,,,,,,,,,,,,,,,,,,,,,,,,,,,
endosome139e,initMembraneContent,EEA1,0.004634032,exCxEn,4.62E-05,R-TfaEn,3.23E-39,oMHCIEn,0.008444671,membraneMarker,0,M6PR,0.00113474,cMHCIEn,0.014638088,R-TfEn,1.35E-39,pepMHCIEn,0,REn,4.76E-04,imCxEn,4.62E-05,,,,,,,,,,
endosome139e,initSolubleContent,povaEn,0,NH3Cy,0,protonEn,0.931589421,FeEn,0,NH3En,0,NH4En,0,ovaEn,0,TfaEn,2.47E-08,solubleMarker,0,mvb,0,bead2,0,bead3,0,bead4,0,TfEn,0,pepEn,0,bead1,0
endosome140q,initOrgProp,area,9836.461906,volume,80353.57839,xcoor,25.56853863,ycoor,0.668712223,pH,7.852521715,,,,,,,,,,,,,,,,,,,,,,
endosome140q,initRabContent,RabI,1507.964474,RabG,965.0972632,RabH,1206.371579,RabE,2296.639538,RabF,3860.389053,,,,,,,,,,,,,,,,,,,,,,
endosome140q,initMembraneContent,EEA1,0.003742194,exCxEn,0.003332174,R-TfaEn,8.35E-43,oMHCIEn,3.38E-06,membraneMarker,0,M6PR,1.207089486,cMHCIEn,4.04E-06,R-TfEn,3.54E-43,pepMHCIEn,0,REn,1.24E-07,imCxEn,0.003332174,,,,,,,,,,
endosome140q,initSolubleContent,povaEn,0,NH3Cy,0,protonEn,0.128453081,FeEn,0,NH3En,0,NH4En,0,ovaEn,0,TfaEn,4.28E-09,solubleMarker,0,mvb,0,bead2,0,bead3,0,bead4,0,TfEn,0,pepEn,0,bead1,0
endosome141T,initOrgProp,area,7539.822369,volume,50265.48246,xcoor,22.00345904,ycoor,20.72112383,pH,7.377644568,,,,,,,,,,,,,,,,,,,,,,
endosome141T,initRabContent,RabC,307.6247526,RabA,3694.512961,RabB,3537.684655,,,,,,,,,,,,,,,,,,,,,,,,,,
endosome141T,initMembraneContent,EEA1,5.066392179,exCxEn,6.66E-07,R-TfaEn,5.82E-42,oMHCIEn,1.09E-05,membraneMarker,0,M6PR,4.120687516,cMHCIEn,3.54E-05,R-TfEn,2.35E-42,pepMHCIEn,0,REn,8.55E-07,imCxEn,6.66E-07,,,,,,,,,,
endosome141T,initSolubleContent,povaEn,0,NH3Cy,0,protonEn,1.106809592,FeEn,0,NH3En,0,NH4En,0,ovaEn,0,TfaEn,1.06E-07,solubleMarker,0,mvb,0,bead2,0,bead3,0,bead4,0,TfEn,0,pepEn,0,bead1,0
endosome142x,initOrgProp,area,12009.41714,volume,94961.4302,xcoor,48.18509787,ycoor,49.55478969,pH,7.298167968,,,,,,,,,,,,,,,,,,,,,,
endosome142x,initRabContent,RabC,6339.034372,RabB,5670.38277,,,,,,,,,,,,,,,,,,,,,,,,,,,,
endosome142x,initMembraneContent,,,,,,,,,,,,,,,,,,,,,,,,,,,,,,,,
endosome142x,initSolubleContent,protonEn,3.779464922,,,,,,,,,,,,,,,,,,,,,,,,,,,,,,
endosome143G,initOrgProp,area,12009.41714,volume,94961.4302,xcoor,48.30930771,ycoor,49.25923184,pH,7.298167968,,,,,,,,,,,,,,,,,,,,,,
endosome143G,initRabContent,RabC,5845.95761,RabB,6163.459533,,,,,,,,,,,,,,,,,,,,,,,,,,,,
endosome143G,initMembraneContent,,,,,,,,,,,,,,,,,,,,,,,,,,,,,,,,
endosome143G,initSolubleContent,protonEn,3.779464922,,,,,,,,,,,,,,,,,,,,,,,,,,,,,,
endosome144r,initOrgProp,area,12009.41714,volume,94961.4302,xcoor,47.18762706,ycoor,48.68854191,pH,7.298167968,,,,,,,,,,,,,,,,,,,,,,
endosome144r,initRabContent,RabC,3405.955248,RabB,8603.461895,,,,,,,,,,,,,,,,,,,,,,,,,,,,
endosome144r,initMembraneContent,,,,,,,,,,,,,,,,,,,,,,,,,,,,,,,,
endosome144r,initSolubleContent,protonEn,3.779464922,,,,,,,,,,,,,,,,,,,,,,,,,,,,,,
endosome145k,initOrgProp,area,7539.822369,volume,50265.48246,xcoor,26.29533281,ycoor,19.03386515,pH,7.6771104,,,,,,,,,,,,,,,,,,,,,,
endosome145k,initRabContent,RabG,1206.371579,RabH,1507.964474,RabE,3860.389053,RabF,965.0972632,,,,,,,,,,,,,,,,,,,,,,,,
endosome145k,initMembraneContent,EEA1,0.006588641,exCxEn,6.29E-07,R-TfaEn,2.69E-42,oMHCIEn,8.18E-06,membraneMarker,0,M6PR,0.002707541,cMHCIEn,1.31E-05,R-TfEn,1.07E-42,pepMHCIEn,0,REn,3.87E-07,imCxEn,6.29E-07,,,,,,,,,,
endosome145k,initSolubleContent,povaEn,0,NH3Cy,0,protonEn,0.057205601,FeEn,0,NH3En,0,NH4En,0,ovaEn,0,TfaEn,5.30E-09,solubleMarker,0,mvb,0,bead2,0,bead3,0,bead4,0,TfEn,0,pepEn,0,bead1,0
endosome146o,initOrgProp,area,7539.822369,volume,50265.48246,xcoor,24.48532304,ycoor,15.63935185,pH,7.700364729,,,,,,,,,,,,,,,,,,,,,,
endosome146o,initRabContent,RabG,1206.371579,RabH,1507.964474,RabE,3860.389053,RabF,965.0972632,,,,,,,,,,,,,,,,,,,,,,,,
endosome146o,initMembraneContent,EEA1,2.73E-05,exCxEn,7.85E-07,R-TfaEn,6.40E-44,oMHCIEn,2.30E-07,membraneMarker,0,M6PR,7.14E-05,cMHCIEn,3.64E-07,R-TfEn,3.64E-44,pepMHCIEn,0,REn,1.11E-08,imCxEn,7.85E-07,,,,,,,,,,
endosome146o,initSolubleContent,povaEn,0,NH3Cy,0,protonEn,0.002086304,FeEn,0,NH3En,0,NH4En,0,ovaEn,0,TfaEn,1.33E-10,solubleMarker,0,mvb,0,bead2,0,bead3,0,bead4,0,TfEn,0,pepEn,0,bead1,0
endosome147L,initOrgProp,area,13071.79299,volume,105585.1887,xcoor,3.611677852,ycoor,0.572970553,pH,7.3074084,,,,,,,,,,,,,,,,,,,,,,
endosome147L,initRabContent,RabC,3707.252517,RabB,9364.540471,,,,,,,,,,,,,,,,,,,,,,,,,,,,
endosome147L,initMembraneContent,,,,,,,,,,,,,,,,,,,,,,,,,,,,,,,,
endosome147L,initSolubleContent,protonEn,4.202290508,,,,,,,,,,,,,,,,,,,,,,,,,,,,,,
endosome148g,initOrgProp,area,7539.822369,volume,50265.48246,xcoor,23.92427449,ycoor,21.06473433,pH,7.392390281,,,,,,,,,,,,,,,,,,,,,,
endosome148g,initRabContent,RabG,1507.964474,RabE,4825.486316,RabF,1206.371579,,,,,,,,,,,,,,,,,,,,,,,,,,
endosome148g,initMembraneContent,EEA1,0.001401073,exCxEn,1.89E-07,R-TfaEn,2.11E-42,oMHCIEn,7.15E-06,membraneMarker,0,M6PR,0.018343063,cMHCIEn,1.15E-05,R-TfEn,1.14E-42,pepMHCIEn,0,REn,3.56E-07,imCxEn,1.89E-07,,,,,,,,,,
endosome148g,initSolubleContent,povaEn,0,NH3Cy,0,protonEn,1.036477302,FeEn,0,NH3En,0,NH4En,0,ovaEn,0,TfaEn,1.37E-09,solubleMarker,0,mvb,0,bead2,0,bead3,0,bead4,0,TfEn,0,pepEn,0,bead1,0
endosome149l,initOrgProp,area,10926.83503,volume,84135.60907,xcoor,49.46299537,ycoor,6.351384579,pH,7.286630657,,,,,,,,,,,,,,,,,,,,,,
endosome149l,initRabContent,RabC,5318.977069,RabB,5607.857961,,,,,,,,,,,,,,,,,,,,,,,,,,,,
endosome149l,initMembraneContent,,,,,,,,,,,,,,,,,,,,,,,,,,,,,,,,
endosome149l,initSolubleContent,protonEn,3.348597241,,,,,,,,,,,,,,,,,,,,,,,,,,,,,,
endosome150f,initOrgProp,area,50667.05244,volume,909985.6997,xcoor,19.1765217,ycoor,23.00531018,pH,8.655453995,,,,,,,,,,,,,,,,,,,,,,
endosome150f,initRabContent,RabA,19816.44158,RabB,14865.99448,RabD,15984.61638,,,,,,,,,,,,,,,,,,,,,,,,,,
endosome150f,initMembraneContent,EEA1,0.310324906,exCxEn,2.01E-11,R-TfaEn,8.86E-40,oMHCIEn,0.001127974,membraneMarker,0,M6PR,0.672539475,cMHCIEn,0.00666979,R-TfEn,5.02E-40,pepMHCIEn,0,REn,1.54E-04,imCxEn,2.01E-11,,,,,,,,,,
endosome150f,initSolubleContent,povaEn,0,NH3Cy,0,protonEn,1.011780401,FeEn,0,NH3En,0,NH4En,0,ovaEn,0,TfaEn,9.31E-08,solubleMarker,0,mvb,0.99108675,bead2,0,bead3,0,bead4,0,TfEn,0,pepEn,0,bead1,0
endosome151z,initOrgProp,area,47066.0335,volume,862624.2928,xcoor,33.81585126,ycoor,2.038246563,pH,8.611156742,,,,,,,,,,,,,,,,,,,,,,
endosome151z,initRabContent,RabA,13136.93499,RabB,14694.38347,RabC,10182.85681,RabD,9051.858223,,,,,,,,,,,,,,,,,,,,,,,,
endosome151z,initMembraneContent,EEA1,0.017715212,exCxEn,7.35E-11,R-TfaEn,1.10E-41,oMHCIEn,8.03E-05,membraneMarker,0,M6PR,0.037296187,cMHCIEn,7.69E-05,R-TfEn,6.26E-42,pepMHCIEn,0,REn,1.92E-06,imCxEn,7.35E-11,,,,,,,,,,
endosome151z,initSolubleContent,povaEn,0,NH3Cy,0,protonEn,1.111859116,FeEn,0,NH3En,0,NH4En,0,ovaEn,0,TfaEn,5.01E-09,solubleMarker,0,mvb,0.044993189,bead2,0,bead3,0,bead4,0,TfEn,0,pepEn,0,bead1,0
endosome152p,initOrgProp,area,11332.8056,volume,88195.31478,xcoor,49.28428505,ycoor,6.524745073,pH,7.291252263,,,,,,,,,,,,,,,,,,,,,,
endosome152p,initRabContent,RabC,5981.892659,RabB,5350.912942,,,,,,,,,,,,,,,,,,,,,,,,,,,,
endosome152p,initMembraneContent,,,,,,,,,,,,,,,,,,,,,,,,,,,,,,,,
endosome152p,initSolubleContent,protonEn,3.510173528,,,,,,,,,,,,,,,,,,,,,,,,,,,,,,
endosome153W,initOrgProp,area,9424.777961,volume,75398.22369,xcoor,28.00237873,ycoor,21.77923811,pH,7.478041582,,,,,,,,,,,,,,,,,,,,,,
endosome153W,initRabContent,RabC,9424.777961,,,,,,,,,,,,,,,,,,,,,,,,,,,,,,
endosome153W,initMembraneContent,EEA1,2.35E-04,exCxEn,5.59E-08,R-TfaEn,3.47E-42,oMHCIEn,1.59E-05,membraneMarker,0,M6PR,1.61E-04,cMHCIEn,1.80E-05,R-TfEn,1.76E-42,pepMHCIEn,0,REn,5.66E-07,imCxEn,5.59E-08,,,,,,,,,,
endosome153W,initSolubleContent,povaEn,0,NH3Cy,0,protonEn,1.507953804,FeEn,0,NH3En,0,NH4En,0,ovaEn,0,TfaEn,6.43E-10,solubleMarker,0,mvb,0,bead2,0,bead3,0,bead4,0,TfEn,0,pepEn,0,bead1,0
endosome154l,initOrgProp,area,9092.233077,volume,65789.58954,xcoor,45.35688893,ycoor,11.74377863,pH,7.259637522,,,,,,,,,,,,,,,,,,,,,,
endosome154l,initRabContent,RabC,4799.231912,RabB,4293.001165,,,,,,,,,,,,,,,,,,,,,,,,,,,,
endosome154l,initMembraneContent,,,,,,,,,,,,,,,,,,,,,,,,,,,,,,,,
endosome154l,initSolubleContent,protonEn,2.618425664,,,,,,,,,,,,,,,,,,,,,,,,,,,,,,
endosome155t,initOrgProp,area,10743.42475,volume,91042.0119,xcoor,22.54811833,ycoor,20.61177393,pH,7.747398881,,,,,,,,,,,,,,,,,,,,,,
endosome155t,initRabContent,RabC,10743.42475,,,,,,,,,,,,,,,,,,,,,,,,,,,,,,
endosome155t,initMembraneContent,EEA1,0.010788648,exCxEn,2.05E-04,R-TfaEn,4.33E-39,oMHCIEn,0.012511105,membraneMarker,0,M6PR,0.022850705,cMHCIEn,0.02103472,R-TfEn,1.69E-39,pepMHCIEn,0,REn,6.16E-04,imCxEn,2.05E-04,,,,,,,,,,
endosome155t,initSolubleContent,povaEn,0,NH3Cy,0,protonEn,0.628707009,FeEn,0,NH3En,0,NH4En,0,ovaEn,0,TfaEn,5.83E-08,solubleMarker,0,mvb,0,bead2,0,bead3,0,bead4,0,TfEn,0,pepEn,0,bead1,0
endosome156h,initOrgProp,area,8933.79635,volume,64205.22228,xcoor,43.10976423,ycoor,21.12380649,pH,7.256685813,,,,,,,,,,,,,,,,,,,,,,
endosome156h,initRabContent,RabC,1977.156338,RabB,6956.640012,,,,,,,,,,,,,,,,,,,,,,,,,,,,
endosome156h,initMembraneContent,,,,,,,,,,,,,,,,,,,,,,,,,,,,,,,,
endosome156h,initSolubleContent,protonEn,2.555367847,,,,,,,,,,,,,,,,,,,,,,,,,,,,,,
endosome157K,initOrgProp,area,7539.822369,volume,50265.48246,xcoor,3.543277828,ycoor,8.443878509,pH,7.224066642,,,,,,,,,,,,,,,,,,,,,,
endosome157K,initRabContent,RabD,1229.013834,RabA,2992.542614,RabB,3318.265921,,,,,,,,,,,,,,,,,,,,,,,,,,
endosome157K,initMembraneContent,,,,,,,,,,,,,,,,,,,,,,,,,,,,,,,,
endosome157K,initSolubleContent,protonEn,2.000566202,,,,,,,,,,,,,,,,,,,,,,,,,,,,,,
endosome158k,initOrgProp,area,7941.946228,volume,63453.23504,xcoor,26.82421971,ycoor,23.94640911,pH,7.333245817,,,,,,,,,,,,,,,,,,,,,,
endosome158k,initRabContent,RabG,1270.711397,RabH,1588.389246,RabE,4066.276469,RabF,1016.569117,,,,,,,,,,,,,,,,,,,,,,,,
endosome158k,initMembraneContent,EEA1,0.001272517,exCxEn,1.87E-07,R-TfaEn,1.37E-42,oMHCIEn,5.10E-06,membraneMarker,0,M6PR,0.012520984,cMHCIEn,7.45E-06,R-TfEn,7.41E-43,pepMHCIEn,0,REn,2.31E-07,imCxEn,1.87E-07,,,,,,,,,,
endosome158k,initSolubleContent,povaEn,0,NH3Cy,0,protonEn,1.945831841,FeEn,0,NH3En,0,NH4En,0,ovaEn,0,TfaEn,1.72E-09,solubleMarker,0,mvb,0,bead2,0,bead3,0,bead4,0,TfEn,0,pepEn,0,bead1,0
endosome159I,initOrgProp,area,10997.32554,volume,84840.51414,xcoor,48.52175177,ycoor,0.456665136,pH,7.28746123,,,,,,,,,,,,,,,,,,,,,,
endosome159I,initRabContent,RabC,1689.189202,RabB,9308.136335,,,,,,,,,,,,,,,,,,,,,,,,,,,,
endosome159I,initMembraneContent,,,,,,,,,,,,,,,,,,,,,,,,,,,,,,,,
endosome159I,initSolubleContent,protonEn,3.376652463,,,,,,,,,,,,,,,,,,,,,,,,,,,,,,
endosome160d,initOrgProp,area,9817.477042,volume,78184.61688,xcoor,24.5691436,ycoor,20.84943332,pH,7.646221602,,,,,,,,,,,,,,,,,,,,,,
endosome160d,initRabContent,RabE,9817.477042,,,,,,,,,,,,,,,,,,,,,,,,,,,,,,
endosome160d,initMembraneContent,EEA1,0.010030912,exCxEn,8.30E-07,R-TfaEn,6.79E-42,oMHCIEn,2.27E-07,membraneMarker,0,M6PR,22.10111324,cMHCIEn,3.06E-05,R-TfEn,1.45E-42,pepMHCIEn,0,REn,7.36E-07,imCxEn,8.30E-07,,,,,,,,,,
endosome160d,initSolubleContent,povaEn,0,NH3Cy,0,protonEn,0.765630045,FeEn,0,NH3En,0,NH4En,0,ovaEn,0,TfaEn,7.50E-08,solubleMarker,0,mvb,0,bead2,0,bead3,0,bead4,0,TfEn,0,pepEn,0,bead1,0
endosome161a,initOrgProp,area,7539.822369,volume,50265.48246,xcoor,22.34808267,ycoor,23.87367361,pH,7.331652503,,,,,,,,,,,,,,,,,,,,,,
endosome161a,initRabContent,RabE,7539.822369,,,,,,,,,,,,,,,,,,,,,,,,,,,,,,
endosome161a,initMembraneContent,EEA1,0.005112425,exCxEn,3.83E-07,R-TfaEn,3.59E-42,oMHCIEn,8.44E-06,membraneMarker,0,M6PR,49.96544238,cMHCIEn,1.98E-05,R-TfEn,1.60E-42,pepMHCIEn,0,REn,5.53E-07,imCxEn,3.83E-07,,,,,,,,,,
endosome161a,initSolubleContent,povaEn,0,NH3Cy,0,protonEn,1.342164276,FeEn,0,NH3En,0,NH4En,0,ovaEn,0,TfaEn,1.42E-07,solubleMarker,0,mvb,0,bead2,0,bead3,0,bead4,0,TfEn,0,pepEn,0,bead1,0
endosome162q,initOrgProp,area,11185.86152,volume,86725.87401,xcoor,0.586264102,ycoor,2.283087132,pH,7.289623792,,,,,,,,,,,,,,,,,,,,,,
endosome162q,initRabContent,RabC,5904.329897,RabB,5281.531627,,,,,,,,,,,,,,,,,,,,,,,,,,,,
endosome162q,initMembraneContent,,,,,,,,,,,,,,,,,,,,,,,,,,,,,,,,
endosome162q,initSolubleContent,protonEn,3.451689786,,,,,,,,,,,,,,,,,,,,,,,,,,,,,,
endosome163v,initOrgProp,area,13672.88349,volume,122565.0124,xcoor,22.2643658,ycoor,18.14340668,pH,7.40945369,,,,,,,,,,,,,,,,,,,,,,
endosome163v,initRabContent,RabI,2734.576697,RabG,1750.129086,RabH,2187.661358,RabE,5600.413076,RabF,1400.103269,,,,,,,,,,,,,,,,,,,,,,
endosome163v,initMembraneContent,EEA1,0.001640681,exCxEn,4.05E-04,R-TfaEn,1.81E-42,oMHCIEn,7.11E-06,membraneMarker,0,M6PR,0.022543307,cMHCIEn,9.78E-06,R-TfEn,9.65E-43,pepMHCIEn,0,REn,3.03E-07,imCxEn,4.05E-04,,,,,,,,,,
endosome163v,initSolubleContent,povaEn,0,NH3Cy,0,protonEn,3.774334284,FeEn,0,NH3En,0,NH4En,0,ovaEn,0,TfaEn,2.81E-09,solubleMarker,0,mvb,0,bead2,0,bead3,0,bead4,0,TfEn,0,pepEn,0,bead1,0
endosome164y,initOrgProp,area,10212.88456,volume,79624.77845,xcoor,29.33908806,ycoor,17.89170987,pH,7.653338819,,,,,,,,,,,,,,,,,,,,,,
endosome164y,initRabContent,RabC,10212.88456,,,,,,,,,,,,,,,,,,,,,,,,,,,,,,
endosome164y,initMembraneContent,EEA1,0.001889039,exCxEn,1.41E-05,R-TfaEn,1.42E-39,oMHCIEn,0.008621996,membraneMarker,0,M6PR,0.004362953,cMHCIEn,0.007743041,R-TfEn,7.84E-40,pepMHCIEn,0,REn,2.42E-04,imCxEn,1.41E-05,,,,,,,,,,
endosome164y,initSolubleContent,povaEn,0,NH3Cy,0,protonEn,0.768924991,FeEn,0,NH3En,0,NH4En,0,ovaEn,0,TfaEn,2.47E-08,solubleMarker,0,mvb,0,bead2,0,bead3,0,bead4,0,TfEn,0,pepEn,0,bead1,0
endosome165I,initOrgProp,area,14069.1024,volume,115558.2828,xcoor,9.883935228,ycoor,41.59730452,pH,7.314673575,,,,,,,,,,,,,,,,,,,,,,
endosome165I,initRabContent,RabC,7426.215832,RabB,6642.88657,,,,,,,,,,,,,,,,,,,,,,,,,,,,
endosome165I,initMembraneContent,,,,,,,,,,,,,,,,,,,,,,,,,,,,,,,,
endosome165I,initSolubleContent,protonEn,4.599219655,,,,,,,,,,,,,,,,,,,,,,,,,,,,,,
endosome166h,initOrgProp,area,7539.822369,volume,50265.48246,xcoor,23.67534209,ycoor,13.2935857,pH,7.694267697,,,,,,,,,,,,,,,,,,,,,,
endosome166h,initRabContent,RabI,1507.964474,RabG,965.0972632,RabH,1206.371579,RabE,3088.311242,RabF,772.0778105,,,,,,,,,,,,,,,,,,,,,,
endosome166h,initMembraneContent,EEA1,2.02E-05,exCxEn,1.65E-06,R-TfaEn,3.73E-45,oMHCIEn,1.79E-08,membraneMarker,0,M6PR,1.63E-04,cMHCIEn,2.08E-08,R-TfEn,2.07E-45,pepMHCIEn,0,REn,6.42E-10,imCxEn,1.65E-06,,,,,,,,,,
endosome166h,initSolubleContent,povaEn,0,NH3Cy,0,protonEn,0.016253744,FeEn,0,NH3En,0,NH4En,0,ovaEn,0,TfaEn,3.84E-10,solubleMarker,0,mvb,0,bead2,0,bead3,0,bead4,0,TfEn,0,pepEn,0,bead1,0
endosome167z,initOrgProp,area,10428.59645,volume,79153.22329,xcoor,47.02907754,ycoor,43.56476341,pH,7.280389294,,,,,,,,,,,,,,,,,,,,,,
endosome167z,initRabContent,RabC,5504.616134,RabB,4923.980318,,,,,,,,,,,,,,,,,,,,,,,,,,,,
endosome167z,initMembraneContent,,,,,,,,,,,,,,,,,,,,,,,,,,,,,,,,
endosome167z,initSolubleContent,protonEn,3.150298287,,,,,,,,,,,,,,,,,,,,,,,,,,,,,,
endosome168R,initOrgProp,area,7539.822369,volume,50265.48246,xcoor,47.68138943,ycoor,10.68112314,pH,7.22415127,,,,,,,,,,,,,,,,,,,,,,
endosome168R,initRabContent,RabD,2041.290185,RabA,3462.784511,RabB,2035.747673,,,,,,,,,,,,,,,,,,,,,,,,,,
endosome168R,initMembraneContent,EEA1,5.304962176,exCxEn,3.56E-14,R-TfaEn,6.65E-42,oMHCIEn,0.00423453,membraneMarker,0,M6PR,7.223471514,cMHCIEn,4.03E-05,R-TfEn,3.79E-42,pepMHCIEn,0,REn,1.16E-06,imCxEn,3.56E-14,,,,,,,,,,
endosome168R,initSolubleContent,povaEn,0,NH3Cy,0,protonEn,1.99998156,FeEn,0,NH3En,0,NH4En,0,ovaEn,0,TfaEn,1.89E-07,solubleMarker,0,mvb,0,bead2,0,bead3,0,bead4,0,TfEn,0,pepEn,0,bead1,0
endosome169r,initOrgProp,area,9985.783278,volume,74725.09155,xcoor,46.7354739,ycoor,48.01972677,pH,7.274232184,,,,,,,,,,,,,,,,,,,,,,
endosome169r,initRabContent,RabC,4415.248016,RabB,5570.535262,,,,,,,,,,,,,,,,,,,,,,,,,,,,
endosome169r,initMembraneContent,,,,,,,,,,,,,,,,,,,,,,,,,,,,,,,,
endosome169r,initSolubleContent,protonEn,2.974058644,,,,,,,,,,,,,,,,,,,,,,,,,,,,,,
endosome170e,initOrgProp,area,7539.822369,volume,50265.48246,xcoor,40.36669371,ycoor,39.37631918,pH,7.224066642,,,,,,,,,,,,,,,,,,,,,,
endosome170e,initRabContent,RabC,3979.80956,RabB,3560.012809,,,,,,,,,,,,,,,,,,,,,,,,,,,,
endosome170e,initMembraneContent,,,,,,,,,,,,,,,,,,,,,,,,,,,,,,,,
endosome170e,initSolubleContent,protonEn,2.000566202,,,,,,,,,,,,,,,,,,,,,,,,,,,,,,
endosome171a,initOrgProp,area,13823.00768,volume,125663.7061,xcoor,24.71339535,ycoor,16.34544423,pH,7.321499755,,,,,,,,,,,,,,,,,,,,,,
endosome171a,initRabContent,RabI,2764.601535,RabG,1769.344983,RabH,2211.681228,RabE,5661.903944,RabF,1415.475986,,,,,,,,,,,,,,,,,,,,,,
endosome171a,initMembraneContent,EEA1,0.001174633,exCxEn,4.25E-06,R-TfaEn,5.50E-44,oMHCIEn,1.14E-06,membraneMarker,0,M6PR,0.292291806,cMHCIEn,2.51E-07,R-TfEn,2.38E-44,pepMHCIEn,0,REn,8.96E-09,imCxEn,4.25E-06,,,,,,,,,,
endosome171a,initSolubleContent,povaEn,0,NH3Cy,0,protonEn,4.993908496,FeEn,0,NH3En,0,NH4En,0,ovaEn,0,TfaEn,3.49E-09,solubleMarker,0,mvb,0,bead2,0,bead3,0,bead4,0,TfEn,0,pepEn,0,bead1,0
endosome172q,initOrgProp,area,20574.62508,volume,229063.8865,xcoor,47.86746885,ycoor,39.72842838,pH,7.415618693,,,,,,,,,,,,,,,,,,,,,,
endosome172q,initRabContent,RabA,7455.360715,RabB,5605.060883,RabC,935.7193415,RabD,6578.484137,,,,,,,,,,,,,,,,,,,,,,,,
endosome172q,initMembraneContent,EEA1,1.309042401,R-TfaEn,8.93E-42,exCxEn,7.12E-08,oMHCIEn,2.41E-05,membraneMarker,0,M6PR,1.898287314,pepMHCIEn,0,R-TfEn,4.97E-42,cMHCIEn,6.35E-05,REn,1.53E-06,imCxEn,7.12E-08,,,,,,,,,,
endosome172q,initSolubleContent,povaEn,0,NH3Cy,0,protonEn,7.797067664,FeEn,0,NH3En,0,NH4En,0,ovaEn,0,solubleMarker,0,TfaEn,1.74E-07,bead2,0,mvb,0,bead3,0,bead4,0,TfEn,0,pepEn,0,bead1,0
endosome173m,initOrgProp,area,27578.95499,volume,398800.3399,xcoor,22.06999156,ycoor,31.50245624,pH,7.551426479,,,,,,,,,,,,,,,,,,,,,,
endosome173m,initRabContent,RabA,12658.76582,RabB,7156.873326,RabC,854.5132018,RabD,6908.802644,,,,,,,,,,,,,,,,,,,,,,,,
endosome173m,initMembraneContent,EEA1,6.10329353,exCxEn,9.30E-09,R-TfaEn,3.00E-41,oMHCIEn,0.007210809,membraneMarker,0,M6PR,9.243332609,cMHCIEn,1.92E-04,R-TfEn,1.70E-41,pepMHCIEn,0,REn,5.21E-06,imCxEn,9.30E-09,,,,,,,,,,
endosome173m,initSolubleContent,povaEn,0,NH3Cy,0,protonEn,10.20286341,FeEn,0,NH3En,0,NH4En,0,ovaEn,0,TfaEn,4.94E-07,solubleMarker,0,mvb,0.012262844,bead2,0,bead3,0,bead4,0,TfEn,0,pepEn,0,bead1,0
endosome174N,initOrgProp,area,12867.80844,volume,115846.8143,xcoor,19.47950502,ycoor,27.94571197,pH,7.314866799,,,,,,,,,,,,,,,,,,,,,,
endosome174N,initRabContent,RabA,6520.237524,RabB,2794.38751,RabC,1570.172815,RabD,1983.010591,,,,,,,,,,,,,,,,,,,,,,,,
endosome174N,initMembraneContent,,,,,,,,,,,,,,,,,,,,,,,,,,,,,,,,
endosome174N,initSolubleContent,protonEn,4.610703208,,,,,,,,,,,,,,,,,,,,,,,,,,,,,,
endosome175u,initOrgProp,area,7539.822369,volume,50265.48246,xcoor,6.311212236,ycoor,4.637708785,pH,7.224066642,,,,,,,,,,,,,,,,,,,,,,
endosome175u,initRabContent,RabC,2968.013366,RabB,4571.809002,,,,,,,,,,,,,,,,,,,,,,,,,,,,
endosome175u,initMembraneContent,,,,,,,,,,,,,,,,,,,,,,,,,,,,,,,,
endosome175u,initSolubleContent,protonEn,2.000566202,,,,,,,,,,,,,,,,,,,,,,,,,,,,,,
endosome176K,initOrgProp,area,7539.822369,volume,50265.48246,xcoor,49.45699377,ycoor,33.73898797,pH,7.224066642,,,,,,,,,,,,,,,,,,,,,,
endosome176K,initRabContent,RabC,3979.80956,RabB,3560.012809,,,,,,,,,,,,,,,,,,,,,,,,,,,,
endosome176K,initMembraneContent,,,,,,,,,,,,,,,,,,,,,,,,,,,,,,,,
endosome176K,initSolubleContent,protonEn,2.000566202,,,,,,,,,,,,,,,,,,,,,,,,,,,,,,
endosome177K,initOrgProp,area,7539.822369,volume,50265.48246,xcoor,49.21760441,ycoor,3.136803488,pH,7.224066642,,,,,,,,,,,,,,,,,,,,,,
endosome177K,initRabContent,RabC,2968.013366,RabB,4571.809002,,,,,,,,,,,,,,,,,,,,,,,,,,,,
endosome177K,initMembraneContent,,,,,,,,,,,,,,,,,,,,,,,,,,,,,,,,
endosome177K,initSolubleContent,protonEn,2.000566202,,,,,,,,,,,,,,,,,,,,,,,,,,,,,,
endosome178G,initOrgProp,area,11309.73355,volume,100530.9649,xcoor,25.92236589,ycoor,0.635708905,pH,7.302993897,,,,,,,,,,,,,,,,,,,,,,
endosome178G,initRabContent,RabI,2261.946711,RabG,1447.645895,RabH,1809.557368,RabF,5790.583579,,,,,,,,,,,,,,,,,,,,,,,,
endosome178G,initMembraneContent,EEA1,0,exCxEn,1.62E-06,R-TfaEn,3.82E-46,oMHCIEn,4.69E-11,membraneMarker,0,M6PR,0.003977468,cMHCIEn,6.15E-09,R-TfEn,5.57E-47,pepMHCIEn,0,REn,9.28E-11,imCxEn,1.62E-06,,,,,,,,,,
endosome178G,initSolubleContent,povaEn,0,NH3Cy,0,protonEn,4.003869261,FeEn,0,NH3En,0,NH4En,0,ovaEn,0,TfaEn,2.07E-09,solubleMarker,0,mvb,0,bead2,0,bead3,0,bead4,0,TfEn,0,pepEn,0,bead1,0
endosome179Z,initOrgProp,area,7539.822369,volume,50265.48246,xcoor,24.73810631,ycoor,7.701339386,pH,7.223868624,,,,,,,,,,,,,,,,,,,,,,
endosome179Z,initRabContent,RabI,1507.964474,RabG,965.0972632,RabH,1206.371579,RabE,3088.311242,RabF,772.0778105,,,,,,,,,,,,,,,,,,,,,,
endosome179Z,initMembraneContent,EEA1,0,exCxEn,1.08E-06,R-TfaEn,2.55E-46,oMHCIEn,3.13E-11,membraneMarker,0,M6PR,0.002651645,cMHCIEn,4.10E-09,R-TfEn,3.71E-47,pepMHCIEn,0,REn,6.19E-11,imCxEn,1.08E-06,,,,,,,,,,
endosome179Z,initSolubleContent,povaEn,0,NH3Cy,0,protonEn,2.001934631,FeEn,0,NH3En,0,NH4En,0,ovaEn,0,TfaEn,1.03E-09,solubleMarker,0,mvb,0,bead2,0,bead3,0,bead4,0,TfEn,0,pepEn,0,bead1,0
endosome180B,initOrgProp,area,14634.04925,volume,134795.4002,xcoor,42.19605947,ycoor,11.05127669,pH,7.325886427,,,,,,,,,,,,,,,,,,,,,,
endosome180B,initRabContent,RabD,1024.390597,RabA,6453.610713,RabB,7156.047936,,,,,,,,,,,,,,,,,,,,,,,,,,
endosome180B,initMembraneContent,,,,,,,,,,,,,,,,,,,,,,,,,,,,,,,,
endosome180B,initSolubleContent,protonEn,5.364856929,,,,,,,,,,,,,,,,,,,,,,,,,,,,,,
endosome181c,initOrgProp,area,7539.822369,volume,50265.48246,xcoor,38.60045134,ycoor,0.980771005,pH,7.224066642,,,,,,,,,,,,,,,,,,,,,,
endosome181c,initRabContent,RabD,753.9971371,RabA,3325.054363,RabB,3460.770868,,,,,,,,,,,,,,,,,,,,,,,,,,
endosome181c,initMembraneContent,,,,,,,,,,,,,,,,,,,,,,,,,,,,,,,,
endosome181c,initSolubleContent,protonEn,2.000566202,,,,,,,,,,,,,,,,,,,,,,,,,,,,,,
endosome182p,initOrgProp,area,10053.09649,volume,90369.35468,xcoor,26.41248913,ycoor,24.61259768,pH,7.307410286,,,,,,,,,,,,,,,,,,,,,,
endosome182p,initRabContent,RabE,8042.477193,RabF,2010.619298,,,,,,,,,,,,,,,,,,,,,,,,,,,,
endosome182p,initMembraneContent,EEA1,9.05E-04,exCxEn,7.76E-07,R-TfaEn,3.06E-43,oMHCIEn,9.54E-07,membraneMarker,0,M6PR,4.59E-07,cMHCIEn,1.48E-06,R-TfEn,1.25E-43,pepMHCIEn,0,REn,4.46E-08,imCxEn,7.76E-07,,,,,,,,,,
endosome182p,initSolubleContent,povaEn,0,NH3Cy,0,protonEn,3.452571426,FeEn,0,NH3En,0,NH4En,0,ovaEn,0,TfaEn,2.06E-09,solubleMarker,0,mvb,0,bead2,0,bead3,0,bead4,0,TfEn,0,pepEn,0,bead1,0
endosome183Q,initOrgProp,area,13980.08731,volume,120951.3172,xcoor,24.20391178,ycoor,0.875284166,pH,7.852414664,,,,,,,,,,,,,,,,,,,,,,
endosome183Q,initRabContent,RabI,4932.300466,RabG,1447.645895,RabH,1809.557368,RabF,5790.583579,,,,,,,,,,,,,,,,,,,,,,,,
endosome183Q,initMembraneContent,EEA1,0.002902057,exCxEn,1.27E-06,R-TfaEn,5.38E-43,oMHCIEn,4.12E-06,membraneMarker,0,M6PR,6.81E-04,cMHCIEn,3.04E-06,R-TfEn,3.02E-43,pepMHCIEn,0,REn,9.27E-08,imCxEn,1.27E-06,,,,,,,,,,
endosome183Q,initSolubleContent,povaEn,0,NH3Cy,0,protonEn,0.699010013,FeEn,0,NH3En,0,NH4En,0,ovaEn,0,TfaEn,8.21E-10,solubleMarker,0,mvb,0,bead2,0,bead3,0,bead4,0,TfEn,0,pepEn,0,bead1,0
endosome184C,initOrgProp,area,12740.25841,volume,102269.8428,xcoor,48.93108515,ycoor,1.847936297,pH,7.304710528,,,,,,,,,,,,,,,,,,,,,,
endosome184C,initRabContent,RabC,5633.148555,RabB,7107.109851,,,,,,,,,,,,,,,,,,,,,,,,,,,,
endosome184C,initMembraneContent,,,,,,,,,,,,,,,,,,,,,,,,,,,,,,,,
endosome184C,initSolubleContent,protonEn,4.070339745,,,,,,,,,,,,,,,,,,,,,,,,,,,,,,
endosome185N,initOrgProp,area,15284.47658,volume,133293.836,xcoor,27.10465476,ycoor,15.88670585,pH,7.346014133,,,,,,,,,,,,,,,,,,,,,,
endosome185N,initRabContent,RabI,3056.895316,RabG,1956.413002,RabH,2445.516253,RabE,6260.521606,RabF,1565.130402,,,,,,,,,,,,,,,,,,,,,,
endosome185N,initMembraneContent,EEA1,5.38E-04,exCxEn,3.78E-04,R-TfaEn,1.70E-43,oMHCIEn,3.28E-06,membraneMarker,0,M6PR,0.285118428,cMHCIEn,9.81E-07,R-TfEn,9.30E-44,pepMHCIEn,0,REn,2.90E-08,imCxEn,3.78E-04,,,,,,,,,,
endosome185N,initSolubleContent,povaEn,0,NH3Cy,0,protonEn,5.008913245,FeEn,0,NH3En,0,NH4En,0,ovaEn,0,TfaEn,2.75E-09,solubleMarker,0,mvb,0,bead2,0,bead3,0,bead4,0,TfEn,0,pepEn,0,bead1,0
endosome186h,initOrgProp,area,7539.822369,volume,50265.48246,xcoor,48.84486338,ycoor,8.794008985,pH,7.224066642,,,,,,,,,,,,,,,,,,,,,,
endosome186h,initRabContent,RabC,3979.80956,RabB,3560.012809,,,,,,,,,,,,,,,,,,,,,,,,,,,,
endosome186h,initMembraneContent,,,,,,,,,,,,,,,,,,,,,,,,,,,,,,,,
endosome186h,initSolubleContent,protonEn,2.000566202,,,,,,,,,,,,,,,,,,,,,,,,,,,,,,
endosome187B,initOrgProp,area,13980.08731,volume,120951.3172,xcoor,26.773055,ycoor,6.266723029,pH,7.852414664,,,,,,,,,,,,,,,,,,,,,,
endosome187B,initRabContent,RabI,2796.017462,RabG,1789.451175,RabH,2236.813969,RabF,7157.804702,,,,,,,,,,,,,,,,,,,,,,,,
endosome187B,initMembraneContent,EEA1,0.002902057,exCxEn,3.59E-06,R-TfaEn,5.38E-43,oMHCIEn,4.12E-06,membraneMarker,0,M6PR,6.81E-04,cMHCIEn,3.04E-06,R-TfEn,3.02E-43,pepMHCIEn,0,REn,9.27E-08,imCxEn,3.59E-06,,,,,,,,,,
endosome187B,initSolubleContent,povaEn,0,NH3Cy,0,protonEn,0.699010013,FeEn,0,NH3En,0,NH4En,0,ovaEn,0,TfaEn,8.21E-10,solubleMarker,0,mvb,0,bead2,0,bead3,0,bead4,0,TfEn,0,pepEn,0,bead1,0
endosome188l,initOrgProp,area,15302.11474,volume,127888.4062,xcoor,48.26299832,ycoor,49.45181458,pH,7.322216837,,,,,,,,,,,,,,,,,,,,,,
endosome188l,initRabContent,RabC,6765.882042,RabB,8536.232701,,,,,,,,,,,,,,,,,,,,,,,,,,,,
endosome188l,initMembraneContent,,,,,,,,,,,,,,,,,,,,,,,,,,,,,,,,
endosome188l,initSolubleContent,protonEn,5.089958567,,,,,,,,,,,,,,,,,,,,,,,,,,,,,,
endosome189k,initOrgProp,area,9801.769079,volume,72884.94956,xcoor,0.68263795,ycoor,2.235455407,pH,7.271481836,,,,,,,,,,,,,,,,,,,,,,
endosome189k,initRabContent,RabC,3858.417376,RabB,5943.351703,,,,,,,,,,,,,,,,,,,,,,,,,,,,
endosome189k,initMembraneContent,,,,,,,,,,,,,,,,,,,,,,,,,,,,,,,,
endosome189k,initSolubleContent,protonEn,2.900820993,,,,,,,,,,,,,,,,,,,,,,,,,,,,,,
endosome190M,initOrgProp,area,7539.822369,volume,50265.48246,xcoor,26.17675135,ycoor,2.591863787,pH,7.223868624,,,,,,,,,,,,,,,,,,,,,,
endosome190M,initRabContent,RabI,1507.964474,RabG,965.0972632,RabH,1206.371579,RabE,3088.311242,RabF,772.0778105,,,,,,,,,,,,,,,,,,,,,,
endosome190M,initMembraneContent,EEA1,0,exCxEn,1.08E-06,R-TfaEn,2.55E-46,oMHCIEn,3.13E-11,membraneMarker,0,M6PR,0.002651645,cMHCIEn,4.10E-09,R-TfEn,3.71E-47,pepMHCIEn,0,REn,6.19E-11,imCxEn,1.08E-06,,,,,,,,,,
endosome190M,initSolubleContent,povaEn,0,NH3Cy,0,protonEn,2.001934631,FeEn,0,NH3En,0,NH4En,0,ovaEn,0,TfaEn,1.03E-09,solubleMarker,0,mvb,0,bead2,0,bead3,0,bead4,0,TfEn,0,pepEn,0,bead1,0
endosome191g,initOrgProp,area,7539.822369,volume,50265.48246,xcoor,49.26839918,ycoor,1.484418494,pH,7.224066642,,,,,,,,,,,,,,,,,,,,,,
endosome191g,initRabContent,RabC,3979.80956,RabB,3560.012809,,,,,,,,,,,,,,,,,,,,,,,,,,,,
endosome191g,initMembraneContent,,,,,,,,,,,,,,,,,,,,,,,,,,,,,,,,
endosome191g,initSolubleContent,protonEn,2.000566202,,,,,,,,,,,,,,,,,,,,,,,,,,,,,,
endosome192w,initOrgProp,area,13323.67957,volume,117150.5238,xcoor,22.08463438,ycoor,21.47554438,pH,7.588471778,,,,,,,,,,,,,,,,,,,,,,
endosome192w,initRabContent,RabC,13323.67957,,,,,,,,,,,,,,,,,,,,,,,,,,,,,,
endosome192w,initMembraneContent,EEA1,0.009039028,exCxEn,6.84E-05,R-TfaEn,5.14E-39,oMHCIEn,0.014423116,membraneMarker,0,M6PR,0.037457893,cMHCIEn,0.023205806,R-TfEn,2.13E-39,pepMHCIEn,0,REn,7.53E-04,imCxEn,6.84E-05,,,,,,,,,,
endosome192w,initSolubleContent,povaEn,0,NH3Cy,0,protonEn,2.021846898,FeEn,0,NH3En,0,NH4En,0,ovaEn,0,TfaEn,1.41E-07,solubleMarker,0,mvb,0,bead2,0,bead3,0,bead4,0,TfEn,0,pepEn,0,bead1,0
endosome193D,initOrgProp,area,7539.822369,volume,50265.48246,xcoor,49.60085329,ycoor,3.958239723,pH,7.224066642,,,,,,,,,,,,,,,,,,,,,,
endosome193D,initRabContent,RabC,2570.464757,RabB,4969.357611,,,,,,,,,,,,,,,,,,,,,,,,,,,,
endosome193D,initMembraneContent,,,,,,,,,,,,,,,,,,,,,,,,,,,,,,,,
endosome193D,initSolubleContent,protonEn,2.000566202,,,,,,,,,,,,,,,,,,,,,,,,,,,,,,
endosome194g,initOrgProp,area,12566.37061,volume,100530.9649,xcoor,24.30888958,ycoor,19.39447299,pH,8.000242596,,,,,,,,,,,,,,,,,,,,,,
endosome194g,initRabContent,RabC,12566.37061,,,,,,,,,,,,,,,,,,,,,,,,,,,,,,
endosome194g,initMembraneContent,EEA1,8.67E-06,exCxEn,3.03E-05,R-TfaEn,1.45E-39,oMHCIEn,0.006228794,membraneMarker,0,M6PR,0.001178722,cMHCIEn,0.006994736,R-TfEn,5.67E-40,pepMHCIEn,0,REn,2.07E-04,imCxEn,3.03E-05,,,,,,,,,,
endosome194g,initSolubleContent,povaEn,0,NH3Cy,0,protonEn,0.004748243,FeEn,0,NH3En,0,NH4En,0,ovaEn,0,TfaEn,1.88E-10,solubleMarker,0,mvb,0,bead2,0,bead3,0,bead4,0,TfEn,0,pepEn,0,bead1,0
endosome195V,initOrgProp,area,7539.822369,volume,50265.48246,xcoor,35.35076028,ycoor,10.77980917,pH,7.252888153,,,,,,,,,,,,,,,,,,,,,,
endosome195V,initRabContent,RabC,7539.822369,,,,,,,,,,,,,,,,,,,,,,,,,,,,,,
endosome195V,initMembraneContent,EEA1,0.002832333,exCxEn,0,R-TfaEn,3.70E-39,oMHCIEn,0.009869451,membraneMarker,0,M6PR,0.00595782,cMHCIEn,0.023208287,R-TfEn,2.10E-39,pepMHCIEn,0,REn,6.42E-04,imCxEn,0,,,,,,,,,,
endosome195V,initSolubleContent,povaEn,0,NH3Cy,0,protonEn,1.807900421,FeEn,0,NH3En,0,NH4En,0,ovaEn,0,TfaEn,9.46E-08,solubleMarker,0,mvb,0,bead2,0,bead3,0,bead4,0,TfEn,0,pepEn,0,bead1,0
endosome196S,initOrgProp,area,7539.822369,volume,50265.48246,xcoor,27.34022855,ycoor,20.83394545,pH,7.696914233,,,,,,,,,,,,,,,,,,,,,,
endosome196S,initRabContent,RabC,7539.822369,,,,,,,,,,,,,,,,,,,,,,,,,,,,,,
endosome196S,initMembraneContent,EEA1,6.10E-05,exCxEn,4.01E-05,R-TfaEn,3.66E-39,oMHCIEn,0.007210822,membraneMarker,0,M6PR,0.001535436,cMHCIEn,0.016753326,R-TfEn,9.45E-40,pepMHCIEn,0,REn,4.28E-04,imCxEn,4.01E-05,,,,,,,,,,
endosome196S,initSolubleContent,povaEn,0,NH3Cy,0,protonEn,0.010079652,FeEn,0,NH3En,0,NH4En,0,ovaEn,0,TfaEn,9.14E-10,solubleMarker,0,mvb,0,bead2,0,bead3,0,bead4,0,TfEn,0,pepEn,0,bead1,0
endosome197Z,initOrgProp,area,13323.67957,volume,117150.5238,xcoor,22.67298068,ycoor,20.10068181,pH,7.588471778,,,,,,,,,,,,,,,,,,,,,,
endosome197Z,initRabContent,RabC,13323.67957,,,,,,,,,,,,,,,,,,,,,,,,,,,,,,
endosome197Z,initMembraneContent,EEA1,0.009039028,exCxEn,6.84E-05,R-TfaEn,5.14E-39,oMHCIEn,0.014423116,membraneMarker,0,M6PR,0.037457893,cMHCIEn,0.023205806,R-TfEn,2.13E-39,pepMHCIEn,0,REn,7.53E-04,imCxEn,6.84E-05,,,,,,,,,,
endosome197Z,initSolubleContent,povaEn,0,NH3Cy,0,protonEn,2.021846898,FeEn,0,NH3En,0,NH4En,0,ovaEn,0,TfaEn,1.41E-07,solubleMarker,0,mvb,0,bead2,0,bead3,0,bead4,0,TfEn,0,pepEn,0,bead1,0
endosome198P,initOrgProp,area,13323.67957,volume,117150.5238,xcoor,22.88696064,ycoor,22.62013208,pH,7.588471778,,,,,,,,,,,,,,,,,,,,,,
endosome198P,initRabContent,RabC,13323.67957,,,,,,,,,,,,,,,,,,,,,,,,,,,,,,
endosome198P,initMembraneContent,EEA1,0.009039028,exCxEn,6.84E-05,R-TfaEn,5.14E-39,oMHCIEn,0.014423116,membraneMarker,0,M6PR,0.037457893,cMHCIEn,0.023205806,R-TfEn,2.13E-39,pepMHCIEn,0,REn,7.53E-04,imCxEn,6.84E-05,,,,,,,,,,
endosome198P,initSolubleContent,povaEn,0,NH3Cy,0,protonEn,2.021846898,FeEn,0,NH3En,0,NH4En,0,ovaEn,0,TfaEn,1.41E-07,solubleMarker,0,mvb,0,bead2,0,bead3,0,bead4,0,TfEn,0,pepEn,0,bead1,0
endosome199j,initOrgProp,area,7539.822369,volume,50265.48246,xcoor,28.58171895,ycoor,23.06220697,pH,7.588540254,,,,,,,,,,,,,,,,,,,,,,
endosome199j,initRabContent,RabC,7539.822369,,,,,,,,,,,,,,,,,,,,,,,,,,,,,,
endosome199j,initMembraneContent,EEA1,0.004311621,exCxEn,4.75E-05,R-TfaEn,1.74E-39,oMHCIEn,0.003907729,membraneMarker,0,M6PR,0.011524417,cMHCIEn,0.008258932,R-TfEn,7.96E-40,pepMHCIEn,0,REn,2.69E-04,imCxEn,4.75E-05,,,,,,,,,,
endosome199j,initSolubleContent,povaEn,0,NH3Cy,0,protonEn,0.296371877,FeEn,0,NH3En,0,NH4En,0,ovaEn,0,TfaEn,2.28E-08,solubleMarker,0,mvb,0,bead2,0,bead3,0,bead4,0,TfEn,0,pepEn,0,bead1,0
endosome200e,initOrgProp,area,7539.822369,volume,50265.48246,xcoor,21.64750837,ycoor,21.13230471,pH,7.258959367,,,,,,,,,,,,,,,,,,,,,,
endosome200e,initRabContent,RabC,7539.822369,,,,,,,,,,,,,,,,,,,,,,,,,,,,,,
endosome200e,initMembraneContent,EEA1,0.003205222,exCxEn,4.33E-14,R-TfaEn,2.14E-39,oMHCIEn,0.015787688,membraneMarker,0,M6PR,0.008688905,cMHCIEn,0.013067606,R-TfEn,1.22E-39,pepMHCIEn,0,REn,3.72E-04,imCxEn,4.33E-14,,,,,,,,,,
endosome200e,initSolubleContent,povaEn,0,NH3Cy,0,protonEn,1.768920511,FeEn,0,NH3En,0,NH4En,0,ovaEn,0,TfaEn,1.07E-07,solubleMarker,0,mvb,0,bead2,0,bead3,0,bead4,0,TfEn,0,pepEn,0,bead1,0
endosome201y,initOrgProp,area,11835.68559,volume,93224.11467,xcoor,2.729365355,ycoor,3.706297178,pH,7.296477877,,,,,,,,,,,,,,,,,,,,,,
endosome201y,initRabContent,RabA,0,RabB,6308.066662,RabC,4999.820933,RabD,527.7979939,,,,,,,,,,,,,,,,,,,,,,,,
endosome201y,initMembraneContent,,,,,,,,,,,,,,,,,,,,,,,,,,,,,,,,
endosome201y,initSolubleContent,protonEn,3.710319764,,,,,,,,,,,,,,,,,,,,,,,,,,,,,,
endosome202O,initOrgProp,area,7539.822369,volume,50265.48246,xcoor,24.12190913,ycoor,23.80334323,pH,7.698644705,,,,,,,,,,,,,,,,,,,,,,
endosome202O,initRabContent,RabI,1507.964474,RabG,965.0972632,RabH,1206.371579,RabE,3088.311242,RabF,772.0778105,,,,,,,,,,,,,,,,,,,,,,
endosome202O,initMembraneContent,EEA1,1.03E-04,exCxEn,1.63E-05,R-TfaEn,7.59E-43,oMHCIEn,4.25E-06,membraneMarker,0,M6PR,3.99E-05,cMHCIEn,3.67E-06,R-TfEn,3.70E-43,pepMHCIEn,0,REn,1.21E-07,imCxEn,1.63E-05,,,,,,,,,,
endosome202O,initSolubleContent,povaEn,0,NH3Cy,0,protonEn,0.006062938,FeEn,0,NH3En,0,NH4En,0,ovaEn,0,TfaEn,7.70E-11,solubleMarker,0,mvb,0,bead2,0,bead3,0,bead4,0,TfEn,0,pepEn,0,bead1,0
endosome203B,initOrgProp,area,7539.822369,volume,50265.48246,xcoor,2.199721065,ycoor,47.70993742,pH,7.224066642,,,,,,,,,,,,,,,,,,,,,,
endosome203B,initRabContent,RabD,753.9968082,RabA,3325.054525,RabB,3460.771036,,,,,,,,,,,,,,,,,,,,,,,,,,
endosome203B,initMembraneContent,,,,,,,,,,,,,,,,,,,,,,,,,,,,,,,,
endosome203B,initSolubleContent,protonEn,2.000566202,,,,,,,,,,,,,,,,,,,,,,,,,,,,,,
endosome204D,initOrgProp,area,7539.822369,volume,50265.48246,xcoor,5.433668202,ycoor,0.357617963,pH,7.224066642,,,,,,,,,,,,,,,,,,,,,,
endosome204D,initRabContent,RabC,2570.464757,RabB,4969.357611,,,,,,,,,,,,,,,,,,,,,,,,,,,,
endosome204D,initMembraneContent,,,,,,,,,,,,,,,,,,,,,,,,,,,,,,,,
endosome204D,initSolubleContent,protonEn,2.000566202,,,,,,,,,,,,,,,,,,,,,,,,,,,,,,
endosome205g,initOrgProp,area,7539.822369,volume,50265.48246,xcoor,28.17385238,ycoor,24.75347758,pH,7.612034775,,,,,,,,,,,,,,,,,,,,,,
endosome205g,initRabContent,RabC,7539.822369,,,,,,,,,,,,,,,,,,,,,,,,,,,,,,
endosome205g,initMembraneContent,EEA1,0.00164254,exCxEn,1.16E-05,R-TfaEn,7.74E-40,oMHCIEn,0.004018268,membraneMarker,0,M6PR,9.22E-04,cMHCIEn,0.003367963,R-TfEn,3.95E-40,pepMHCIEn,0,REn,1.26E-04,imCxEn,1.16E-05,,,,,,,,,,
endosome205g,initSolubleContent,povaEn,0,NH3Cy,0,protonEn,0.228103813,FeEn,0,NH3En,0,NH4En,0,ovaEn,0,TfaEn,8.19E-09,solubleMarker,0,mvb,0,bead2,0,bead3,0,bead4,0,TfEn,0,pepEn,0,bead1,0
endosome206X,initOrgProp,area,14023.89414,volume,115106.2001,xcoor,49.44448024,ycoor,20.4061452,pH,7.314369049,,,,,,,,,,,,,,,,,,,,,,
endosome206X,initRabContent,RabC,6200.712456,RabB,7823.181679,,,,,,,,,,,,,,,,,,,,,,,,,,,,
endosome206X,initMembraneContent,,,,,,,,,,,,,,,,,,,,,,,,,,,,,,,,
endosome206X,initSolubleContent,protonEn,4.581226765,,,,,,,,,,,,,,,,,,,,,,,,,,,,,,
endosome207r,initOrgProp,area,23519.44125,volume,294262.7161,xcoor,10.70884099,ycoor,49.30795618,pH,7.394713588,,,,,,,,,,,,,,,,,,,,,,
endosome207r,initRabContent,RabA,10372.06955,RabB,10795.41933,RabD,2351.952373,,,,,,,,,,,,,,,,,,,,,,,,,,
endosome207r,initMembraneContent,EEA1,11.91204025,exCxEn,9.13E-08,R-TfaEn,6.65E-39,oMHCIEn,0.011033328,membraneMarker,0,M6PR,11.41569019,cMHCIEn,0.043036309,R-TfEn,3.77E-39,pepMHCIEn,0,REn,0.001154586,imCxEn,9.13E-08,,,,,,,,,,
endosome207r,initSolubleContent,povaEn,0,NH3Cy,0,protonEn,10.85827864,FeEn,0,NH3En,0,NH4En,0,ovaEn,0,TfaEn,1.02E-06,solubleMarker,0,mvb,0.011638281,bead2,0,bead3,0,bead4,0,TfEn,0,pepEn,0,bead1,0
endosome208q,initOrgProp,area,56687.24926,volume,1110737.474,xcoor,0.905736667,ycoor,20.60630528,pH,8.783626493,,,,,,,,,,,,,,,,,,,,,,
endosome208q,initRabContent,RabA,7369.624417,RabB,28013.4445,RabC,3920.302291,RabD,17383.87805,,,,,,,,,,,,,,,,,,,,,,,,
endosome208q,initMembraneContent,EEA1,4.00E-04,exCxEn,0,R-TfaEn,1.00E-42,oMHCIEn,1.27E-06,membraneMarker,0,M6PR,9.17E-04,cMHCIEn,5.93E-06,R-TfEn,5.68E-43,pepMHCIEn,0,REn,1.74E-07,imCxEn,0,,,,,,,,,,
endosome208q,initSolubleContent,povaEn,0,NH3Cy,0,protonEn,0.828036787,FeEn,0,NH3En,0,NH4En,0,ovaEn,0,TfaEn,7.18E-11,solubleMarker,0,mvb,1.007167023,bead2,0,bead3,0,bead4,0,TfEn,0,pepEn,0,bead1,0
endosome209r,initOrgProp,area,86889.37879,volume,2167806.206,xcoor,36.91749938,ycoor,48.66972003,pH,7.628059676,,,,,,,,,,,,,,,,,,,,,,
endosome209r,initRabContent,RabA,54134.5798,RabB,24913.65431,RabC,2502.979752,RabD,5338.164926,,,,,,,,,,,,,,,,,,,,,,,,
endosome209r,initMembraneContent,EEA1,13.83370819,exCxEn,0,R-TfaEn,8.62E-39,oMHCIEn,0.042042319,membraneMarker,0,M6PR,19.77801185,cMHCIEn,0.065361049,R-TfEn,4.88E-39,pepMHCIEn,0,REn,0.001492682,imCxEn,0,,,,,,,,,,
endosome209r,initSolubleContent,povaEn,0,NH3Cy,0,protonEn,50.04588984,FeEn,0,NH3En,0,NH4En,0,ovaEn,0,TfaEn,4.26E-06,solubleMarker,0,mvb,0.117513918,bead2,0,bead3,0,bead4,0,TfEn,0,pepEn,0,bead1,0
endosome210f,initOrgProp,area,15297.91979,volume,169633.576,xcoor,17.93850919,ycoor,26.8709297,pH,7.33520893,,,,,,,,,,,,,,,,,,,,,,
endosome210f,initRabContent,RabD,2902.03193,RabA,5464.558349,RabB,6931.329516,,,,,,,,,,,,,,,,,,,,,,,,,,
endosome210f,initMembraneContent,EEA1,1.692619693,exCxEn,0,R-TfaEn,4.90E-39,oMHCIEn,0.008758546,membraneMarker,0,M6PR,6.462813846,cMHCIEn,0.035247773,R-TfEn,2.78E-39,pepMHCIEn,0,REn,8.50E-04,imCxEn,0,,,,,,,,,,
endosome210f,initSolubleContent,povaEn,0,NH3Cy,0,protonEn,6.839762159,FeEn,0,NH3En,0,NH4En,0,ovaEn,0,TfaEn,6.48E-07,solubleMarker,0,mvb,0.006792643,bead2,0,bead3,0,bead4,0,TfEn,0,pepEn,0,bead1,0
endosome211F,initOrgProp,area,14023.91738,volume,115106.4325,xcoor,3.500840343,ycoor,1.52727361,pH,7.314369206,,,,,,,,,,,,,,,,,,,,,,
endosome211F,initRabContent,RabC,12566.37061,RabB,1457.546762,,,,,,,,,,,,,,,,,,,,,,,,,,,,
endosome211F,initMembraneContent,,,,,,,,,,,,,,,,,,,,,,,,,,,,,,,,
endosome211F,initSolubleContent,protonEn,4.581236015,,,,,,,,,,,,,,,,,,,,,,,,,,,,,,
endosome212y,initOrgProp,area,7539.822369,volume,50265.48246,xcoor,23.51111268,ycoor,19.85456662,pH,7.674755758,,,,,,,,,,,,,,,,,,,,,,
endosome212y,initRabContent,RabE,6031.857895,RabF,1507.964474,,,,,,,,,,,,,,,,,,,,,,,,,,,,
endosome212y,initMembraneContent,EEA1,3.44E-05,exCxEn,1.54E-07,R-TfaEn,8.99E-43,oMHCIEn,2.39E-06,membraneMarker,0,M6PR,0.001447711,cMHCIEn,4.32E-06,R-TfEn,3.56E-43,pepMHCIEn,0,REn,1.29E-07,imCxEn,1.54E-07,,,,,,,,,,
endosome212y,initSolubleContent,povaEn,0,NH3Cy,0,protonEn,0.062953088,FeEn,0,NH3En,0,NH4En,0,ovaEn,0,TfaEn,4.57E-10,solubleMarker,0,mvb,0,bead2,0,bead3,0,bead4,0,TfEn,0,pepEn,0,bead1,0
endosome213Q,initOrgProp,area,9367.260034,volume,68539.85911,xcoor,23.83473897,ycoor,49.36813735,pH,7.264480539,,,,,,,,,,,,,,,,,,,,,,
endosome213Q,initRabContent,RabC,3687.375064,RabB,5679.884971,,,,,,,,,,,,,,,,,,,,,,,,,,,,
endosome213Q,initMembraneContent,,,,,,,,,,,,,,,,,,,,,,,,,,,,,,,,
endosome213Q,initSolubleContent,protonEn,2.727886393,,,,,,,,,,,,,,,,,,,,,,,,,,,,,,
endosome214z,initOrgProp,area,7539.822369,volume,50265.48246,xcoor,32.88159298,ycoor,4.591317049,pH,7.697722935,,,,,,,,,,,,,,,,,,,,,,
endosome214z,initRabContent,RabG,1206.371579,RabH,1507.964474,RabE,3860.389053,RabF,965.0972632,,,,,,,,,,,,,,,,,,,,,,,,
endosome214z,initMembraneContent,EEA1,7.58E-06,exCxEn,3.85E-09,R-TfaEn,4.38E-46,oMHCIEn,2.63E-08,membraneMarker,0,M6PR,1.31E-05,cMHCIEn,2.15E-09,R-TfEn,1.95E-46,pepMHCIEn,0,REn,6.69E-11,imCxEn,3.85E-09,,,,,,,,,,
endosome214z,initSolubleContent,povaEn,0,NH3Cy,0,protonEn,0.008200527,FeEn,0,NH3En,0,NH4En,0,ovaEn,0,TfaEn,7.49E-12,solubleMarker,0,mvb,0,bead2,0,bead3,0,bead4,0,TfEn,0,pepEn,0,bead1,0
endosome215l,initOrgProp,area,9744.488818,volume,75361.2652,xcoor,21.31828126,ycoor,19.41694033,pH,7.275155689,,,,,,,,,,,,,,,,,,,,,,
endosome215l,initRabContent,RabC,9744.488818,,,,,,,,,,,,,,,,,,,,,,,,,,,,,,
endosome215l,initMembraneContent,,,,,,,,,,,,,,,,,,,,,,,,,,,,,,,,
endosome215l,initSolubleContent,protonEn,2.999378355,,,,,,,,,,,,,,,,,,,,,,,,,,,,,,
endosome216o,initOrgProp,area,9744.488818,volume,75361.2652,xcoor,20.7279341,ycoor,20.98038193,pH,7.275155689,,,,,,,,,,,,,,,,,,,,,,
endosome216o,initRabContent,RabC,9744.488818,,,,,,,,,,,,,,,,,,,,,,,,,,,,,,
endosome216o,initMembraneContent,,,,,,,,,,,,,,,,,,,,,,,,,,,,,,,,
endosome216o,initSolubleContent,protonEn,2.999378355,,,,,,,,,,,,,,,,,,,,,,,,,,,,,,
endosome217P,initOrgProp,area,12917.14048,volume,104038.6635,xcoor,0.522657119,ycoor,1.904226415,pH,7.306169226,,,,,,,,,,,,,,,,,,,,,,
endosome217P,initRabContent,RabC,6287.820197,RabB,6629.320279,,,,,,,,,,,,,,,,,,,,,,,,,,,,
endosome217P,initMembraneContent,,,,,,,,,,,,,,,,,,,,,,,,,,,,,,,,
endosome217P,initSolubleContent,protonEn,4.140738809,,,,,,,,,,,,,,,,,,,,,,,,,,,,,,
endosome218U,initOrgProp,area,15375.85507,volume,128625.8095,xcoor,29.88637705,ycoor,48.2395974,pH,7.322625864,,,,,,,,,,,,,,,,,,,,,,
endosome218U,initRabContent,RabC,7484.676059,RabB,7891.179014,,,,,,,,,,,,,,,,,,,,,,,,,,,,
endosome218U,initMembraneContent,,,,,,,,,,,,,,,,,,,,,,,,,,,,,,,,
endosome218U,initSolubleContent,protonEn,5.119307218,,,,,,,,,,,,,,,,,,,,,,,,,,,,,,
endosome219N,initOrgProp,area,12566.37061,volume,100530.9649,xcoor,26.67460969,ycoor,19.05615836,pH,7.504461294,,,,,,,,,,,,,,,,,,,,,,
endosome219N,initRabContent,RabC,12566.37061,,,,,,,,,,,,,,,,,,,,,,,,,,,,,,
endosome219N,initMembraneContent,EEA1,0.002889393,exCxEn,7.91E-05,R-TfaEn,5.15E-39,oMHCIEn,0.029857947,membraneMarker,0,M6PR,0.009385504,cMHCIEn,0.029468003,R-TfEn,2.56E-39,pepMHCIEn,0,REn,8.29E-04,imCxEn,7.91E-05,,,,,,,,,,
endosome219N,initSolubleContent,povaEn,0,NH3Cy,0,protonEn,2.1465784,FeEn,0,NH3En,0,NH4En,0,ovaEn,0,TfaEn,2.00E-07,solubleMarker,0,mvb,0,bead2,0,bead3,0,bead4,0,TfEn,0,pepEn,0,bead1,0
endosome220l,initOrgProp,area,7539.822369,volume,50265.48246,xcoor,24.88166774,ycoor,20.3056461,pH,7.700510675,,,,,,,,,,,,,,,,,,,,,,
endosome220l,initRabContent,RabC,3979.80956,RabB,3560.012809,,,,,,,,,,,,,,,,,,,,,,,,,,,,
endosome220l,initMembraneContent,EEA1,0.015287727,exCxEn,2.28E-07,R-TfaEn,3.08E-41,oMHCIEn,3.55E-07,membraneMarker,0,M6PR,3.38E-04,cMHCIEn,1.38E-04,R-TfEn,1.25E-41,pepMHCIEn,0,REn,4.46E-06,imCxEn,2.28E-07,,,,,,,,,,
endosome220l,initSolubleContent,povaEn,0,NH3Cy,0,protonEn,0.001749606,FeEn,0,NH3En,0,NH4En,0,ovaEn,0,TfaEn,1.46E-10,solubleMarker,0,mvb,0,bead2,0,bead3,0,bead4,0,TfEn,0,pepEn,0,bead1,0
endosome221Q,initOrgProp,area,13834.52007,volume,109658.5956,xcoor,47.68398555,ycoor,9.514446059,pH,7.385745563,,,,,,,,,,,,,,,,,,,,,,
endosome221Q,initRabContent,RabA,0,RabB,2261.946711,RabC,5066.167421,RabD,6506.405936,,,,,,,,,,,,,,,,,,,,,,,,
endosome221Q,initMembraneContent,EEA1,0.00812067,R-TfaEn,1.65E-42,exCxEn,3.24E-10,oMHCIEn,1.52E-04,membraneMarker,0,M6PR,2.409788564,pepMHCIEn,0,R-TfEn,9.36E-43,cMHCIEn,1.14E-05,REn,2.86E-07,imCxEn,3.24E-10,,,,,,,,,,
endosome221Q,initSolubleContent,povaEn,0,NH3Cy,0,protonEn,3.5112523,FeEn,0,NH3En,0,NH4En,0,ovaEn,0,solubleMarker,0,TfaEn,5.23E-08,bead2,0,mvb,0,bead3,0,bead4,0,TfEn,0,pepEn,0,bead1,0
endosome222k,initOrgProp,area,64408.67787,volume,1488637.579,xcoor,13.82023366,ycoor,22.85215928,pH,8.847607156,,,,,,,,,,,,,,,,,,,,,,
endosome222k,initRabContent,RabA,41496.2502,RabB,16319.13285,RabC,72.50578522,RabD,6520.789036,,,,,,,,,,,,,,,,,,,,,,,,
endosome222k,initMembraneContent,EEA1,1.748202704,exCxEn,3.00E-06,R-TfaEn,2.32E-39,oMHCIEn,5.00E-04,membraneMarker,0,M6PR,0.397608246,cMHCIEn,0.017663526,R-TfEn,1.29E-39,pepMHCIEn,0,REn,3.99E-04,imCxEn,3.00E-06,,,,,,,,,,
endosome222k,initSolubleContent,povaEn,0,NH3Cy,0,protonEn,1.114374062,FeEn,0,NH3En,0,NH4En,0,ovaEn,0,TfaEn,9.10E-08,solubleMarker,0,mvb,1.033079339,bead2,0,bead3,0,bead4,0,TfEn,0,pepEn,0,bead1,0
endosome223M,initOrgProp,area,9150.565712,volume,76454.86238,xcoor,28.47435636,ycoor,18.98391382,pH,7.791222637,,,,,,,,,,,,,,,,,,,,,,
endosome223M,initRabContent,RabC,9150.565712,,,,,,,,,,,,,,,,,,,,,,,,,,,,,,
endosome223M,initMembraneContent,EEA1,0.002291298,exCxEn,1.39E-05,R-TfaEn,1.22E-39,oMHCIEn,0.003617964,membraneMarker,0,M6PR,0.001457466,cMHCIEn,0.006589444,R-TfEn,6.35E-40,pepMHCIEn,0,REn,2.02E-04,imCxEn,1.39E-05,,,,,,,,,,
endosome223M,initSolubleContent,povaEn,0,NH3Cy,0,protonEn,0.236466841,FeEn,0,NH3En,0,NH4En,0,ovaEn,0,TfaEn,7.71E-09,solubleMarker,0,mvb,0,bead2,0,bead3,0,bead4,0,TfEn,0,pepEn,0,bead1,0
endosome224b,initOrgProp,area,12566.37061,volume,100530.9649,xcoor,27.4622028,ycoor,20.69779548,pH,7.985816149,,,,,,,,,,,,,,,,,,,,,,
endosome224b,initRabContent,RabE,12566.37061,,,,,,,,,,,,,,,,,,,,,,,,,,,,,,
endosome224b,initMembraneContent,EEA1,0.014856367,exCxEn,2.07E-07,R-TfaEn,3.27E-42,oMHCIEn,2.68E-07,membraneMarker,0,M6PR,3.233353602,cMHCIEn,1.56E-05,R-TfEn,1.19E-42,pepMHCIEn,0,REn,4.50E-07,imCxEn,2.07E-07,,,,,,,,,,
endosome224b,initSolubleContent,povaEn,0,NH3Cy,0,protonEn,0.038684622,FeEn,0,NH3En,0,NH4En,0,ovaEn,0,TfaEn,2.50E-09,solubleMarker,0,mvb,0,bead2,0,bead3,0,bead4,0,TfEn,0,pepEn,0,bead1,0
endosome225R,initOrgProp,area,7539.822369,volume,50265.48246,xcoor,8.039543428,ycoor,13.7803914,pH,7.224066642,,,,,,,,,,,,,,,,,,,,,,
endosome225R,initRabContent,RabC,2138.346704,RabB,5401.475665,,,,,,,,,,,,,,,,,,,,,,,,,,,,
endosome225R,initMembraneContent,,,,,,,,,,,,,,,,,,,,,,,,,,,,,,,,
endosome225R,initSolubleContent,protonEn,2.000566202,,,,,,,,,,,,,,,,,,,,,,,,,,,,,,
endosome226b,initOrgProp,area,7539.822369,volume,50265.48246,xcoor,45.30418953,ycoor,2.308249482,pH,7.224066642,,,,,,,,,,,,,,,,,,,,,,
endosome226b,initRabContent,RabD,1432.59247,RabA,4275.060929,RabB,1832.168969,,,,,,,,,,,,,,,,,,,,,,,,,,
endosome226b,initMembraneContent,EEA1,1.276480607,exCxEn,0,R-TfaEn,2.33E-39,oMHCIEn,0.004285401,membraneMarker,0,M6PR,2.997867506,cMHCIEn,0.017336542,R-TfEn,1.32E-39,pepMHCIEn,0,REn,4.05E-04,imCxEn,0,,,,,,,,,,
endosome226b,initSolubleContent,povaEn,0,NH3Cy,0,protonEn,2.000566202,FeEn,0,NH3En,0,NH4En,0,ovaEn,0,TfaEn,1.90E-07,solubleMarker,0,mvb,0,bead2,0,bead3,0,bead4,0,TfEn,0,pepEn,0,bead1,0
endosome227H,initOrgProp,area,7539.822369,volume,50265.48246,xcoor,0.408842712,ycoor,23.46382099,pH,7.224066642,,,,,,,,,,,,,,,,,,,,,,
endosome227H,initRabContent,RabC,3979.80956,RabB,3560.012809,,,,,,,,,,,,,,,,,,,,,,,,,,,,
endosome227H,initMembraneContent,,,,,,,,,,,,,,,,,,,,,,,,,,,,,,,,
endosome227H,initSolubleContent,protonEn,2.000566202,,,,,,,,,,,,,,,,,,,,,,,,,,,,,,
endosome228W,initOrgProp,area,8953.703874,volume,72781.57005,xcoor,22.61111564,ycoor,22.8218627,pH,7.568756462,,,,,,,,,,,,,,,,,,,,,,
endosome228W,initRabContent,RabC,8953.703874,,,,,,,,,,,,,,,,,,,,,,,,,,,,,,
endosome228W,initMembraneContent,EEA1,0.003666831,exCxEn,1.12E-05,R-TfaEn,2.04E-39,oMHCIEn,0.009220237,membraneMarker,0,M6PR,0.003521634,cMHCIEn,0.010374047,R-TfEn,1.06E-39,pepMHCIEn,0,REn,3.36E-04,imCxEn,1.12E-05,,,,,,,,,,
endosome228W,initSolubleContent,povaEn,0,NH3Cy,0,protonEn,0.964558467,FeEn,0,NH3En,0,NH4En,0,ovaEn,0,TfaEn,3.84E-08,solubleMarker,0,mvb,0,bead2,0,bead3,0,bead4,0,TfEn,0,pepEn,0,bead1,0
endosome229b,initOrgProp,area,7539.822369,volume,50265.48246,xcoor,23.25366661,ycoor,5.665195871,pH,7.698779642,,,,,,,,,,,,,,,,,,,,,,
endosome229b,initRabContent,RabI,1507.964474,RabG,965.0972632,RabH,1206.371579,RabE,3088.311242,RabF,772.0778105,,,,,,,,,,,,,,,,,,,,,,
endosome229b,initMembraneContent,EEA1,1.19E-04,exCxEn,2.30E-04,R-TfaEn,1.91E-44,oMHCIEn,6.03E-08,membraneMarker,0,M6PR,6.49E-06,cMHCIEn,1.04E-07,R-TfEn,1.04E-44,pepMHCIEn,0,REn,3.23E-09,imCxEn,2.30E-04,,,,,,,,,,
endosome229b,initSolubleContent,povaEn,0,NH3Cy,0,protonEn,0.005750398,FeEn,0,NH3En,0,NH4En,0,ovaEn,0,TfaEn,1.55E-11,solubleMarker,0,mvb,0,bead2,0,bead3,0,bead4,0,TfEn,0,pepEn,0,bead1,0
endosome230m,initOrgProp,area,12566.37061,volume,100530.9649,xcoor,15.52621253,ycoor,3.889479327,pH,7.303231498,,,,,,,,,,,,,,,,,,,,,,
endosome230m,initRabContent,RabC,5556.263477,RabB,7010.107137,,,,,,,,,,,,,,,,,,,,,,,,,,,,
endosome230m,initMembraneContent,,,,,,,,,,,,,,,,,,,,,,,,,,,,,,,,
endosome230m,initSolubleContent,protonEn,4.001132404,,,,,,,,,,,,,,,,,,,,,,,,,,,,,,
endosome231h,initOrgProp,area,7539.822369,volume,50265.48246,xcoor,49.39600356,ycoor,12.6788061,pH,7.224066642,,,,,,,,,,,,,,,,,,,,,,
endosome231h,initRabContent,RabC,603.1857895,RabB,6936.636579,,,,,,,,,,,,,,,,,,,,,,,,,,,,
endosome231h,initMembraneContent,,,,,,,,,,,,,,,,,,,,,,,,,,,,,,,,
endosome231h,initSolubleContent,protonEn,2.000566202,,,,,,,,,,,,,,,,,,,,,,,,,,,,,,
endosome232K,initOrgProp,area,7539.822369,volume,50265.48246,xcoor,28.15374673,ycoor,22.37244401,pH,7.256904491,,,,,,,,,,,,,,,,,,,,,,
endosome232K,initRabContent,RabC,2570.464757,RabB,4969.357611,,,,,,,,,,,,,,,,,,,,,,,,,,,,
endosome232K,initMembraneContent,EEA1,0.00223968,exCxEn,1.34E-07,R-TfaEn,2.09E-41,oMHCIEn,2.56E-09,membraneMarker,0,M6PR,0.00500546,cMHCIEn,1.00E-04,R-TfEn,1.13E-41,pepMHCIEn,0,REn,3.52E-06,imCxEn,1.34E-07,,,,,,,,,,
endosome232K,initSolubleContent,povaEn,0,NH3Cy,0,protonEn,1.782052774,FeEn,0,NH3En,0,NH4En,0,ovaEn,0,TfaEn,7.48E-09,solubleMarker,0,mvb,0,bead2,0,bead3,0,bead4,0,TfEn,0,pepEn,0,bead1,0
endosome233l,initOrgProp,area,7539.822369,volume,50265.48246,xcoor,49.36121783,ycoor,2.6024194,pH,7.224066642,,,,,,,,,,,,,,,,,,,,,,
endosome233l,initRabContent,RabC,2570.464757,RabB,4969.357611,,,,,,,,,,,,,,,,,,,,,,,,,,,,
endosome233l,initMembraneContent,,,,,,,,,,,,,,,,,,,,,,,,,,,,,,,,
endosome233l,initSolubleContent,protonEn,2.000566202,,,,,,,,,,,,,,,,,,,,,,,,,,,,,,
endosome234W,initOrgProp,area,7539.822369,volume,50265.48246,xcoor,21.57898999,ycoor,20.06193951,pH,7.69806092,,,,,,,,,,,,,,,,,,,,,,
endosome234W,initRabContent,RabG,1507.964474,RabE,4825.486316,RabF,1206.371579,,,,,,,,,,,,,,,,,,,,,,,,,,
endosome234W,initMembraneContent,EEA1,9.37E-05,exCxEn,1.92E-08,R-TfaEn,7.70E-43,oMHCIEn,5.31E-06,membraneMarker,0,M6PR,0.001255802,cMHCIEn,3.48E-06,R-TfEn,4.13E-43,pepMHCIEn,0,REn,1.29E-07,imCxEn,1.92E-08,,,,,,,,,,
endosome234W,initSolubleContent,povaEn,0,NH3Cy,0,protonEn,0.007416212,FeEn,0,NH3En,0,NH4En,0,ovaEn,0,TfaEn,4.72E-10,solubleMarker,0,mvb,0,bead2,0,bead3,0,bead4,0,TfEn,0,pepEn,0,bead1,0
endosome235T,initOrgProp,area,7539.822369,volume,50265.48246,xcoor,21.55372035,ycoor,24.33554612,pH,7.698351736,,,,,,,,,,,,,,,,,,,,,,
endosome235T,initRabContent,RabC,7539.822369,,,,,,,,,,,,,,,,,,,,,,,,,,,,,,
endosome235T,initMembraneContent,EEA1,8.52E-05,exCxEn,1.76E-06,R-TfaEn,7.01E-40,oMHCIEn,0.004835538,membraneMarker,0,M6PR,0.001141444,cMHCIEn,0.003167396,R-TfEn,3.76E-40,pepMHCIEn,0,REn,1.18E-04,imCxEn,1.76E-06,,,,,,,,,,
endosome235T,initSolubleContent,povaEn,0,NH3Cy,0,protonEn,0.006741843,FeEn,0,NH3En,0,NH4En,0,ovaEn,0,TfaEn,4.29E-10,solubleMarker,0,mvb,0,bead2,0,bead3,0,bead4,0,TfEn,0,pepEn,0,bead1,0
endosome236p,initOrgProp,area,7539.822369,volume,50265.48246,xcoor,46.59931498,ycoor,19.77786743,pH,7.224066642,,,,,,,,,,,,,,,,,,,,,,
endosome236p,initRabContent,RabD,1860.10554,RabA,2693.283285,RabB,2986.433544,,,,,,,,,,,,,,,,,,,,,,,,,,
endosome236p,initMembraneContent,,,,,,,,,,,,,,,,,,,,,,,,,,,,,,,,
endosome236p,initSolubleContent,protonEn,2.000566202,,,,,,,,,,,,,,,,,,,,,,,,,,,,,,
endosome237B,initOrgProp,area,12472.46145,volume,99591.87329,xcoor,0.664706357,ycoor,32.62521732,pH,7.302413428,,,,,,,,,,,,,,,,,,,,,,
endosome237B,initRabContent,RabC,5514.741222,RabB,6957.72023,,,,,,,,,,,,,,,,,,,,,,,,,,,,
endosome237B,initMembraneContent,,,,,,,,,,,,,,,,,,,,,,,,,,,,,,,,
endosome237B,initSolubleContent,protonEn,3.963756557,,,,,,,,,,,,,,,,,,,,,,,,,,,,,,
endosome238a,initOrgProp,area,10681.41502,volume,92105.10334,xcoor,21.03114577,ycoor,22.16669328,pH,7.512541671,,,,,,,,,,,,,,,,,,,,,,
endosome238a,initRabContent,RabC,10681.41502,,,,,,,,,,,,,,,,,,,,,,,,,,,,,,
endosome238a,initMembraneContent,EEA1,0.004383237,exCxEn,1.66E-05,R-TfaEn,1.87E-39,oMHCIEn,0.005024331,membraneMarker,0,M6PR,0.024973297,cMHCIEn,0.010309805,R-TfEn,8.68E-40,pepMHCIEn,0,REn,2.92E-04,imCxEn,1.66E-05,,,,,,,,,,
endosome238a,initSolubleContent,povaEn,0,NH3Cy,0,protonEn,1.829710609,FeEn,0,NH3En,0,NH4En,0,ovaEn,0,TfaEn,8.05E-08,solubleMarker,0,mvb,0,bead2,0,bead3,0,bead4,0,TfEn,0,pepEn,0,bead1,0
endosome239q,initOrgProp,area,10681.41502,volume,92105.10334,xcoor,21.50797935,ycoor,19.1811014,pH,7.512541671,,,,,,,,,,,,,,,,,,,,,,
endosome239q,initRabContent,RabC,10681.41502,,,,,,,,,,,,,,,,,,,,,,,,,,,,,,
endosome239q,initMembraneContent,EEA1,0.004383237,exCxEn,1.66E-05,R-TfaEn,1.87E-39,oMHCIEn,0.005024331,membraneMarker,0,M6PR,0.024973297,cMHCIEn,0.010309805,R-TfEn,8.68E-40,pepMHCIEn,0,REn,2.92E-04,imCxEn,1.66E-05,,,,,,,,,,
endosome239q,initSolubleContent,povaEn,0,NH3Cy,0,protonEn,1.829710609,FeEn,0,NH3En,0,NH4En,0,ovaEn,0,TfaEn,8.05E-08,solubleMarker,0,mvb,0,bead2,0,bead3,0,bead4,0,TfEn,0,pepEn,0,bead1,0
endosome240Q,initOrgProp,area,10681.41502,volume,92105.10334,xcoor,21.88323609,ycoor,20.86331361,pH,7.512541671,,,,,,,,,,,,,,,,,,,,,,
endosome240Q,initRabContent,RabC,10681.41502,,,,,,,,,,,,,,,,,,,,,,,,,,,,,,
endosome240Q,initMembraneContent,EEA1,0.004383237,exCxEn,1.66E-05,R-TfaEn,1.87E-39,oMHCIEn,0.005024331,membraneMarker,0,M6PR,0.024973297,cMHCIEn,0.010309805,R-TfEn,8.68E-40,pepMHCIEn,0,REn,2.92E-04,imCxEn,1.66E-05,,,,,,,,,,
endosome240Q,initSolubleContent,povaEn,0,NH3Cy,0,protonEn,1.829710609,FeEn,0,NH3En,0,NH4En,0,ovaEn,0,TfaEn,8.05E-08,solubleMarker,0,mvb,0,bead2,0,bead3,0,bead4,0,TfEn,0,pepEn,0,bead1,0
endosome241Z,initOrgProp,area,7539.822369,volume,50265.48246,xcoor,25.46275546,ycoor,5.933109503,pH,7.28626793,,,,,,,,,,,,,,,,,,,,,,
endosome241Z,initRabContent,RabI,1507.964474,RabG,965.0972632,RabH,1206.371579,RabE,3088.311242,RabF,772.0778105,,,,,,,,,,,,,,,,,,,,,,
endosome241Z,initMembraneContent,EEA1,5.66E-04,exCxEn,7.47E-05,R-TfaEn,4.49E-43,oMHCIEn,1.86E-06,membraneMarker,0,M6PR,0.003035502,cMHCIEn,2.43E-06,R-TfEn,2.37E-43,pepMHCIEn,0,REn,7.47E-08,imCxEn,7.47E-05,,,,,,,,,,
endosome241Z,initSolubleContent,povaEn,0,NH3Cy,0,protonEn,1.600171089,FeEn,0,NH3En,0,NH4En,0,ovaEn,0,TfaEn,2.23E-09,solubleMarker,0,mvb,0,bead2,0,bead3,0,bead4,0,TfEn,0,pepEn,0,bead1,0
endosome242G,initOrgProp,area,9738.937226,volume,75398.22369,xcoor,49.0863418,ycoor,8.250762166,pH,7.6228325,,,,,,,,,,,,,,,,,,,,,,
endosome242G,initRabContent,RabC,9738.937226,,,,,,,,,,,,,,,,,,,,,,,,,,,,,,
endosome242G,initMembraneContent,EEA1,0.001467036,exCxEn,1.01E-05,R-TfaEn,1.02E-39,oMHCIEn,0.003520337,membraneMarker,0,M6PR,0.001825823,cMHCIEn,0.005636908,R-TfEn,5.51E-40,pepMHCIEn,0,REn,1.72E-04,imCxEn,1.01E-05,,,,,,,,,,
endosome242G,initSolubleContent,povaEn,0,NH3Cy,0,protonEn,0.796919469,FeEn,0,NH3En,0,NH4En,0,ovaEn,0,TfaEn,2.19E-08,solubleMarker,0,mvb,0,bead2,0,bead3,0,bead4,0,TfEn,0,pepEn,0,bead1,0
endosome243A,initOrgProp,area,9738.937226,volume,75398.22369,xcoor,28.08708925,ycoor,22.27621805,pH,7.6228325,,,,,,,,,,,,,,,,,,,,,,
endosome243A,initRabContent,RabC,9738.937226,,,,,,,,,,,,,,,,,,,,,,,,,,,,,,
endosome243A,initMembraneContent,EEA1,0.001467036,exCxEn,1.01E-05,R-TfaEn,1.02E-39,oMHCIEn,0.003520337,membraneMarker,0,M6PR,0.001825823,cMHCIEn,0.005636908,R-TfEn,5.51E-40,pepMHCIEn,0,REn,1.72E-04,imCxEn,1.01E-05,,,,,,,,,,
endosome243A,initSolubleContent,povaEn,0,NH3Cy,0,protonEn,0.796919469,FeEn,0,NH3En,0,NH4En,0,ovaEn,0,TfaEn,2.19E-08,solubleMarker,0,mvb,0,bead2,0,bead3,0,bead4,0,TfEn,0,pepEn,0,bead1,0
endosome244K,initOrgProp,area,9738.937226,volume,75398.22369,xcoor,29.98623545,ycoor,21.76226497,pH,7.6228325,,,,,,,,,,,,,,,,,,,,,,
endosome244K,initRabContent,RabC,9738.937226,,,,,,,,,,,,,,,,,,,,,,,,,,,,,,
endosome244K,initMembraneContent,EEA1,0.001467036,exCxEn,1.01E-05,R-TfaEn,1.02E-39,oMHCIEn,0.003520337,membraneMarker,0,M6PR,0.001825823,cMHCIEn,0.005636908,R-TfEn,5.51E-40,pepMHCIEn,0,REn,1.72E-04,imCxEn,1.01E-05,,,,,,,,,,
endosome244K,initSolubleContent,povaEn,0,NH3Cy,0,protonEn,0.796919469,FeEn,0,NH3En,0,NH4En,0,ovaEn,0,TfaEn,2.19E-08,solubleMarker,0,mvb,0,bead2,0,bead3,0,bead4,0,TfEn,0,pepEn,0,bead1,0
endosome245M,initOrgProp,area,7539.822369,volume,50265.48246,xcoor,1.334738515,ycoor,21.8754493,pH,7.224066642,,,,,,,,,,,,,,,,,,,,,,
endosome245M,initRabContent,RabC,2570.464757,RabB,4969.357611,,,,,,,,,,,,,,,,,,,,,,,,,,,,
endosome245M,initMembraneContent,,,,,,,,,,,,,,,,,,,,,,,,,,,,,,,,
endosome245M,initSolubleContent,protonEn,2.000566202,,,,,,,,,,,,,,,,,,,,,,,,,,,,,,
endosome246E,initOrgProp,area,7539.822369,volume,50265.48246,xcoor,24.64439816,ycoor,25.22763542,pH,7.690352043,,,,,,,,,,,,,,,,,,,,,,
endosome246E,initRabContent,RabE,6031.857895,RabF,1507.964474,,,,,,,,,,,,,,,,,,,,,,,,,,,,
endosome246E,initMembraneContent,EEA1,0.001190419,exCxEn,4.05E-08,R-TfaEn,2.16E-42,oMHCIEn,8.73E-06,membraneMarker,0,M6PR,3.19E-04,cMHCIEn,1.23E-05,R-TfEn,1.14E-42,pepMHCIEn,0,REn,3.60E-07,imCxEn,4.05E-08,,,,,,,,,,
endosome246E,initSolubleContent,povaEn,0,NH3Cy,0,protonEn,0.025457847,FeEn,0,NH3En,0,NH4En,0,ovaEn,0,TfaEn,1.94E-09,solubleMarker,0,mvb,0,bead2,0,bead3,0,bead4,0,TfEn,0,pepEn,0,bead1,0
endosome247h,initOrgProp,area,7539.822369,volume,50265.48246,xcoor,27.14381678,ycoor,13.61582364,pH,7.690843553,,,,,,,,,,,,,,,,,,,,,,
endosome247h,initRabContent,RabG,1206.371579,RabH,1507.964474,RabE,3860.389053,RabF,965.0972632,,,,,,,,,,,,,,,,,,,,,,,,
endosome247h,initMembraneContent,EEA1,1.14E-05,exCxEn,2.18E-08,R-TfaEn,7.51E-43,oMHCIEn,2.36E-06,membraneMarker,0,M6PR,4.30E-07,cMHCIEn,4.06E-06,R-TfEn,3.92E-43,pepMHCIEn,0,REn,1.24E-07,imCxEn,2.18E-08,,,,,,,,,,
endosome247h,initSolubleContent,povaEn,0,NH3Cy,0,protonEn,0.024297947,FeEn,0,NH3En,0,NH4En,0,ovaEn,0,TfaEn,5.61E-11,solubleMarker,0,mvb,0,bead2,0,bead3,0,bead4,0,TfEn,0,pepEn,0,bead1,0
endosome248x,initOrgProp,area,69949.57607,volume,1585314.265,xcoor,25.92813881,ycoor,38.7760856,pH,7.621883892,,,,,,,,,,,,,,,,,,,,,,
endosome248x,initRabContent,RabI,5363.600473,RabG,1350.641686,RabH,1208.42383,RabE,36598.74054,RabF,7516.802085,RabC,4041.684943,RabD,2513.274455,RabA,6623.241978,RabB,4733.166078,,,,,,,,,,,,,,
endosome248x,initMembraneContent,EEA1,2.635912872,exCxEn,4.53E-04,R-TfaEn,2.32E-39,oMHCIEn,0.004417779,membraneMarker,0,M6PR,1.835791325,cMHCIEn,0.012021399,R-TfEn,9.23E-40,pepMHCIEn,0,REn,3.32E-04,imCxEn,4.53E-04,,,,,,,,,,
endosome248x,initSolubleContent,povaEn,0,NH3Cy,0,protonEn,36.86443453,FeEn,0,NH3En,0,NH4En,0,ovaEn,0,TfaEn,3.58E-07,solubleMarker,0,mvb,0.022678575,bead2,0,bead3,0,bead4,0,TfEn,0,pepEn,0,bead1,0
endosome249i,initOrgProp,area,33188.95494,volume,546290.3272,xcoor,3.654353756,ycoor,36.75630098,pH,7.50784964,,,,,,,,,,,,,,,,,,,,,,
endosome249i,initRabContent,RabA,16307.53657,RabB,13877.39411,RabC,603.1857895,RabD,2400.838468,,,,,,,,,,,,,,,,,,,,,,,,
endosome249i,initMembraneContent,EEA1,7.056652513,exCxEn,1.88E-08,R-TfaEn,1.16E-38,oMHCIEn,0.01865455,membraneMarker,0,M6PR,9.057493083,cMHCIEn,0.077150236,R-TfEn,6.57E-39,pepMHCIEn,0,REn,0.002012186,imCxEn,1.88E-08,,,,,,,,,,
endosome249i,initSolubleContent,povaEn,0,NH3Cy,0,protonEn,15.96578154,FeEn,0,NH3En,0,NH4En,0,ovaEn,0,TfaEn,1.51E-06,solubleMarker,0,mvb,1.020819407,bead2,0,bead3,0,bead4,0,TfEn,0,pepEn,0,bead1,0
endosome250d,initOrgProp,area,20919.13815,volume,221757.7521,xcoor,38.24982569,ycoor,0.623406598,pH,7.353503884,,,,,,,,,,,,,,,,,,,,,,
endosome250d,initRabContent,RabA,6193.551757,RabB,1734.654006,RabC,5177.688829,RabD,7813.243559,,,,,,,,,,,,,,,,,,,,,,,,
endosome250d,initMembraneContent,,,,,,,,,,,,,,,,,,,,,,,,,,,,,,,,
endosome250d,initSolubleContent,protonEn,8.825958534,,,,,,,,,,,,,,,,,,,,,,,,,,,,,,
endosome251e,initOrgProp,area,7539.822369,volume,50265.48246,xcoor,18.42062164,ycoor,7.668237241,pH,7.224066642,,,,,,,,,,,,,,,,,,,,,,
endosome251e,initRabContent,RabD,1432.59247,RabA,2992.54265,RabB,3114.687248,,,,,,,,,,,,,,,,,,,,,,,,,,
endosome251e,initMembraneContent,,,,,,,,,,,,,,,,,,,,,,,,,,,,,,,,
endosome251e,initSolubleContent,protonEn,2.000566202,,,,,,,,,,,,,,,,,,,,,,,,,,,,,,
endosome252S,initOrgProp,area,7539.822369,volume,50265.48246,xcoor,24.96996795,ycoor,16.69938686,pH,7.277835745,,,,,,,,,,,,,,,,,,,,,,
endosome252S,initRabContent,RabI,1507.964474,RabG,965.0972632,RabH,1206.371579,RabF,3860.389053,,,,,,,,,,,,,,,,,,,,,,,,
endosome252S,initMembraneContent,EEA1,5.17E-04,exCxEn,1.37E-04,R-TfaEn,3.82E-43,oMHCIEn,1.59E-06,membraneMarker,0,M6PR,0.021632375,cMHCIEn,2.07E-06,R-TfEn,2.00E-43,pepMHCIEn,0,REn,6.33E-08,imCxEn,1.37E-04,,,,,,,,,,
endosome252S,initSolubleContent,povaEn,0,NH3Cy,0,protonEn,1.651148839,FeEn,0,NH3En,0,NH4En,0,ovaEn,0,TfaEn,2.02E-09,solubleMarker,0,mvb,0,bead2,0,bead3,0,bead4,0,TfEn,0,pepEn,0,bead1,0
endosome253d,initOrgProp,area,8143.008158,volume,65144.06526,xcoor,26.67078227,ycoor,18.21489384,pH,7.615666036,,,,,,,,,,,,,,,,,,,,,,
endosome253d,initRabContent,RabC,8143.008158,,,,,,,,,,,,,,,,,,,,,,,,,,,,,,
endosome253d,initMembraneContent,EEA1,0.001626558,exCxEn,1.71E-05,R-TfaEn,3.19E-39,oMHCIEn,0.001849257,membraneMarker,0,M6PR,4.84E-04,R-TfEn,1.68E-39,cMHCIEn,0.018461815,pepMHCIEn,0,REn,5.31E-04,imCxEn,1.71E-05,,,,,,,,,,
endosome253d,initSolubleContent,povaEn,0,NH3Cy,0,protonEn,0.578370011,FeEn,0,NH3En,0,NH4En,0,ovaEn,0,TfaEn,5.39E-08,solubleMarker,0,bead2,0,mvb,0,bead3,0,bead4,0,TfEn,0,pepEn,0,bead1,0
endosome254F,initOrgProp,area,11963.18482,volume,94499.10702,xcoor,46.84211193,ycoor,0.681595944,pH,7.297723643,,,,,,,,,,,,,,,,,,,,,,
endosome254F,initRabContent,RabC,5289.56283,RabB,6673.621995,,,,,,,,,,,,,,,,,,,,,,,,,,,,
endosome254F,initMembraneContent,,,,,,,,,,,,,,,,,,,,,,,,,,,,,,,,
endosome254F,initSolubleContent,protonEn,3.761064459,,,,,,,,,,,,,,,,,,,,,,,,,,,,,,
endosome255N,initOrgProp,area,12566.37061,volume,100530.9649,xcoor,24.05040247,ycoor,21.93522054,pH,7.997156892,,,,,,,,,,,,,,,,,,,,,,
endosome255N,initRabContent,RabC,12566.37061,,,,,,,,,,,,,,,,,,,,,,,,,,,,,,
endosome255N,initMembraneContent,EEA1,7.23E-05,exCxEn,3.27E-05,R-TfaEn,3.27E-39,oMHCIEn,0.007568753,membraneMarker,0,M6PR,9.27E-07,cMHCIEn,0.01448084,R-TfEn,1.38E-39,pepMHCIEn,0,REn,4.85E-04,imCxEn,3.27E-05,,,,,,,,,,
endosome255N,initSolubleContent,povaEn,0,NH3Cy,0,protonEn,0.011912495,FeEn,0,NH3En,0,NH4En,0,ovaEn,0,TfaEn,2.87E-10,solubleMarker,0,mvb,0,bead2,0,bead3,0,bead4,0,TfEn,0,pepEn,0,bead1,0
endosome256H,initOrgProp,area,9116.490497,volume,66032.16375,xcoor,24.04446701,ycoor,5.574444384,pH,7.26007866,,,,,,,,,,,,,,,,,,,,,,
endosome256H,initRabContent,RabC,2585.500885,RabB,6530.989612,,,,,,,,,,,,,,,,,,,,,,,,,,,,
endosome256H,initMembraneContent,,,,,,,,,,,,,,,,,,,,,,,,,,,,,,,,
endosome256H,initSolubleContent,protonEn,2.628080117,,,,,,,,,,,,,,,,,,,,,,,,,,,,,,
endosome257Y,initOrgProp,area,9116.490497,volume,66032.16375,xcoor,34.70084734,ycoor,0.720012375,pH,7.26007866,,,,,,,,,,,,,,,,,,,,,,
endosome257Y,initRabContent,RabC,3107.980054,RabB,6008.510443,,,,,,,,,,,,,,,,,,,,,,,,,,,,
endosome257Y,initMembraneContent,,,,,,,,,,,,,,,,,,,,,,,,,,,,,,,,
endosome257Y,initSolubleContent,protonEn,2.628080117,,,,,,,,,,,,,,,,,,,,,,,,,,,,,,
endosome258w,initOrgProp,area,12566.37061,volume,100530.9649,xcoor,0.608800272,ycoor,26.15513327,pH,7.303231498,,,,,,,,,,,,,,,,,,,,,,
endosome258w,initRabContent,RabD,879.6460085,RabA,5541.769395,RabB,6144.955211,,,,,,,,,,,,,,,,,,,,,,,,,,
endosome258w,initMembraneContent,,,,,,,,,,,,,,,,,,,,,,,,,,,,,,,,
endosome258w,initSolubleContent,protonEn,4.001132404,,,,,,,,,,,,,,,,,,,,,,,,,,,,,,
endosome259w,initOrgProp,area,12566.37061,volume,100530.9649,xcoor,2.223497591,ycoor,21.07842466,pH,7.303231498,,,,,,,,,,,,,,,,,,,,,,
endosome259w,initRabContent,RabC,4946.688944,RabB,7619.681671,,,,,,,,,,,,,,,,,,,,,,,,,,,,
endosome259w,initMembraneContent,,,,,,,,,,,,,,,,,,,,,,,,,,,,,,,,
endosome259w,initSolubleContent,protonEn,4.001132404,,,,,,,,,,,,,,,,,,,,,,,,,,,,,,
endosome260I,initOrgProp,area,7539.822369,volume,50265.48246,xcoor,49.51866737,ycoor,10.63605719,pH,7.224066642,,,,,,,,,,,,,,,,,,,,,,
endosome260I,initRabContent,RabC,3333.758086,RabB,4206.064282,,,,,,,,,,,,,,,,,,,,,,,,,,,,
endosome260I,initMembraneContent,,,,,,,,,,,,,,,,,,,,,,,,,,,,,,,,
endosome260I,initSolubleContent,protonEn,2.000566202,,,,,,,,,,,,,,,,,,,,,,,,,,,,,,
endosome261o,initOrgProp,area,7539.822369,volume,50265.48246,xcoor,47.94635802,ycoor,2.001358413,pH,7.224066642,,,,,,,,,,,,,,,,,,,,,,
endosome261o,initRabContent,RabC,2570.464757,RabB,4969.357611,,,,,,,,,,,,,,,,,,,,,,,,,,,,
endosome261o,initMembraneContent,,,,,,,,,,,,,,,,,,,,,,,,,,,,,,,,
endosome261o,initSolubleContent,protonEn,2.000566202,,,,,,,,,,,,,,,,,,,,,,,,,,,,,,
endosome262Q,initOrgProp,area,7539.822369,volume,50265.48246,xcoor,0.671729701,ycoor,26.32193864,pH,7.224066642,,,,,,,,,,,,,,,,,,,,,,
endosome262Q,initRabContent,RabC,2968.013366,RabB,4571.809002,,,,,,,,,,,,,,,,,,,,,,,,,,,,
endosome262Q,initMembraneContent,,,,,,,,,,,,,,,,,,,,,,,,,,,,,,,,
endosome262Q,initSolubleContent,protonEn,2.000566202,,,,,,,,,,,,,,,,,,,,,,,,,,,,,,
endosome263k,initOrgProp,area,7539.822369,volume,50265.48246,xcoor,5.488963453,ycoor,21.99135648,pH,7.224066642,,,,,,,,,,,,,,,,,,,,,,
endosome263k,initRabContent,RabC,2138.346704,RabB,5401.475665,,,,,,,,,,,,,,,,,,,,,,,,,,,,
endosome263k,initMembraneContent,,,,,,,,,,,,,,,,,,,,,,,,,,,,,,,,
endosome263k,initSolubleContent,protonEn,2.000566202,,,,,,,,,,,,,,,,,,,,,,,,,,,,,,
endosome264h,initOrgProp,area,12733.44375,volume,102201.6963,xcoor,49.55732549,ycoor,4.07261024,pH,7.304653419,,,,,,,,,,,,,,,,,,,,,,
endosome264h,initRabContent,RabC,4341.066248,RabB,8392.377502,,,,,,,,,,,,,,,,,,,,,,,,,,,,
endosome264h,initMembraneContent,,,,,,,,,,,,,,,,,,,,,,,,,,,,,,,,
endosome264h,initSolubleContent,protonEn,4.067627512,,,,,,,,,,,,,,,,,,,,,,,,,,,,,,
endosome265E,initOrgProp,area,7539.822369,volume,50265.48246,xcoor,5.838856167,ycoor,44.71165782,pH,7.268315441,,,,,,,,,,,,,,,,,,,,,,
endosome265E,initRabContent,RabD,1815.080541,RabA,3462.795117,RabB,2261.946711,,,,,,,,,,,,,,,,,,,,,,,,,,
endosome265E,initMembraneContent,EEA1,4.048782458,exCxEn,6.40E-15,R-TfaEn,2.66E-43,oMHCIEn,4.39E-06,membraneMarker,0,M6PR,4.948262903,cMHCIEn,1.78E-06,R-TfEn,1.51E-43,pepMHCIEn,0,REn,4.62E-08,imCxEn,6.40E-15,,,,,,,,,,
endosome265E,initSolubleContent,povaEn,0,NH3Cy,0,protonEn,1.709907169,FeEn,0,NH3En,0,NH4En,0,ovaEn,0,TfaEn,5.26E-08,solubleMarker,0,mvb,0,bead2,0,bead3,0,bead4,0,TfEn,0,pepEn,0,bead1,0
endosome266z,initOrgProp,area,8168.140899,volume,62831.85307,xcoor,3.094717069,ycoor,1.029975754,pH,7.259692234,,,,,,,,,,,,,,,,,,,,,,
endosome266z,initRabContent,RabD,1549.515127,RabA,4168.183503,RabB,2450.44227,,,,,,,,,,,,,,,,,,,,,,,,,,
endosome266z,initMembraneContent,EEA1,3.662905097,exCxEn,8.54E-15,R-TfaEn,4.30E-42,oMHCIEn,0.002208593,membraneMarker,0,M6PR,4.276352235,cMHCIEn,3.04E-05,R-TfEn,2.44E-42,pepMHCIEn,0,REn,7.46E-07,imCxEn,8.54E-15,,,,,,,,,,
endosome266z,initSolubleContent,povaEn,0,NH3Cy,0,protonEn,2.455314908,FeEn,0,NH3En,0,NH4En,0,ovaEn,0,TfaEn,1.91E-07,solubleMarker,0,mvb,0,bead2,0,bead3,0,bead4,0,TfEn,0,pepEn,0,bead1,0
endosome267d,initOrgProp,area,10625.22777,volume,81119.53642,xcoor,49.36690294,ycoor,2.964174152,pH,7.282933215,,,,,,,,,,,,,,,,,,,,,,
endosome267d,initRabContent,RabA,0,RabB,5305.605777,RabC,4565.633989,RabD,753.9879989,,,,,,,,,,,,,,,,,,,,,,,,
endosome267d,initMembraneContent,,,,,,,,,,,,,,,,,,,,,,,,,,,,,,,,
endosome267d,initSolubleContent,protonEn,3.22855755,,,,,,,,,,,,,,,,,,,,,,,,,,,,,,
endosome268A,initOrgProp,area,13156.11951,volume,106428.4539,xcoor,46.07206031,ycoor,1.177559294,pH,7.308070353,,,,,,,,,,,,,,,,,,,,,,
endosome268A,initRabContent,RabA,0,RabB,6874.952131,RabC,3779.495313,RabD,2501.672069,,,,,,,,,,,,,,,,,,,,,,,,
endosome268A,initMembraneContent,,,,,,,,,,,,,,,,,,,,,,,,,,,,,,,,
endosome268A,initSolubleContent,protonEn,4.235852465,,,,,,,,,,,,,,,,,,,,,,,,,,,,,,
endosome269g,initOrgProp,area,25349.55612,volume,355408.6584,xcoor,45.78182365,ycoor,22.93840818,pH,7.475491347,,,,,,,,,,,,,,,,,,,,,,
endosome269g,initRabContent,RabA,11748.36226,RabB,3982.369703,RabC,6303.893624,RabD,3314.930539,,,,,,,,,,,,,,,,,,,,,,,,
endosome269g,initMembraneContent,EEA1,3.754951651,exCxEn,8.75E-08,R-TfaEn,2.98E-39,oMHCIEn,0.009607217,membraneMarker,0,M6PR,4.675866519,cMHCIEn,0.022567022,R-TfEn,1.69E-39,pepMHCIEn,0,REn,5.17E-04,imCxEn,8.75E-08,,,,,,,,,,
endosome269g,initSolubleContent,povaEn,0,NH3Cy,0,protonEn,10.89150045,FeEn,0,NH3En,0,NH4En,0,ovaEn,0,TfaEn,6.68E-07,solubleMarker,0,mvb,0.009388169,bead2,0,bead3,0,bead4,0,TfEn,0,pepEn,0,bead1,0
endosome270e,initOrgProp,area,11309.73355,volume,100530.9649,xcoor,23.94135688,ycoor,23.21275395,pH,7.93993525,,,,,,,,,,,,,,,,,,,,,,
endosome270e,initRabContent,RabE,11309.73355,,,,,,,,,,,,,,,,,,,,,,,,,,,,,,
endosome270e,initMembraneContent,EEA1,4.12E-05,exCxEn,6.17E-07,R-TfaEn,6.13E-42,oMHCIEn,1.78E-05,membraneMarker,0,M6PR,2.309606644,cMHCIEn,2.86E-05,R-TfEn,2.31E-42,pepMHCIEn,0,REn,8.55E-07,imCxEn,6.17E-07,,,,,,,,,,
endosome270e,initSolubleContent,povaEn,0,NH3Cy,0,protonEn,0.154422018,FeEn,0,NH3En,0,NH4En,0,ovaEn,0,TfaEn,3.64E-09,solubleMarker,0,mvb,0,bead2,0,bead3,0,bead4,0,TfEn,0,pepEn,0,bead1,0
endosome271Z,initOrgProp,area,7539.822369,volume,50265.48246,xcoor,0.714548685,ycoor,20.74013247,pH,7.224066642,,,,,,,,,,,,,,,,,,,,,,
endosome271Z,initRabContent,RabC,3670.243229,RabB,3869.57914,,,,,,,,,,,,,,,,,,,,,,,,,,,,
endosome271Z,initMembraneContent,,,,,,,,,,,,,,,,,,,,,,,,,,,,,,,,
endosome271Z,initSolubleContent,protonEn,2.000566202,,,,,,,,,,,,,,,,,,,,,,,,,,,,,,
endosome272u,initOrgProp,area,15375.00789,volume,123713.8202,xcoor,22.21841041,ycoor,19.86248252,pH,7.853871734,,,,,,,,,,,,,,,,,,,,,,
endosome272u,initRabContent,RabE,15375.00789,,,,,,,,,,,,,,,,,,,,,,,,,,,,,,
endosome272u,initMembraneContent,EEA1,0.011097161,exCxEn,1.19E-06,R-TfaEn,5.11E-42,oMHCIEn,8.87E-06,membraneMarker,0,M6PR,9.748232377,cMHCIEn,2.40E-05,R-TfEn,1.69E-42,pepMHCIEn,0,REn,6.68E-07,imCxEn,1.19E-06,,,,,,,,,,
endosome272u,initSolubleContent,povaEn,0,NH3Cy,0,protonEn,0.731994399,FeEn,0,NH3En,0,NH4En,0,ovaEn,0,TfaEn,3.26E-08,solubleMarker,0,mvb,0,bead2,0,bead3,0,bead4,0,TfEn,0,pepEn,0,bead1,0
endosome273T,initOrgProp,area,7539.822369,volume,50265.48246,xcoor,26.64368184,ycoor,18.2478842,pH,7.676766883,,,,,,,,,,,,,,,,,,,,,,
endosome273T,initRabContent,RabG,1507.964474,RabE,4825.486316,RabF,1206.371579,,,,,,,,,,,,,,,,,,,,,,,,,,
endosome273T,initMembraneContent,EEA1,4.69E-05,exCxEn,3.35E-07,R-TfaEn,2.77E-42,oMHCIEn,5.96E-06,membraneMarker,0,M6PR,0.001052457,cMHCIEn,1.30E-05,R-TfEn,9.98E-43,pepMHCIEn,0,REn,3.78E-07,imCxEn,3.35E-07,,,,,,,,,,
endosome273T,initSolubleContent,povaEn,0,NH3Cy,0,protonEn,0.058042157,FeEn,0,NH3En,0,NH4En,0,ovaEn,0,TfaEn,2.05E-09,solubleMarker,0,mvb,0,bead2,0,bead3,0,bead4,0,TfEn,0,pepEn,0,bead1,0
endosome274J,initOrgProp,area,10625.22777,volume,81119.53642,xcoor,48.44550773,ycoor,0.690833293,pH,7.282933215,,,,,,,,,,,,,,,,,,,,,,
endosome274J,initRabContent,RabC,3013.389396,RabB,7611.838369,,,,,,,,,,,,,,,,,,,,,,,,,,,,
endosome274J,initMembraneContent,,,,,,,,,,,,,,,,,,,,,,,,,,,,,,,,
endosome274J,initSolubleContent,protonEn,3.22855755,,,,,,,,,,,,,,,,,,,,,,,,,,,,,,
endosome275A,initOrgProp,area,10625.22777,volume,81119.53642,xcoor,49.26477489,ycoor,6.483100511,pH,7.282933215,,,,,,,,,,,,,,,,,,,,,,
endosome275A,initRabContent,RabC,1632.034985,RabB,8993.19278,,,,,,,,,,,,,,,,,,,,,,,,,,,,
endosome275A,initMembraneContent,,,,,,,,,,,,,,,,,,,,,,,,,,,,,,,,
endosome275A,initSolubleContent,protonEn,3.22855755,,,,,,,,,,,,,,,,,,,,,,,,,,,,,,
endosome276u,initOrgProp,area,7539.822369,volume,50265.48246,xcoor,28.45791153,ycoor,24.33981911,pH,7.262251822,,,,,,,,,,,,,,,,,,,,,,
endosome276u,initRabContent,RabC,7539.822369,,,,,,,,,,,,,,,,,,,,,,,,,,,,,,
endosome276u,initMembraneContent,EEA1,6.03E-06,R-TfaEn,1.91E-40,exCxEn,1.29E-06,oMHCIEn,0.001466194,membraneMarker,0,M6PR,1.64E-05,pepMHCIEn,0,R-TfEn,1.05E-40,cMHCIEn,9.71E-04,REn,3.26E-05,imCxEn,1.29E-06,,,,,,,,,,
endosome276u,initSolubleContent,povaEn,0,NH3Cy,0,protonEn,1.748008256,FeEn,0,NH3En,0,NH4En,0,ovaEn,0,solubleMarker,0,TfaEn,4.85E-09,bead2,0,mvb,0,bead3,0,bead4,0,TfEn,0,pepEn,0,bead1,0
endosome277E,initOrgProp,area,12109.58605,volume,95963.11928,xcoor,0.458859206,ycoor,22.6134363,pH,7.299117497,,,,,,,,,,,,,,,,,,,,,,
endosome277E,initRabContent,RabA,5597.624852,RabB,5991.004303,RabC,520.9568959,,,,,,,,,,,,,,,,,,,,,,,,,,
endosome277E,initMembraneContent,,,,,,,,,,,,,,,,,,,,,,,,,,,,,,,,
endosome277E,initSolubleContent,protonEn,3.819332147,,,,,,,,,,,,,,,,,,,,,,,,,,,,,,
endosome278w,initOrgProp,area,13414.64482,volume,109013.7069,xcoor,48.50541675,ycoor,0.543306678,pH,7.310041886,,,,,,,,,,,,,,,,,,,,,,
endosome278w,initRabContent,RabB,7870.385986,RabC,5544.258829,,,,,,,,,,,,,,,,,,,,,,,,,,,,
endosome278w,initMembraneContent,,,,,,,,,,,,,,,,,,,,,,,,,,,,,,,,
endosome278w,initSolubleContent,protonEn,4.338745536,,,,,,,,,,,,,,,,,,,,,,,,,,,,,,
endosome279O,initOrgProp,area,7539.822369,volume,50265.48246,xcoor,10.58291199,ycoor,49.52688377,pH,7.224066642,,,,,,,,,,,,,,,,,,,,,,
endosome279O,initRabContent,RabD,1656.508077,RabA,2693.294532,RabB,3190.01976,,,,,,,,,,,,,,,,,,,,,,,,,,
endosome279O,initMembraneContent,,,,,,,,,,,,,,,,,,,,,,,,,,,,,,,,
endosome279O,initSolubleContent,protonEn,2.000566202,,,,,,,,,,,,,,,,,,,,,,,,,,,,,,
endosome280t,initOrgProp,area,12663.75999,volume,100410.2616,xcoor,49.37701408,ycoor,6.478521002,pH,7.787164296,,,,,,,,,,,,,,,,,,,,,,
endosome280t,initRabContent,RabD,1266.376086,RabA,7978.16873,RabB,3419.21517,,,,,,,,,,,,,,,,,,,,,,,,,,
endosome280t,initMembraneContent,EEA1,2.785430654,exCxEn,1.00E-08,R-TfaEn,9.89E-45,oMHCIEn,1.04E-06,membraneMarker,0,M6PR,0.905400575,cMHCIEn,5.21E-08,R-TfEn,4.49E-45,pepMHCIEn,0,REn,1.52E-09,imCxEn,1.00E-08,,,,,,,,,,
endosome280t,initSolubleContent,povaEn,0,NH3Cy,0,protonEn,0.639131524,FeEn,0,NH3En,0,NH4En,0,ovaEn,0,TfaEn,1.72E-08,solubleMarker,0,mvb,0,bead2,0,bead3,0,bead4,0,TfEn,0,pepEn,0,bead1,0
endosome281e,initOrgProp,area,9436.987203,volume,69237.1308,xcoor,3.70150788,ycoor,25.40022613,pH,7.26565536,,,,,,,,,,,,,,,,,,,,,,
endosome281e,initRabContent,RabC,1449.521234,RabB,7987.465968,,,,,,,,,,,,,,,,,,,,,,,,,,,,
endosome281e,initMembraneContent,,,,,,,,,,,,,,,,,,,,,,,,,,,,,,,,
endosome281e,initSolubleContent,protonEn,2.755637806,,,,,,,,,,,,,,,,,,,,,,,,,,,,,,
endosome282i,initOrgProp,area,9436.987203,volume,69237.1308,xcoor,0.711844265,ycoor,23.72096118,pH,7.26565536,,,,,,,,,,,,,,,,,,,,,,
endosome282i,initRabContent,RabC,4172.595966,RabB,5264.391237,,,,,,,,,,,,,,,,,,,,,,,,,,,,
endosome282i,initMembraneContent,,,,,,,,,,,,,,,,,,,,,,,,,,,,,,,,
endosome282i,initSolubleContent,protonEn,2.755637806,,,,,,,,,,,,,,,,,,,,,,,,,,,,,,
endosome283v,initOrgProp,area,11309.73355,volume,87964.5943,xcoor,7.795098165,ycoor,25.164804,pH,7.290999774,,,,,,,,,,,,,,,,,,,,,,
endosome283v,initRabContent,RabC,3855.697136,RabB,7454.036417,,,,,,,,,,,,,,,,,,,,,,,,,,,,
endosome283v,initMembraneContent,,,,,,,,,,,,,,,,,,,,,,,,,,,,,,,,
endosome283v,initSolubleContent,protonEn,3.500990853,,,,,,,,,,,,,,,,,,,,,,,,,,,,,,
endosome284J,initOrgProp,area,10812.71185,volume,82994.37731,xcoor,6.661234945,ycoor,0.983844946,pH,7.28525954,,,,,,,,,,,,,,,,,,,,,,
endosome284J,initRabContent,RabC,5707.367084,RabB,5105.34477,,,,,,,,,,,,,,,,,,,,,,,,,,,,
endosome284J,initMembraneContent,,,,,,,,,,,,,,,,,,,,,,,,,,,,,,,,
endosome284J,initSolubleContent,protonEn,3.303176217,,,,,,,,,,,,,,,,,,,,,,,,,,,,,,
endosome285N,initOrgProp,area,7539.822369,volume,50265.48246,xcoor,26.43729998,ycoor,18.12215863,pH,7.699457699,,,,,,,,,,,,,,,,,,,,,,
endosome285N,initRabContent,RabC,7539.822369,,,,,,,,,,,,,,,,,,,,,,,,,,,,,,
endosome285N,initMembraneContent,EEA1,3.93E-04,exCxEn,2.67E-05,R-TfaEn,1.18E-39,oMHCIEn,0.002508403,membraneMarker,0,M6PR,9.13E-05,cMHCIEn,0.005674133,R-TfEn,4.60E-40,pepMHCIEn,0,REn,1.68E-04,imCxEn,2.67E-05,,,,,,,,,,
endosome285N,initSolubleContent,povaEn,0,NH3Cy,0,protonEn,0.004181363,FeEn,0,NH3En,0,NH4En,0,ovaEn,0,TfaEn,3.44E-10,solubleMarker,0,mvb,0,bead2,0,bead3,0,bead4,0,TfEn,0,pepEn,0,bead1,0
endosome286q,initOrgProp,area,10445.79557,volume,87964.5943,xcoor,21.938629,ycoor,23.2530472,pH,7.808256414,,,,,,,,,,,,,,,,,,,,,,
endosome286q,initRabContent,RabC,10445.79557,,,,,,,,,,,,,,,,,,,,,,,,,,,,,,
endosome286q,initMembraneContent,EEA1,0.001471699,exCxEn,2.12E-05,R-TfaEn,2.52E-39,oMHCIEn,0.00901576,membraneMarker,0,M6PR,8.70E-04,cMHCIEn,0.012229588,R-TfEn,1.24E-39,pepMHCIEn,0,REn,4.04E-04,imCxEn,2.12E-05,,,,,,,,,,
endosome286q,initSolubleContent,povaEn,0,NH3Cy,0,protonEn,0.367890992,FeEn,0,NH3En,0,NH4En,0,ovaEn,0,TfaEn,1.83E-08,solubleMarker,0,mvb,0,bead2,0,bead3,0,bead4,0,TfEn,0,pepEn,0,bead1,0
endosome287F,initOrgProp,area,12566.37061,volume,100530.9649,xcoor,16.52416379,ycoor,45.06964584,pH,7.303231498,,,,,,,,,,,,,,,,,,,,,,
endosome287F,initRabContent,RabA,5026.548246,RabB,6381.705653,RabC,1158.116716,,,,,,,,,,,,,,,,,,,,,,,,,,
endosome287F,initMembraneContent,,,,,,,,,,,,,,,,,,,,,,,,,,,,,,,,
endosome287F,initSolubleContent,protonEn,4.001132404,,,,,,,,,,,,,,,,,,,,,,,,,,,,,,
endosome288h,initOrgProp,area,12842.23643,volume,103289.6231,xcoor,0.499814391,ycoor,23.63083965,pH,7.305557015,,,,,,,,,,,,,,,,,,,,,,
endosome288h,initRabContent,RabC,1972.567516,RabB,10869.66892,,,,,,,,,,,,,,,,,,,,,,,,,,,,
endosome288h,initMembraneContent,,,,,,,,,,,,,,,,,,,,,,,,,,,,,,,,
endosome288h,initSolubleContent,protonEn,4.110927,,,,,,,,,,,,,,,,,,,,,,,,,,,,,,
endosome289y,initOrgProp,area,7539.822369,volume,50265.48246,xcoor,34.72416828,ycoor,0.860650277,pH,7.224066642,,,,,,,,,,,,,,,,,,,,,,
endosome289y,initRabContent,RabD,1432.58825,RabA,2992.544718,RabB,3114.689401,,,,,,,,,,,,,,,,,,,,,,,,,,
endosome289y,initMembraneContent,,,,,,,,,,,,,,,,,,,,,,,,,,,,,,,,
endosome289y,initSolubleContent,protonEn,2.000566202,,,,,,,,,,,,,,,,,,,,,,,,,,,,,,
endosome290s,initOrgProp,area,7539.822369,volume,50265.48246,xcoor,24.02078292,ycoor,18.61816168,pH,7.55220294,,,,,,,,,,,,,,,,,,,,,,
endosome290s,initRabContent,RabD,527.787949,RabA,3325.061396,RabB,3686.973023,,,,,,,,,,,,,,,,,,,,,,,,,,
endosome290s,initMembraneContent,EEA1,1.205084596,exCxEn,2.32E-08,R-TfaEn,4.70E-40,oMHCIEn,8.74E-04,membraneMarker,0,M6PR,0.803626636,cMHCIEn,0.003472778,R-TfEn,2.66E-40,pepMHCIEn,0,REn,8.14E-05,imCxEn,2.32E-08,,,,,,,,,,
endosome290s,initSolubleContent,povaEn,0,NH3Cy,0,protonEn,0.409505955,FeEn,0,NH3En,0,NH4En,0,ovaEn,0,TfaEn,3.88E-08,solubleMarker,0,mvb,0,bead2,0,bead3,0,bead4,0,TfEn,0,pepEn,0,bead1,0
endosome291X,initOrgProp,area,7539.822369,volume,50265.48246,xcoor,20.90898938,ycoor,19.41617378,pH,7.693621432,,,,,,,,,,,,,,,,,,,,,,
endosome291X,initRabContent,RabE,6031.857895,RabF,1507.964474,,,,,,,,,,,,,,,,,,,,,,,,,,,,
endosome291X,initMembraneContent,EEA1,5.84E-04,exCxEn,8.06E-08,R-TfaEn,4.11E-43,oMHCIEn,9.98E-07,membraneMarker,0,M6PR,2.27E-04,cMHCIEn,1.90E-06,R-TfEn,1.69E-43,pepMHCIEn,0,REn,5.98E-08,imCxEn,8.06E-08,,,,,,,,,,
endosome291X,initSolubleContent,povaEn,0,NH3Cy,0,protonEn,0.017767137,FeEn,0,NH3En,0,NH4En,0,ovaEn,0,TfaEn,9.78E-10,solubleMarker,0,mvb,0,bead2,0,bead3,0,bead4,0,TfEn,0,pepEn,0,bead1,0
endosome292W,initOrgProp,area,10641.24914,volume,81279.75018,xcoor,38.29515659,ycoor,37.05195186,pH,7.283135708,,,,,,,,,,,,,,,,,,,,,,
endosome292W,initRabContent,RabC,3017.933171,RabB,7623.31597,,,,,,,,,,,,,,,,,,,,,,,,,,,,
endosome292W,initMembraneContent,,,,,,,,,,,,,,,,,,,,,,,,,,,,,,,,
endosome292W,initSolubleContent,protonEn,3.234934057,,,,,,,,,,,,,,,,,,,,,,,,,,,,,,
endosome293R,initOrgProp,area,10445.79557,volume,87964.5943,xcoor,23.46957629,ycoor,23.95081082,pH,7.808256414,,,,,,,,,,,,,,,,,,,,,,
endosome293R,initRabContent,RabC,10445.79557,,,,,,,,,,,,,,,,,,,,,,,,,,,,,,
endosome293R,initMembraneContent,EEA1,0.001471699,exCxEn,2.12E-05,R-TfaEn,2.52E-39,oMHCIEn,0.00901576,membraneMarker,0,M6PR,8.70E-04,cMHCIEn,0.012229588,R-TfEn,1.24E-39,pepMHCIEn,0,REn,4.04E-04,imCxEn,2.12E-05,,,,,,,,,,
endosome293R,initSolubleContent,povaEn,0,NH3Cy,0,protonEn,0.367890992,FeEn,0,NH3En,0,NH4En,0,ovaEn,0,TfaEn,1.83E-08,solubleMarker,0,mvb,0,bead2,0,bead3,0,bead4,0,TfEn,0,pepEn,0,bead1,0
endosome294q,initOrgProp,area,10445.79557,volume,87964.5943,xcoor,22.91184581,ycoor,24.89450395,pH,7.808256414,,,,,,,,,,,,,,,,,,,,,,
endosome294q,initRabContent,RabC,10445.79557,,,,,,,,,,,,,,,,,,,,,,,,,,,,,,
endosome294q,initMembraneContent,EEA1,0.001471699,exCxEn,2.12E-05,R-TfaEn,2.52E-39,oMHCIEn,0.00901576,membraneMarker,0,M6PR,8.70E-04,cMHCIEn,0.012229588,R-TfEn,1.24E-39,pepMHCIEn,0,REn,4.04E-04,imCxEn,2.12E-05,,,,,,,,,,
endosome294q,initSolubleContent,povaEn,0,NH3Cy,0,protonEn,0.367890992,FeEn,0,NH3En,0,NH4En,0,ovaEn,0,TfaEn,1.83E-08,solubleMarker,0,mvb,0,bead2,0,bead3,0,bead4,0,TfEn,0,pepEn,0,bead1,0
endosome295V,initOrgProp,area,10445.79557,volume,87964.5943,xcoor,22.2883143,ycoor,23.50987012,pH,7.808256414,,,,,,,,,,,,,,,,,,,,,,
endosome295V,initRabContent,RabC,10445.79557,,,,,,,,,,,,,,,,,,,,,,,,,,,,,,
endosome295V,initMembraneContent,EEA1,0.001471699,exCxEn,2.12E-05,R-TfaEn,2.52E-39,oMHCIEn,0.00901576,membraneMarker,0,M6PR,8.70E-04,cMHCIEn,0.012229588,R-TfEn,1.24E-39,pepMHCIEn,0,REn,4.04E-04,imCxEn,2.12E-05,,,,,,,,,,
endosome295V,initSolubleContent,povaEn,0,NH3Cy,0,protonEn,0.367890992,FeEn,0,NH3En,0,NH4En,0,ovaEn,0,TfaEn,1.83E-08,solubleMarker,0,mvb,0,bead2,0,bead3,0,bead4,0,TfEn,0,pepEn,0,bead1,0
endosome296G,initOrgProp,area,14773.78275,volume,131570.8889,xcoor,22.06225374,ycoor,24.34140421,pH,7.886459959,,,,,,,,,,,,,,,,,,,,,,
endosome296G,initRabContent,RabC,14773.78275,,,,,,,,,,,,,,,,,,,,,,,,,,,,,,
endosome296G,initMembraneContent,EEA1,0.002847363,exCxEn,1.93E-05,R-TfaEn,3.63E-39,oMHCIEn,0.014334641,membraneMarker,0,M6PR,0.001813467,cMHCIEn,0.018326432,R-TfEn,1.85E-39,pepMHCIEn,0,REn,5.93E-04,imCxEn,1.93E-05,,,,,,,,,,
endosome296G,initSolubleContent,povaEn,0,NH3Cy,0,protonEn,0.708833894,FeEn,0,NH3En,0,NH4En,0,ovaEn,0,TfaEn,3.78E-08,solubleMarker,0,mvb,0,bead2,0,bead3,0,bead4,0,TfEn,0,pepEn,0,bead1,0
endosome297P,initOrgProp,area,14773.78275,volume,131570.8889,xcoor,21.94699057,ycoor,24.58249166,pH,7.886459959,,,,,,,,,,,,,,,,,,,,,,
endosome297P,initRabContent,RabC,14773.78275,,,,,,,,,,,,,,,,,,,,,,,,,,,,,,
endosome297P,initMembraneContent,EEA1,0.002847363,exCxEn,1.93E-05,R-TfaEn,3.63E-39,oMHCIEn,0.014334641,membraneMarker,0,M6PR,0.001813467,cMHCIEn,0.018326432,R-TfEn,1.85E-39,pepMHCIEn,0,REn,5.93E-04,imCxEn,1.93E-05,,,,,,,,,,
endosome297P,initSolubleContent,povaEn,0,NH3Cy,0,protonEn,0.708833894,FeEn,0,NH3En,0,NH4En,0,ovaEn,0,TfaEn,3.78E-08,solubleMarker,0,mvb,0,bead2,0,bead3,0,bead4,0,TfEn,0,pepEn,0,bead1,0
endosome298t,initOrgProp,area,12742.47785,volume,102292.0372,xcoor,4.734880468,ycoor,9.22661424,pH,7.304729113,,,,,,,,,,,,,,,,,,,,,,
endosome298t,initRabContent,RabC,5634.129889,RabB,7108.347958,,,,,,,,,,,,,,,,,,,,,,,,,,,,
endosome298t,initMembraneContent,,,,,,,,,,,,,,,,,,,,,,,,,,,,,,,,
endosome298t,initSolubleContent,protonEn,4.071223082,,,,,,,,,,,,,,,,,,,,,,,,,,,,,,
endosome299Q,initOrgProp,area,7539.822369,volume,50265.48246,xcoor,31.43823551,ycoor,12.17240072,pH,7.224066642,,,,,,,,,,,,,,,,,,,,,,
endosome299Q,initRabContent,RabC,1668.653168,RabB,5871.169201,,,,,,,,,,,,,,,,,,,,,,,,,,,,
endosome299Q,initMembraneContent,,,,,,,,,,,,,,,,,,,,,,,,,,,,,,,,
endosome299Q,initSolubleContent,protonEn,2.000566202,,,,,,,,,,,,,,,,,,,,,,,,,,,,,,
endosome300B,initOrgProp,area,14917.22786,volume,130970.6666,xcoor,24.31641032,ycoor,21.13721901,pH,7.993159718,,,,,,,,,,,,,,,,,,,,,,
endosome300B,initRabContent,RabC,14917.22786,,,,,,,,,,,,,,,,,,,,,,,,,,,,,,
endosome300B,initMembraneContent,EEA1,0.009987996,exCxEn,9.46E-05,R-TfaEn,4.67E-39,oMHCIEn,0.013382781,membraneMarker,0,M6PR,0.005647166,cMHCIEn,0.022280043,R-TfEn,1.84E-39,pepMHCIEn,0,REn,6.67E-04,imCxEn,9.46E-05,,,,,,,,,,
endosome300B,initSolubleContent,povaEn,0,NH3Cy,0,protonEn,0.330498289,FeEn,0,NH3En,0,NH4En,0,ovaEn,0,TfaEn,2.11E-08,solubleMarker,0,mvb,0,bead2,0,bead3,0,bead4,0,TfEn,0,pepEn,0,bead1,0
endosome301M,initOrgProp,area,12566.37061,volume,100530.9649,xcoor,23.71065796,ycoor,22.45207885,pH,7.978430883,,,,,,,,,,,,,,,,,,,,,,
endosome301M,initRabContent,RabC,12566.37061,,,,,,,,,,,,,,,,,,,,,,,,,,,,,,
endosome301M,initMembraneContent,EEA1,7.20E-04,exCxEn,2.07E-05,R-TfaEn,2.93E-39,oMHCIEn,0.011539992,membraneMarker,0,M6PR,2.30E-04,cMHCIEn,0.014224822,R-TfEn,1.41E-39,pepMHCIEn,0,REn,4.63E-04,imCxEn,2.07E-05,,,,,,,,,,
endosome301M,initSolubleContent,povaEn,0,NH3Cy,0,protonEn,0.056498702,FeEn,0,NH3En,0,NH4En,0,ovaEn,0,TfaEn,3.27E-09,solubleMarker,0,mvb,0,bead2,0,bead3,0,bead4,0,TfEn,0,pepEn,0,bead1,0
endosome302v,initOrgProp,area,13823.00768,volume,145697.0079,xcoor,23.34135371,ycoor,21.45219519,pH,8.133546576,,,,,,,,,,,,,,,,,,,,,,
endosome302v,initRabContent,RabC,13823.00768,,,,,,,,,,,,,,,,,,,,,,,,,,,,,,
endosome302v,initMembraneContent,EEA1,6.66E-04,exCxEn,1.91E-05,R-TfaEn,2.71E-39,oMHCIEn,0.010674065,membraneMarker,0,M6PR,2.13E-04,cMHCIEn,0.013157433,R-TfEn,1.30E-39,pepMHCIEn,0,REn,4.28E-04,imCxEn,1.91E-05,,,,,,,,,,
endosome302v,initSolubleContent,povaEn,0,NH3Cy,0,protonEn,0.071282615,FeEn,0,NH3En,0,NH4En,0,ovaEn,0,TfaEn,4.12E-09,solubleMarker,0,mvb,0,bead2,0,bead3,0,bead4,0,TfEn,0,pepEn,0,bead1,0
endosome303K,initOrgProp,area,7539.822369,volume,50265.48246,xcoor,42.33206751,ycoor,49.29917349,pH,7.224066642,,,,,,,,,,,,,,,,,,,,,,
endosome303K,initRabContent,RabC,1158.116716,RabB,6381.705653,,,,,,,,,,,,,,,,,,,,,,,,,,,,
endosome303K,initMembraneContent,,,,,,,,,,,,,,,,,,,,,,,,,,,,,,,,
endosome303K,initSolubleContent,protonEn,2.000566202,,,,,,,,,,,,,,,,,,,,,,,,,,,,,,
endosome304U,initOrgProp,area,7539.822369,volume,50265.48246,xcoor,23.00309405,ycoor,21.56709882,pH,7.691071329,,,,,,,,,,,,,,,,,,,,,,
endosome304U,initRabContent,RabC,7539.822369,,,,,,,,,,,,,,,,,,,,,,,,,,,,,,
endosome304U,initMembraneContent,EEA1,3.63E-04,exCxEn,1.04E-05,R-TfaEn,1.48E-39,oMHCIEn,0.005822217,membraneMarker,0,M6PR,1.16E-04,cMHCIEn,0.007176782,R-TfEn,7.10E-40,pepMHCIEn,0,REn,2.34E-04,imCxEn,1.04E-05,,,,,,,,,,
endosome304U,initSolubleContent,povaEn,0,NH3Cy,0,protonEn,0.023760872,FeEn,0,NH3En,0,NH4En,0,ovaEn,0,TfaEn,1.37E-09,solubleMarker,0,mvb,0,bead2,0,bead3,0,bead4,0,TfEn,0,pepEn,0,bead1,0
endosome305v,initOrgProp,area,12566.37061,volume,100530.9649,xcoor,23.41996109,ycoor,22.39745822,pH,7.986375446,,,,,,,,,,,,,,,,,,,,,,
endosome305v,initRabContent,RabE,12566.37061,,,,,,,,,,,,,,,,,,,,,,,,,,,,,,
endosome305v,initMembraneContent,EEA1,7.42E-04,exCxEn,1.21E-07,R-TfaEn,1.44E-42,oMHCIEn,5.76E-06,membraneMarker,0,M6PR,1.029053504,cMHCIEn,6.99E-06,R-TfEn,6.91E-43,pepMHCIEn,0,REn,2.28E-07,imCxEn,1.21E-07,,,,,,,,,,
endosome305v,initSolubleContent,povaEn,0,NH3Cy,0,protonEn,0.037347836,FeEn,0,NH3En,0,NH4En,0,ovaEn,0,TfaEn,2.23E-09,solubleMarker,0,mvb,0,bead2,0,bead3,0,bead4,0,TfEn,0,pepEn,0,bead1,0
endosome306b,initOrgProp,area,12782.35511,volume,110152.0924,xcoor,21.95125087,ycoor,25.83287426,pH,7.874637118,,,,,,,,,,,,,,,,,,,,,,
endosome306b,initRabContent,RabC,12782.35511,,,,,,,,,,,,,,,,,,,,,,,,,,,,,,
endosome306b,initMembraneContent,EEA1,0.003135848,exCxEn,1.18E-05,R-TfaEn,2.75E-39,oMHCIEn,0.012437417,membraneMarker,0,M6PR,0.001421871,cMHCIEn,0.013919958,R-TfEn,1.42E-39,pepMHCIEn,0,REn,4.53E-04,imCxEn,1.18E-05,,,,,,,,,,
endosome306b,initSolubleContent,povaEn,0,NH3Cy,0,protonEn,0.470129638,FeEn,0,NH3En,0,NH4En,0,ovaEn,0,TfaEn,2.46E-08,solubleMarker,0,mvb,0,bead2,0,bead3,0,bead4,0,TfEn,0,pepEn,0,bead1,0
endosome307B,initOrgProp,area,7539.822369,volume,50265.48246,xcoor,0.722087797,ycoor,15.39692925,pH,7.224066642,,,,,,,,,,,,,,,,,,,,,,
endosome307B,initRabContent,RabD,753.9862347,RabA,3325.059706,RabB,3460.776428,,,,,,,,,,,,,,,,,,,,,,,,,,
endosome307B,initMembraneContent,,,,,,,,,,,,,,,,,,,,,,,,,,,,,,,,
endosome307B,initSolubleContent,protonEn,2.000566202,,,,,,,,,,,,,,,,,,,,,,,,,,,,,,
endosome308M,initOrgProp,area,7539.822369,volume,50265.48246,xcoor,28.57891795,ycoor,18.41588092,pH,7.348267766,,,,,,,,,,,,,,,,,,,,,,
endosome308M,initRabContent,RabC,2968.013366,RabB,4571.809002,,,,,,,,,,,,,,,,,,,,,,,,,,,,
endosome308M,initMembraneContent,EEA1,0.001447113,exCxEn,1.04E-04,R-TfaEn,7.55E-39,oMHCIEn,3.84E-05,membraneMarker,0,M6PR,0.00423599,cMHCIEn,0.049140114,R-TfEn,4.02E-39,pepMHCIEn,0,REn,0.001263572,imCxEn,1.04E-04,,,,,,,,,,
endosome308M,initSolubleContent,povaEn,0,NH3Cy,0,protonEn,1.254250058,FeEn,0,NH3En,0,NH4En,0,ovaEn,0,TfaEn,1.18E-07,solubleMarker,0,mvb,0,bead2,0,bead3,0,bead4,0,TfEn,0,pepEn,0,bead1,0
endosome309j,initOrgProp,area,7539.822369,volume,50265.48246,xcoor,25.15316523,ycoor,3.256794,pH,7.222971742,,,,,,,,,,,,,,,,,,,,,,
endosome309j,initRabContent,RabI,1507.964474,RabG,965.0972632,RabH,1206.371579,RabE,3088.311242,RabF,772.0778105,,,,,,,,,,,,,,,,,,,,,,
endosome309j,initMembraneContent,EEA1,0,exCxEn,1.08E-06,R-TfaEn,2.56E-46,oMHCIEn,3.17E-11,membraneMarker,0,M6PR,0.00267003,cMHCIEn,4.11E-09,R-TfEn,3.77E-47,pepMHCIEn,0,REn,6.21E-11,imCxEn,1.08E-06,,,,,,,,,,
endosome309j,initSolubleContent,povaEn,0,NH3Cy,0,protonEn,2.008140477,FeEn,0,NH3En,0,NH4En,0,ovaEn,0,TfaEn,1.03E-09,solubleMarker,0,mvb,0,bead2,0,bead3,0,bead4,0,TfEn,0,pepEn,0,bead1,0
endosome310E,initOrgProp,area,7539.822369,volume,50265.48246,xcoor,25.41497145,ycoor,6.199072948,pH,7.701209436,,,,,,,,,,,,,,,,,,,,,,
endosome310E,initRabContent,RabG,1206.371579,RabH,1507.964474,RabE,3860.389053,RabF,965.0972632,,,,,,,,,,,,,,,,,,,,,,,,
endosome310E,initMembraneContent,EEA1,1.82E-06,exCxEn,2.02E-08,R-TfaEn,1.18E-44,oMHCIEn,4.54E-08,membraneMarker,0,M6PR,2.94E-06,cMHCIEn,7.63E-08,R-TfEn,6.68E-45,pepMHCIEn,0,REn,2.04E-09,imCxEn,2.02E-08,,,,,,,,,,
endosome310E,initSolubleContent,povaEn,0,NH3Cy,0,protonEn,1.39E-04,FeEn,0,NH3En,0,NH4En,0,ovaEn,0,TfaEn,5.39E-12,solubleMarker,0,mvb,0,bead2,0,bead3,0,bead4,0,TfEn,0,pepEn,0,bead1,0
endosome311s,initOrgProp,area,7539.822369,volume,50265.48246,xcoor,47.04631031,ycoor,30.60368822,pH,7.224066642,,,,,,,,,,,,,,,,,,,,,,
endosome311s,initRabContent,RabC,1158.116716,RabB,6381.705653,,,,,,,,,,,,,,,,,,,,,,,,,,,,
endosome311s,initMembraneContent,,,,,,,,,,,,,,,,,,,,,,,,,,,,,,,,
endosome311s,initSolubleContent,protonEn,2.000566202,,,,,,,,,,,,,,,,,,,,,,,,,,,,,,
endosome312I,initOrgProp,area,7539.822369,volume,50265.48246,xcoor,0.502134844,ycoor,15.61733026,pH,7.224066642,,,,,,,,,,,,,,,,,,,,,,
endosome312I,initRabContent,RabC,2968.013366,RabB,4571.809002,,,,,,,,,,,,,,,,,,,,,,,,,,,,
endosome312I,initMembraneContent,,,,,,,,,,,,,,,,,,,,,,,,,,,,,,,,
endosome312I,initSolubleContent,protonEn,2.000566202,,,,,,,,,,,,,,,,,,,,,,,,,,,,,,
endosome313V,initOrgProp,area,12566.37061,volume,100530.9649,xcoor,23.86416764,ycoor,19.04648678,pH,7.980752161,,,,,,,,,,,,,,,,,,,,,,
endosome313V,initRabContent,RabE,12566.37061,,,,,,,,,,,,,,,,,,,,,,,,,,,,,,
endosome313V,initMembraneContent,EEA1,0.010558716,exCxEn,4.95E-07,R-TfaEn,4.01E-42,oMHCIEn,1.36E-05,membraneMarker,0,M6PR,1.961319854,cMHCIEn,1.91E-05,R-TfEn,1.58E-42,pepMHCIEn,0,REn,5.72E-07,imCxEn,4.95E-07,,,,,,,,,,
endosome313V,initSolubleContent,povaEn,0,NH3Cy,0,protonEn,0.050866844,FeEn,0,NH3En,0,NH4En,0,ovaEn,0,TfaEn,3.17E-09,solubleMarker,0,mvb,0,bead2,0,bead3,0,bead4,0,TfEn,0,pepEn,0,bead1,0
endosome314d,initOrgProp,area,11309.73355,volume,87964.5943,xcoor,47.99740726,ycoor,1.905470096,pH,7.290999774,,,,,,,,,,,,,,,,,,,,,,
endosome314d,initRabContent,RabC,4452.020049,RabB,6857.713504,,,,,,,,,,,,,,,,,,,,,,,,,,,,
endosome314d,initMembraneContent,,,,,,,,,,,,,,,,,,,,,,,,,,,,,,,,
endosome314d,initSolubleContent,protonEn,3.500990853,,,,,,,,,,,,,,,,,,,,,,,,,,,,,,
endosome315P,initOrgProp,area,7539.822369,volume,50265.48246,xcoor,28.68643373,ycoor,20.19517804,pH,7.224918795,,,,,,,,,,,,,,,,,,,,,,
endosome315P,initRabContent,RabC,7539.822369,,,,,,,,,,,,,,,,,,,,,,,,,,,,,,
endosome315P,initMembraneContent,EEA1,0.004032114,exCxEn,1.69E-07,R-TfaEn,1.62E-39,oMHCIEn,0.011462214,membraneMarker,0,M6PR,0.008096387,cMHCIEn,0.010924291,R-TfEn,9.16E-40,pepMHCIEn,0,REn,2.80E-04,imCxEn,1.69E-07,,,,,,,,,,
endosome315P,initSolubleContent,povaEn,0,NH3Cy,0,protonEn,1.994684404,FeEn,0,NH3En,0,NH4En,0,ovaEn,0,TfaEn,9.59E-08,solubleMarker,0,mvb,0,bead2,0,bead3,0,bead4,0,TfEn,0,pepEn,0,bead1,0
endosome316N,initOrgProp,area,11309.73355,volume,87964.5943,xcoor,48.99717115,ycoor,2.397254644,pH,7.290999774,,,,,,,,,,,,,,,,,,,,,,
endosome316N,initRabContent,RabC,2502.979752,RabB,8806.753801,,,,,,,,,,,,,,,,,,,,,,,,,,,,
endosome316N,initMembraneContent,,,,,,,,,,,,,,,,,,,,,,,,,,,,,,,,
endosome316N,initSolubleContent,protonEn,3.500990853,,,,,,,,,,,,,,,,,,,,,,,,,,,,,,
endosome317d,initOrgProp,area,13110.81113,volume,105910.9133,xcoor,22.63305962,ycoor,20.48872346,pH,7.901752692,,,,,,,,,,,,,,,,,,,,,,
endosome317d,initRabContent,RabC,3718.318336,RabB,9392.492791,,,,,,,,,,,,,,,,,,,,,,,,,,,,
endosome317d,initMembraneContent,EEA1,0.011010532,exCxEn,8.30E-05,R-TfaEn,4.18E-39,oMHCIEn,1.22E-05,membraneMarker,0,M6PR,0.002144737,cMHCIEn,0.019819523,R-TfEn,1.63E-39,pepMHCIEn,0,REn,5.94E-04,imCxEn,8.30E-05,,,,,,,,,,
endosome317d,initSolubleContent,povaEn,0,NH3Cy,0,protonEn,0.327969257,FeEn,0,NH3En,0,NH4En,0,ovaEn,0,TfaEn,2.12E-08,solubleMarker,0,mvb,0,bead2,0,bead3,0,bead4,0,TfEn,0,pepEn,0,bead1,0
endosome318Y,initOrgProp,area,13414.64482,volume,109013.7069,xcoor,49.2564014,ycoor,2.988310116,pH,7.310041886,,,,,,,,,,,,,,,,,,,,,,
endosome318Y,initRabContent,RabC,4573.300277,RabB,8841.344538,,,,,,,,,,,,,,,,,,,,,,,,,,,,
endosome318Y,initMembraneContent,,,,,,,,,,,,,,,,,,,,,,,,,,,,,,,,
endosome318Y,initSolubleContent,protonEn,4.338745536,,,,,,,,,,,,,,,,,,,,,,,,,,,,,,
endosome319W,initOrgProp,area,13928.73248,volume,121906.4793,xcoor,27.47866406,ycoor,20.68464839,pH,7.95851673,,,,,,,,,,,,,,,,,,,,,,
endosome319W,initRabContent,RabC,13928.73248,,,,,,,,,,,,,,,,,,,,,,,,,,,,,,
endosome319W,initMembraneContent,EEA1,0.010556504,exCxEn,8.39E-05,R-TfaEn,4.43E-39,oMHCIEn,0.013117757,membraneMarker,0,M6PR,0.005751642,cMHCIEn,0.021045289,R-TfEn,1.75E-39,pepMHCIEn,0,REn,6.32E-04,imCxEn,8.39E-05,,,,,,,,,,
endosome319W,initSolubleContent,povaEn,0,NH3Cy,0,protonEn,0.341250999,FeEn,0,NH3En,0,NH4En,0,ovaEn,0,TfaEn,2.09E-08,solubleMarker,0,mvb,0,bead2,0,bead3,0,bead4,0,TfEn,0,pepEn,0,bead1,0
endosome320F,initOrgProp,area,7539.822369,volume,50265.48246,xcoor,49.26387265,ycoor,4.127039449,pH,7.224066642,,,,,,,,,,,,,,,,,,,,,,
endosome320F,initRabContent,RabC,2968.013366,RabB,4571.809002,,,,,,,,,,,,,,,,,,,,,,,,,,,,
endosome320F,initMembraneContent,,,,,,,,,,,,,,,,,,,,,,,,,,,,,,,,
endosome320F,initSolubleContent,protonEn,2.000566202,,,,,,,,,,,,,,,,,,,,,,,,,,,,,,
endosome321y,initOrgProp,area,12529.98332,volume,108586.4856,xcoor,22.25689878,ycoor,22.92726091,pH,7.821734694,,,,,,,,,,,,,,,,,,,,,,
endosome321y,initRabContent,RabC,12529.98332,,,,,,,,,,,,,,,,,,,,,,,,,,,,,,
endosome321y,initMembraneContent,EEA1,0.003034682,exCxEn,1.35E-05,R-TfaEn,2.76E-39,oMHCIEn,0.011719582,membraneMarker,0,M6PR,0.00210382,cMHCIEn,0.013838095,R-TfEn,1.42E-39,pepMHCIEn,0,REn,4.53E-04,imCxEn,1.35E-05,,,,,,,,,,
endosome321y,initSolubleContent,povaEn,0,NH3Cy,0,protonEn,0.636971368,FeEn,0,NH3En,0,NH4En,0,ovaEn,0,TfaEn,2.66E-08,solubleMarker,0,mvb,0,bead2,0,bead3,0,bead4,0,TfEn,0,pepEn,0,bead1,0
endosome322C,initOrgProp,area,7539.822369,volume,50265.48246,xcoor,32.21946114,ycoor,18.0826805,pH,7.224066642,,,,,,,,,,,,,,,,,,,,,,
endosome322C,initRabContent,RabC,603.1857895,RabB,6936.636579,,,,,,,,,,,,,,,,,,,,,,,,,,,,
endosome322C,initMembraneContent,,,,,,,,,,,,,,,,,,,,,,,,,,,,,,,,
endosome322C,initSolubleContent,protonEn,2.000566202,,,,,,,,,,,,,,,,,,,,,,,,,,,,,,
endosome323U,initOrgProp,area,7539.822369,volume,50265.48246,xcoor,6.633506412,ycoor,33.31148901,pH,7.224066642,,,,,,,,,,,,,,,,,,,,,,
endosome323U,initRabContent,RabC,3333.758086,RabB,4206.064282,,,,,,,,,,,,,,,,,,,,,,,,,,,,
endosome323U,initMembraneContent,,,,,,,,,,,,,,,,,,,,,,,,,,,,,,,,
endosome323U,initSolubleContent,protonEn,2.000566202,,,,,,,,,,,,,,,,,,,,,,,,,,,,,,
endosome324b,initOrgProp,area,12880.52988,volume,103672.5576,xcoor,12.22480231,ycoor,0.624279696,pH,7.305870995,,,,,,,,,,,,,,,,,,,,,,
endosome324b,initRabContent,RabD,2099.540568,RabA,5112.274282,RabB,5668.71503,,,,,,,,,,,,,,,,,,,,,,,,,,
endosome324b,initMembraneContent,,,,,,,,,,,,,,,,,,,,,,,,,,,,,,,,
endosome324b,initSolubleContent,protonEn,4.126167791,,,,,,,,,,,,,,,,,,,,,,,,,,,,,,
endosome325P,initOrgProp,area,12529.98332,volume,108586.4856,xcoor,22.66199459,ycoor,23.57882443,pH,7.821734694,,,,,,,,,,,,,,,,,,,,,,
endosome325P,initRabContent,RabC,12529.98332,,,,,,,,,,,,,,,,,,,,,,,,,,,,,,
endosome325P,initMembraneContent,EEA1,0.003034682,exCxEn,1.35E-05,R-TfaEn,2.76E-39,oMHCIEn,0.011719582,membraneMarker,0,M6PR,0.00210382,cMHCIEn,0.013838095,R-TfEn,1.42E-39,pepMHCIEn,0,REn,4.53E-04,imCxEn,1.35E-05,,,,,,,,,,
endosome325P,initSolubleContent,povaEn,0,NH3Cy,0,protonEn,0.636971368,FeEn,0,NH3En,0,NH4En,0,ovaEn,0,TfaEn,2.66E-08,solubleMarker,0,mvb,0,bead2,0,bead3,0,bead4,0,TfEn,0,pepEn,0,bead1,0
endosome326x,initOrgProp,area,12529.98332,volume,108586.4856,xcoor,22.49358047,ycoor,24.60740524,pH,7.821734694,,,,,,,,,,,,,,,,,,,,,,
endosome326x,initRabContent,RabC,12529.98332,,,,,,,,,,,,,,,,,,,,,,,,,,,,,,
endosome326x,initMembraneContent,EEA1,0.003034682,exCxEn,1.35E-05,R-TfaEn,2.76E-39,oMHCIEn,0.011719582,membraneMarker,0,M6PR,0.00210382,cMHCIEn,0.013838095,R-TfEn,1.42E-39,pepMHCIEn,0,REn,4.53E-04,imCxEn,1.35E-05,,,,,,,,,,
endosome326x,initSolubleContent,povaEn,0,NH3Cy,0,protonEn,0.636971368,FeEn,0,NH3En,0,NH4En,0,ovaEn,0,TfaEn,2.66E-08,solubleMarker,0,mvb,0,bead2,0,bead3,0,bead4,0,TfEn,0,pepEn,0,bead1,0
endosome327q,initOrgProp,area,13823.00768,volume,113097.3355,xcoor,46.58120509,ycoor,0.665847167,pH,7.312989101,,,,,,,,,,,,,,,,,,,,,,
endosome327q,initRabContent,RabC,3059.197475,RabB,10763.8102,,,,,,,,,,,,,,,,,,,,,,,,,,,,
endosome327q,initMembraneContent,,,,,,,,,,,,,,,,,,,,,,,,,,,,,,,,
endosome327q,initSolubleContent,protonEn,4.501273954,,,,,,,,,,,,,,,,,,,,,,,,,,,,,,
endosome328w,initOrgProp,area,13823.00768,volume,113097.3355,xcoor,36.01021885,ycoor,1.177927937,pH,7.312989101,,,,,,,,,,,,,,,,,,,,,,
endosome328w,initRabContent,RabC,3059.197475,RabB,10763.8102,,,,,,,,,,,,,,,,,,,,,,,,,,,,
endosome328w,initMembraneContent,,,,,,,,,,,,,,,,,,,,,,,,,,,,,,,,
endosome328w,initSolubleContent,protonEn,4.501273954,,,,,,,,,,,,,,,,,,,,,,,,,,,,,,
endosome329R,initOrgProp,area,11355.42896,volume,88421.54836,xcoor,1.983904355,ycoor,49.41690804,pH,7.291498704,,,,,,,,,,,,,,,,,,,,,,
endosome329R,initRabContent,RabC,3220.479595,RabB,8134.949364,,,,,,,,,,,,,,,,,,,,,,,,,,,,
endosome329R,initMembraneContent,,,,,,,,,,,,,,,,,,,,,,,,,,,,,,,,
endosome329R,initSolubleContent,protonEn,3.519177625,,,,,,,,,,,,,,,,,,,,,,,,,,,,,,
endosome330A,initOrgProp,area,7539.822369,volume,50265.48246,xcoor,19.39181322,ycoor,7.755957622,pH,7.224066642,,,,,,,,,,,,,,,,,,,,,,
endosome330A,initRabContent,RabC,307.6247526,RabA,3694.512961,RabB,3537.684655,,,,,,,,,,,,,,,,,,,,,,,,,,
endosome330A,initMembraneContent,,,,,,,,,,,,,,,,,,,,,,,,,,,,,,,,
endosome330A,initSolubleContent,protonEn,2.000566202,,,,,,,,,,,,,,,,,,,,,,,,,,,,,,
endosome331i,initOrgProp,area,15236.72437,volume,129207.4227,xcoor,36.24289204,ycoor,25.44857716,pH,8.024690065,,,,,,,,,,,,,,,,,,,,,,
endosome331i,initRabContent,RabC,15236.72437,,,,,,,,,,,,,,,,,,,,,,,,,,,,,,
endosome331i,initMembraneContent,EEA1,0.005469652,exCxEn,1.08E-04,R-TfaEn,4.54E-39,oMHCIEn,0.015159366,membraneMarker,0,M6PR,0.006158217,cMHCIEn,0.020058902,R-TfEn,1.45E-39,pepMHCIEn,0,REn,5.89E-04,imCxEn,1.08E-04,,,,,,,,,,
endosome331i,initSolubleContent,povaEn,0,NH3Cy,0,protonEn,0.220667548,FeEn,0,NH3En,0,NH4En,0,ovaEn,0,TfaEn,9.41E-08,solubleMarker,0,mvb,0,bead2,0,bead3,0,bead4,0,TfEn,0,pepEn,0,bead1,0
endosome332R,initOrgProp,area,15236.72437,volume,129207.4227,xcoor,26.48173981,ycoor,22.96793782,pH,8.024690065,,,,,,,,,,,,,,,,,,,,,,
endosome332R,initRabContent,RabC,15236.72437,,,,,,,,,,,,,,,,,,,,,,,,,,,,,,
endosome332R,initMembraneContent,EEA1,0.005469652,exCxEn,1.08E-04,R-TfaEn,4.54E-39,oMHCIEn,0.015159366,membraneMarker,0,M6PR,0.006158217,cMHCIEn,0.020058902,R-TfEn,1.45E-39,pepMHCIEn,0,REn,5.89E-04,imCxEn,1.08E-04,,,,,,,,,,
endosome332R,initSolubleContent,povaEn,0,NH3Cy,0,protonEn,0.220667548,FeEn,0,NH3En,0,NH4En,0,ovaEn,0,TfaEn,9.41E-08,solubleMarker,0,mvb,0,bead2,0,bead3,0,bead4,0,TfEn,0,pepEn,0,bead1,0
endosome333C,initOrgProp,area,13510.62734,volume,109973.5322,xcoor,0.573556374,ycoor,2.351170949,pH,7.310752452,,,,,,,,,,,,,,,,,,,,,,
endosome333C,initRabContent,RabC,2990.063957,RabB,10520.56338,,,,,,,,,,,,,,,,,,,,,,,,,,,,
endosome333C,initMembraneContent,,,,,,,,,,,,,,,,,,,,,,,,,,,,,,,,
endosome333C,initSolubleContent,protonEn,4.37694658,,,,,,,,,,,,,,,,,,,,,,,,,,,,,,
endosome334s,initOrgProp,area,11309.73355,volume,100530.9649,xcoor,21.23108992,ycoor,21.55353781,pH,7.973889971,,,,,,,,,,,,,,,,,,,,,,
endosome334s,initRabContent,RabC,11309.73355,,,,,,,,,,,,,,,,,,,,,,,,,,,,,,
endosome334s,initMembraneContent,EEA1,0.002306898,exCxEn,2.65E-06,R-TfaEn,4.89E-40,oMHCIEn,0.003009314,membraneMarker,0,M6PR,4.74E-04,cMHCIEn,0.002723179,R-TfEn,2.50E-40,pepMHCIEn,0,REn,8.00E-05,imCxEn,2.65E-06,,,,,,,,,,
endosome334s,initSolubleContent,povaEn,0,NH3Cy,0,protonEn,0.067603232,FeEn,0,NH3En,0,NH4En,0,ovaEn,0,TfaEn,5.88E-09,solubleMarker,0,mvb,0,bead2,0,bead3,0,bead4,0,TfEn,0,pepEn,0,bead1,0
endosome335q,initOrgProp,area,10534.40048,volume,84796.70825,xcoor,2.718871364,ycoor,14.37507858,pH,7.295240884,,,,,,,,,,,,,,,,,,,,,,
endosome335q,initRabContent,RabC,10534.40048,,,,,,,,,,,,,,,,,,,,,,,,,,,,,,
endosome335q,initMembraneContent,EEA1,6.62E-06,exCxEn,1.90E-07,R-TfaEn,2.10E-40,oMHCIEn,0.001345011,membraneMarker,0,M6PR,0.001432381,cMHCIEn,0.001471616,R-TfEn,1.17E-40,pepMHCIEn,0,REn,3.60E-05,imCxEn,1.90E-07,,,,,,,,,,
endosome335q,initSolubleContent,povaEn,0,NH3Cy,0,protonEn,3.296730447,FeEn,0,NH3En,0,NH4En,0,ovaEn,0,TfaEn,8.38E-09,solubleMarker,0,mvb,0,bead2,0,bead3,0,bead4,0,TfEn,0,pepEn,0,bead1,0
endosome336w,initOrgProp,area,11309.73355,volume,87964.5943,xcoor,22.28152995,ycoor,48.64196376,pH,7.290999774,,,,,,,,,,,,,,,,,,,,,,
endosome336w,initRabContent,RabD,791.6814015,RabA,4987.59246,RabB,5530.459692,,,,,,,,,,,,,,,,,,,,,,,,,,
endosome336w,initMembraneContent,,,,,,,,,,,,,,,,,,,,,,,,,,,,,,,,
endosome336w,initSolubleContent,protonEn,3.500990853,,,,,,,,,,,,,,,,,,,,,,,,,,,,,,
endosome337e,initOrgProp,area,12566.37061,volume,100530.9649,xcoor,10.16387507,ycoor,49.33987068,pH,7.303231498,,,,,,,,,,,,,,,,,,,,,,
endosome337e,initRabContent,RabC,3563.911173,RabB,9002.459441,,,,,,,,,,,,,,,,,,,,,,,,,,,,
endosome337e,initMembraneContent,,,,,,,,,,,,,,,,,,,,,,,,,,,,,,,,
endosome337e,initSolubleContent,protonEn,4.001132404,,,,,,,,,,,,,,,,,,,,,,,,,,,,,,
endosome338Z,initOrgProp,area,12566.37061,volume,100530.9649,xcoor,24.73420498,ycoor,9.926485039,pH,7.303231498,,,,,,,,,,,,,,,,,,,,,,
endosome338Z,initRabContent,RabC,4284.107929,RabB,8282.262686,,,,,,,,,,,,,,,,,,,,,,,,,,,,
endosome338Z,initMembraneContent,,,,,,,,,,,,,,,,,,,,,,,,,,,,,,,,
endosome338Z,initSolubleContent,protonEn,4.001132404,,,,,,,,,,,,,,,,,,,,,,,,,,,,,,
endosome339r,initOrgProp,area,7539.822369,volume,50265.48246,xcoor,23.6756471,ycoor,11.93273564,pH,7.243552785,,,,,,,,,,,,,,,,,,,,,,
endosome339r,initRabContent,RabI,1507.964474,RabG,965.0972632,RabH,1206.371579,RabE,3088.311242,RabF,772.0778105,,,,,,,,,,,,,,,,,,,,,,
endosome339r,initMembraneContent,EEA1,5.81E-04,exCxEn,6.89E-05,R-TfaEn,4.21E-43,oMHCIEn,1.64E-06,membraneMarker,0,M6PR,0.026514782,cMHCIEn,2.26E-06,R-TfEn,2.10E-43,pepMHCIEn,0,REn,6.80E-08,imCxEn,6.89E-05,,,,,,,,,,
endosome339r,initSolubleContent,povaEn,0,NH3Cy,0,protonEn,1.868910967,FeEn,0,NH3En,0,NH4En,0,ovaEn,0,TfaEn,1.54E-09,solubleMarker,0,mvb,0,bead2,0,bead3,0,bead4,0,TfEn,0,pepEn,0,bead1,0
endosome340h,initOrgProp,area,7539.822369,volume,50265.48246,xcoor,22.6606672,ycoor,31.36879828,pH,7.224066642,,,,,,,,,,,,,,,,,,,,,,
endosome340h,initRabContent,RabD,527.7883497,RabA,3325.061116,RabB,3686.972903,,,,,,,,,,,,,,,,,,,,,,,,,,
endosome340h,initMembraneContent,,,,,,,,,,,,,,,,,,,,,,,,,,,,,,,,
endosome340h,initSolubleContent,protonEn,2.000566202,,,,,,,,,,,,,,,,,,,,,,,,,,,,,,
endosome341z,initOrgProp,area,13921.52802,volume,114082.539,xcoor,7.225118141,ycoor,4.949401197,pH,7.313671391,,,,,,,,,,,,,,,,,,,,,,
endosome341z,initRabContent,RabC,2138.346704,RabB,11783.18132,,,,,,,,,,,,,,,,,,,,,,,,,,,,
endosome341z,initMembraneContent,,,,,,,,,,,,,,,,,,,,,,,,,,,,,,,,
endosome341z,initSolubleContent,protonEn,4.540485052,,,,,,,,,,,,,,,,,,,,,,,,,,,,,,
endosome342f,initOrgProp,area,10342.62567,volume,84621.48276,xcoor,15.10233702,ycoor,14.66258494,pH,7.293064191,,,,,,,,,,,,,,,,,,,,,,
endosome342f,initRabContent,RabD,1685.86362,RabA,5864.256127,RabB,2792.505924,,,,,,,,,,,,,,,,,,,,,,,,,,
endosome342f,initMembraneContent,EEA1,1.86274734,exCxEn,7.70E-10,R-TfaEn,1.39E-43,oMHCIEn,1.88E-06,membraneMarker,0,M6PR,4.116197152,cMHCIEn,9.72E-07,R-TfEn,7.77E-44,pepMHCIEn,0,REn,2.39E-08,imCxEn,7.70E-10,,,,,,,,,,
endosome342f,initSolubleContent,povaEn,0,NH3Cy,0,protonEn,3.309396358,FeEn,0,NH3En,0,NH4En,0,ovaEn,0,TfaEn,1.66E-07,solubleMarker,0,mvb,0,bead2,0,bead3,0,bead4,0,TfEn,0,pepEn,0,bead1,0
endosome343x,initOrgProp,area,14702.65362,volume,121893.795,xcoor,45.27005103,ycoor,20.4492334,pH,7.318723812,,,,,,,,,,,,,,,,,,,,,,
endosome343x,initRabContent,RabC,6500.828268,RabB,8201.82535,,,,,,,,,,,,,,,,,,,,,,,,,,,,
endosome343x,initMembraneContent,,,,,,,,,,,,,,,,,,,,,,,,,,,,,,,,
endosome343x,initSolubleContent,protonEn,4.851373039,,,,,,,,,,,,,,,,,,,,,,,,,,,,,,
endosome344L,initOrgProp,area,7539.822369,volume,50265.48246,xcoor,11.69065883,ycoor,9.219974136,pH,7.228735436,,,,,,,,,,,,,,,,,,,,,,
endosome344L,initRabContent,RabC,7539.822369,,,,,,,,,,,,,,,,,,,,,,,,,,,,,,
endosome344L,initMembraneContent,EEA1,0.001348078,exCxEn,6.64E-08,R-TfaEn,1.02E-40,oMHCIEn,0.019598202,membraneMarker,0,M6PR,0.005758984,cMHCIEn,7.18E-04,R-TfEn,5.73E-41,pepMHCIEn,0,REn,1.76E-05,imCxEn,6.64E-08,,,,,,,,,,
endosome344L,initSolubleContent,povaEn,0,NH3Cy,0,protonEn,1.968481997,FeEn,0,NH3En,0,NH4En,0,ovaEn,0,TfaEn,7.72E-08,solubleMarker,0,mvb,0,bead2,0,bead3,0,bead4,0,TfEn,0,pepEn,0,bead1,0
endosome345t,initOrgProp,area,7539.822369,volume,50265.48246,xcoor,0.579312804,ycoor,3.704331878,pH,7.224066642,,,,,,,,,,,,,,,,,,,,,,
endosome345t,initRabContent,RabD,753.9970366,RabA,3325.054413,RabB,3460.770919,,,,,,,,,,,,,,,,,,,,,,,,,,
endosome345t,initMembraneContent,,,,,,,,,,,,,,,,,,,,,,,,,,,,,,,,
endosome345t,initSolubleContent,protonEn,2.000566202,,,,,,,,,,,,,,,,,,,,,,,,,,,,,,
endosome346w,initOrgProp,area,7539.822369,volume,50265.48246,xcoor,24.73832094,ycoor,0.444808318,pH,7.69067152,,,,,,,,,,,,,,,,,,,,,,
endosome346w,initRabContent,RabI,1507.964474,RabG,965.0972632,RabH,1206.371579,RabF,3860.389053,,,,,,,,,,,,,,,,,,,,,,,,
endosome346w,initMembraneContent,EEA1,4.92E-04,exCxEn,3.68E-06,R-TfaEn,1.68E-44,oMHCIEn,2.85E-07,membraneMarker,0,M6PR,5.96E-05,cMHCIEn,1.06E-07,R-TfEn,8.81E-45,pepMHCIEn,0,REn,2.79E-09,imCxEn,3.68E-06,,,,,,,,,,
endosome346w,initSolubleContent,povaEn,0,NH3Cy,0,protonEn,0.024703774,FeEn,0,NH3En,0,NH4En,0,ovaEn,0,TfaEn,2.51E-10,solubleMarker,0,mvb,0,bead2,0,bead3,0,bead4,0,TfEn,0,pepEn,0,bead1,0
endosome347x,initOrgProp,area,12566.37061,volume,100530.9649,xcoor,28.10960271,ycoor,20.47893074,pH,7.992164323,,,,,,,,,,,,,,,,,,,,,,
endosome347x,initRabContent,RabC,12566.37061,,,,,,,,,,,,,,,,,,,,,,,,,,,,,,
endosome347x,initMembraneContent,EEA1,4.76E-05,exCxEn,2.11E-06,R-TfaEn,7.23E-40,oMHCIEn,0.002511766,membraneMarker,0,M6PR,8.32E-06,cMHCIEn,0.004005769,R-TfEn,3.92E-40,pepMHCIEn,0,REn,1.22E-04,imCxEn,2.11E-06,,,,,,,,,,
endosome347x,initSolubleContent,povaEn,0,NH3Cy,0,protonEn,0.023612376,FeEn,0,NH3En,0,NH4En,0,ovaEn,0,TfaEn,2.10E-10,solubleMarker,0,mvb,0,bead2,0,bead3,0,bead4,0,TfEn,0,pepEn,0,bead1,0
endosome348D,initOrgProp,area,13823.00768,volume,113097.3355,xcoor,49.463875,ycoor,42.19174564,pH,7.312989101,,,,,,,,,,,,,,,,,,,,,,
endosome348D,initRabContent,RabC,6111.889825,RabB,7711.117851,,,,,,,,,,,,,,,,,,,,,,,,,,,,
endosome348D,initMembraneContent,,,,,,,,,,,,,,,,,,,,,,,,,,,,,,,,
endosome348D,initSolubleContent,protonEn,4.501273954,,,,,,,,,,,,,,,,,,,,,,,,,,,,,,
endosome349N,initOrgProp,area,7539.822369,volume,50265.48246,xcoor,21.0284231,ycoor,19.37778403,pH,7.230255692,,,,,,,,,,,,,,,,,,,,,,
endosome349N,initRabContent,RabC,7539.822369,,,,,,,,,,,,,,,,,,,,,,,,,,,,,,
endosome349N,initMembraneContent,EEA1,0.001325739,exCxEn,8.26E-08,R-TfaEn,1.08E-40,oMHCIEn,0.003682329,membraneMarker,0,M6PR,0.005655275,cMHCIEn,7.57E-04,R-TfEn,6.03E-41,pepMHCIEn,0,REn,1.86E-05,imCxEn,8.26E-08,,,,,,,,,,
endosome349N,initSolubleContent,povaEn,0,NH3Cy,0,protonEn,1.958108936,FeEn,0,NH3En,0,NH4En,0,ovaEn,0,TfaEn,6.31E-08,solubleMarker,0,mvb,0,bead2,0,bead3,0,bead4,0,TfEn,0,pepEn,0,bead1,0
endosome350c,initOrgProp,area,9469.461163,volume,75059.65754,xcoor,5.845388613,ycoor,42.0685034,pH,7.274719566,,,,,,,,,,,,,,,,,,,,,,
endosome350c,initRabContent,RabC,2095.705389,RabB,7373.755774,,,,,,,,,,,,,,,,,,,,,,,,,,,,
endosome350c,initMembraneContent,,,,,,,,,,,,,,,,,,,,,,,,,,,,,,,,
endosome350c,initSolubleContent,protonEn,2.98737437,,,,,,,,,,,,,,,,,,,,,,,,,,,,,,
endosome351T,initOrgProp,area,12566.37061,volume,100530.9649,xcoor,48.3007971,ycoor,45.02343894,pH,7.308755416,,,,,,,,,,,,,,,,,,,,,,
endosome351T,initRabContent,RabD,1256.647471,RabA,11309.72314,,,,,,,,,,,,,,,,,,,,,,,,,,,,
endosome351T,initMembraneContent,EEA1,2.963723913,exCxEn,1.67E-14,R-TfaEn,2.11E-41,oMHCIEn,1.55E-04,membraneMarker,0,M6PR,4.878433381,cMHCIEn,1.63E-04,R-TfEn,1.19E-41,pepMHCIEn,0,REn,3.66E-06,imCxEn,1.67E-14,,,,,,,,,,
endosome351T,initSolubleContent,povaEn,0,NH3Cy,0,protonEn,3.937924378,FeEn,0,NH3En,0,NH4En,0,ovaEn,0,TfaEn,3.54E-07,solubleMarker,0,mvb,0,bead2,0,bead3,0,bead4,0,TfEn,0,pepEn,0,bead1,0
endosome352H,initOrgProp,area,12566.37061,volume,100530.9649,xcoor,21.46899808,ycoor,18.13618561,pH,7.989386846,,,,,,,,,,,,,,,,,,,,,,
endosome352H,initRabContent,RabC,12566.37061,,,,,,,,,,,,,,,,,,,,,,,,,,,,,,
endosome352H,initMembraneContent,EEA1,3.10E-05,exCxEn,1.87E-08,R-TfaEn,5.44E-41,oMHCIEn,4.72E-04,membraneMarker,0,M6PR,1.83E-05,cMHCIEn,3.21E-04,R-TfEn,3.11E-41,pepMHCIEn,0,REn,9.48E-06,imCxEn,1.87E-08,,,,,,,,,,
endosome352H,initSolubleContent,povaEn,0,NH3Cy,0,protonEn,0.030179742,FeEn,0,NH3En,0,NH4En,0,ovaEn,0,TfaEn,3.68E-11,solubleMarker,0,mvb,0,bead2,0,bead3,0,bead4,0,TfEn,0,pepEn,0,bead1,0
endosome353V,initOrgProp,area,12566.37061,volume,100530.9649,xcoor,24.01842889,ycoor,18.39108967,pH,7.989386846,,,,,,,,,,,,,,,,,,,,,,
endosome353V,initRabContent,RabC,2781.088613,RabB,9785.282001,,,,,,,,,,,,,,,,,,,,,,,,,,,,
endosome353V,initMembraneContent,EEA1,3.10E-05,exCxEn,1.87E-08,R-TfaEn,5.44E-41,oMHCIEn,4.71E-07,membraneMarker,0,M6PR,1.83E-05,cMHCIEn,3.21E-04,R-TfEn,3.11E-41,pepMHCIEn,0,REn,9.48E-06,imCxEn,1.87E-08,,,,,,,,,,
endosome353V,initSolubleContent,povaEn,0,NH3Cy,0,protonEn,0.030179742,FeEn,0,NH3En,0,NH4En,0,ovaEn,0,TfaEn,3.68E-11,solubleMarker,0,mvb,0,bead2,0,bead3,0,bead4,0,TfEn,0,pepEn,0,bead1,0
endosome354R,initOrgProp,area,10520.01489,volume,80067.40766,xcoor,3.503008422,ycoor,27.7421016,pH,7.281585707,,,,,,,,,,,,,,,,,,,,,,
endosome354R,initRabContent,RabC,1615.874287,RabB,8904.140602,,,,,,,,,,,,,,,,,,,,,,,,,,,,
endosome354R,initMembraneContent,,,,,,,,,,,,,,,,,,,,,,,,,,,,,,,,
endosome354R,initSolubleContent,protonEn,3.186682825,,,,,,,,,,,,,,,,,,,,,,,,,,,,,,
endosome355Y,initOrgProp,area,12916.55941,volume,104032.8529,xcoor,1.713809137,ycoor,28.75389371,pH,7.306164507,,,,,,,,,,,,,,,,,,,,,,
endosome355Y,initRabContent,RabC,4403.49376,RabB,8513.065652,,,,,,,,,,,,,,,,,,,,,,,,,,,,
endosome355Y,initMembraneContent,,,,,,,,,,,,,,,,,,,,,,,,,,,,,,,,
endosome355Y,initSolubleContent,protonEn,4.140507545,,,,,,,,,,,,,,,,,,,,,,,,,,,,,,
endosome356M,initOrgProp,area,7539.822369,volume,50265.48246,xcoor,5.027491776,ycoor,24.0995853,pH,7.224066642,,,,,,,,,,,,,,,,,,,,,,
endosome356M,initRabContent,RabC,3333.758086,RabB,4206.064282,,,,,,,,,,,,,,,,,,,,,,,,,,,,
endosome356M,initMembraneContent,,,,,,,,,,,,,,,,,,,,,,,,,,,,,,,,
endosome356M,initSolubleContent,protonEn,2.000566202,,,,,,,,,,,,,,,,,,,,,,,,,,,,,,
endosome357Z,initOrgProp,area,7539.822369,volume,50265.48246,xcoor,22.2542865,ycoor,18.14058195,pH,7.231472206,,,,,,,,,,,,,,,,,,,,,,
endosome357Z,initRabContent,RabC,7539.822369,,,,,,,,,,,,,,,,,,,,,,,,,,,,,,
endosome357Z,initMembraneContent,EEA1,0.00131955,exCxEn,8.23E-08,R-TfaEn,1.08E-40,oMHCIEn,0.00366511,membraneMarker,0,M6PR,0.005628889,cMHCIEn,7.54E-04,R-TfEn,6.00E-41,pepMHCIEn,0,REn,1.85E-05,imCxEn,8.23E-08,,,,,,,,,,
endosome357Z,initSolubleContent,povaEn,0,NH3Cy,0,protonEn,1.949834494,FeEn,0,NH3En,0,NH4En,0,ovaEn,0,TfaEn,6.28E-08,solubleMarker,0,mvb,0,bead2,0,bead3,0,bead4,0,TfEn,0,pepEn,0,bead1,0
endosome358q,initOrgProp,area,7539.822369,volume,50265.48246,xcoor,32.5920152,ycoor,33.54912489,pH,7.680845824,,,,,,,,,,,,,,,,,,,,,,
endosome358q,initRabContent,RabD,1002.796566,RabA,2992.555365,RabB,3544.470438,,,,,,,,,,,,,,,,,,,,,,,,,,
endosome358q,initMembraneContent,EEA1,2.03268482,exCxEn,1.90E-08,R-TfaEn,4.24E-42,oMHCIEn,1.18E-05,membraneMarker,0,M6PR,0.264994591,cMHCIEn,2.71E-05,R-TfEn,2.38E-42,pepMHCIEn,0,REn,7.31E-07,imCxEn,1.90E-08,,,,,,,,,,
endosome358q,initSolubleContent,povaEn,0,NH3Cy,0,protonEn,0.048151429,FeEn,0,NH3En,0,NH4En,0,ovaEn,0,TfaEn,3.50E-09,solubleMarker,0,mvb,0,bead2,0,bead3,0,bead4,0,TfEn,0,pepEn,0,bead1,0
endosome359e,initOrgProp,area,7539.822369,volume,50265.48246,xcoor,25.89450292,ycoor,23.56091246,pH,7.680617909,,,,,,,,,,,,,,,,,,,,,,
endosome359e,initRabContent,RabG,1507.964474,RabE,4825.486316,RabF,1206.371579,,,,,,,,,,,,,,,,,,,,,,,,,,
endosome359e,initMembraneContent,EEA1,0.001874067,exCxEn,1.92E-08,R-TfaEn,4.23E-42,oMHCIEn,1.50E-05,membraneMarker,0,M6PR,5.45E-04,cMHCIEn,2.70E-05,R-TfEn,2.37E-42,pepMHCIEn,0,REn,7.29E-07,imCxEn,1.92E-08,,,,,,,,,,
endosome359e,initSolubleContent,povaEn,0,NH3Cy,0,protonEn,0.048701638,FeEn,0,NH3En,0,NH4En,0,ovaEn,0,TfaEn,3.54E-09,solubleMarker,0,mvb,0,bead2,0,bead3,0,bead4,0,TfEn,0,pepEn,0,bead1,0
endosome360D,initOrgProp,area,40725.79548,volume,692094.1252,xcoor,49.12531341,ycoor,2.27394214,pH,7.429816921,,,,,,,,,,,,,,,,,,,,,,
endosome360D,initRabContent,RabA,4347.326797,RabB,27007.24338,RabC,7118.075028,RabD,2253.150275,,,,,,,,,,,,,,,,,,,,,,,,
endosome360D,initMembraneContent,EEA1,1.605061253,exCxEn,2.00E-12,R-TfaEn,4.95E-40,oMHCIEn,6.42E-05,membraneMarker,0,M6PR,2.436937168,cMHCIEn,0.003432372,R-TfEn,2.80E-40,pepMHCIEn,0,REn,8.57E-05,imCxEn,2.00E-12,,,,,,,,,,
endosome360D,initSolubleContent,povaEn,0,NH3Cy,0,protonEn,24.72457697,FeEn,0,NH3En,0,NH4En,0,ovaEn,0,TfaEn,4.43E-07,solubleMarker,0,mvb,0.035026632,bead2,0,bead3,0,bead4,0,TfEn,0,pepEn,0,bead1,0
endosome361o,initOrgProp,area,30072.94265,volume,465560.9367,xcoor,36.20007774,ycoor,18.05073683,pH,7.377770936,,,,,,,,,,,,,,,,,,,,,,
endosome361o,initRabContent,RabA,16209.23561,RabB,4803.923536,RabC,1201.87451,RabD,7857.908993,,,,,,,,,,,,,,,,,,,,,,,,
endosome361o,initMembraneContent,EEA1,9.390304732,exCxEn,6.68E-11,R-TfaEn,1.85E-39,oMHCIEn,0.010101976,membraneMarker,0,M6PR,11.06382187,cMHCIEn,0.01219388,R-TfEn,1.05E-39,pepMHCIEn,0,REn,3.21E-04,imCxEn,6.68E-11,,,,,,,,,,
endosome361o,initSolubleContent,povaEn,0,NH3Cy,0,protonEn,18.50767884,FeEn,0,NH3En,0,NH4En,0,ovaEn,0,TfaEn,1.17E-06,solubleMarker,0,mvb,0.015980892,bead2,0,bead3,0,bead4,0,TfEn,0,pepEn,0,bead1,0
endosome362v,initOrgProp,area,59896.93166,volume,1215465.726,xcoor,17.02265023,ycoor,36.52719965,pH,7.608936793,,,,,,,,,,,,,,,,,,,,,,
endosome362v,initRabContent,RabA,24943.82948,RabB,27697.46922,RabC,2894.923222,RabD,4360.709737,,,,,,,,,,,,,,,,,,,,,,,,
endosome362v,initMembraneContent,EEA1,6.723607802,exCxEn,2.94E-07,R-TfaEn,2.88E-39,oMHCIEn,0.014987659,membraneMarker,0,M6PR,14.4659462,cMHCIEn,0.023953747,R-TfEn,1.62E-39,pepMHCIEn,0,REn,4.97E-04,imCxEn,2.94E-07,,,,,,,,,,
endosome362v,initSolubleContent,povaEn,0,NH3Cy,0,protonEn,28.9092776,FeEn,0,NH3En,0,NH4En,0,ovaEn,0,TfaEn,2.37E-06,solubleMarker,0,mvb,0.047205673,bead2,0,bead3,0,bead4,0,TfEn,0,pepEn,0,bead1,0
endosome363K,initOrgProp,area,50445.50127,volume,971778.1153,xcoor,38.90699729,ycoor,43.61379187,pH,7.389030816,,,,,,,,,,,,,,,,,,,,,,
endosome363K,initRabContent,RabA,50445.50127,,,,,,,,,,,,,,,,,,,,,,,,,,,,,,
endosome363K,initMembraneContent,EEA1,8.892053745,exCxEn,0,R-TfaEn,1.60E-38,oMHCIEn,0.028125331,membraneMarker,0,M6PR,19.43984556,cMHCIEn,0.11450875,R-TfEn,9.06E-39,pepMHCIEn,0,REn,0.002773646,imCxEn,0,,,,,,,,,,
endosome363K,initSolubleContent,povaEn,0,NH3Cy,0,protonEn,38.67676899,FeEn,0,NH3En,0,NH4En,0,ovaEn,0,TfaEn,3.66E-06,solubleMarker,0,mvb,0.038625999,bead2,0,bead3,0,bead4,0,TfEn,0,pepEn,0,bead1,0
endosome364T,initOrgProp,area,18807.74763,volume,231238.2217,xcoor,30.33248655,ycoor,28.25405666,pH,7.348358663,,,,,,,,,,,,,,,,,,,,,,
endosome364T,initRabContent,RabA,9387.139853,RabB,4571.809002,RabC,2968.013366,RabD,1880.785406,,,,,,,,,,,,,,,,,,,,,,,,
endosome364T,initMembraneContent,EEA1,1.416468232,exCxEn,0,R-TfaEn,5.74E-39,oMHCIEn,0.01042146,membraneMarker,0,M6PR,3.889620162,cMHCIEn,0.042746703,R-TfEn,3.25E-39,pepMHCIEn,0,REn,9.95E-04,imCxEn,0,,,,,,,,,,
endosome364T,initSolubleContent,povaEn,0,NH3Cy,0,protonEn,9.368142507,FeEn,0,NH3En,0,NH4En,0,ovaEn,0,TfaEn,7.31E-07,solubleMarker,0,mvb,0.009434549,bead2,0,bead3,0,bead4,0,TfEn,0,pepEn,0,bead1,0
endosome365L,initOrgProp,area,28350.17745,volume,427930.1205,xcoor,37.1320167,ycoor,42.60531638,pH,7.40758751,,,,,,,,,,,,,,,,,,,,,,
endosome365L,initRabContent,RabA,13177.40394,RabB,3408.460919,RabC,6904.692464,RabD,4859.620127,,,,,,,,,,,,,,,,,,,,,,,,
endosome365L,initMembraneContent,EEA1,1.411125777,exCxEn,4.27E-11,R-TfaEn,5.33E-39,oMHCIEn,0.02025111,membraneMarker,0,M6PR,5.878190166,cMHCIEn,0.038653226,R-TfEn,3.01E-39,pepMHCIEn,0,REn,9.23E-04,imCxEn,4.27E-11,,,,,,,,,,
endosome365L,initSolubleContent,povaEn,0,NH3Cy,0,protonEn,15.74115227,FeEn,0,NH3En,0,NH4En,0,ovaEn,0,TfaEn,1.17E-06,solubleMarker,0,mvb,0.018110586,bead2,0,bead3,0,bead4,0,TfEn,0,pepEn,0,bead1,0
endosome366f,initOrgProp,area,39918.51045,volume,711145.5874,xcoor,13.12853536,ycoor,34.47898904,pH,7.647044629,,,,,,,,,,,,,,,,,,,,,,
endosome366f,initRabContent,RabA,31500.1305,RabB,1289.587487,RabC,2570.464757,RabD,4558.327706,,,,,,,,,,,,,,,,,,,,,,,,
endosome366f,initMembraneContent,EEA1,4.045888741,exCxEn,5.18E-08,R-TfaEn,5.13E-40,oMHCIEn,0.006675844,membraneMarker,0,M6PR,7.946025921,cMHCIEn,0.00375371,R-TfEn,2.90E-40,pepMHCIEn,0,REn,8.88E-05,imCxEn,5.18E-08,,,,,,,,,,
endosome366f,initSolubleContent,povaEn,0,NH3Cy,0,protonEn,15.02927539,FeEn,0,NH3En,0,NH4En,0,ovaEn,0,TfaEn,1.12E-06,solubleMarker,0,mvb,0.027815012,bead2,0,bead3,0,bead4,0,TfEn,0,pepEn,0,bead1,0
endosome367f,initOrgProp,area,42082.12791,volume,709605.0879,xcoor,16.43376682,ycoor,22.37121755,pH,8.757851361,,,,,,,,,,,,,,,,,,,,,,
endosome367f,initRabContent,RabA,19080.89371,RabB,8331.735001,RabC,5738.425426,RabD,8931.073776,,,,,,,,,,,,,,,,,,,,,,,,
endosome367f,initMembraneContent,EEA1,0.046202964,exCxEn,2.72E-11,R-TfaEn,9.21E-41,oMHCIEn,2.69E-04,membraneMarker,0,M6PR,0.140720163,cMHCIEn,6.77E-04,R-TfEn,5.21E-41,pepMHCIEn,0,REn,1.60E-05,imCxEn,2.72E-11,,,,,,,,,,
endosome367f,initSolubleContent,povaEn,0,NH3Cy,0,protonEn,0.239268355,FeEn,0,NH3En,0,NH4En,0,ovaEn,0,TfaEn,2.02E-08,solubleMarker,0,mvb,0.02452019,bead2,0,bead3,0,bead4,0,TfEn,0,pepEn,0,bead1,0
endosome368X,initOrgProp,area,41578.80937,volume,752726.0797,xcoor,29.93426857,ycoor,11.20412974,pH,8.170975673,,,,,,,,,,,,,,,,,,,,,,
endosome368X,initRabContent,RabA,20058.72236,RabB,13145.31461,RabD,8374.772403,,,,,,,,,,,,,,,,,,,,,,,,,,
endosome368X,initMembraneContent,EEA1,0.620548165,exCxEn,0,R-TfaEn,1.45E-39,oMHCIEn,0.002989887,membraneMarker,0,M6PR,1.909682879,cMHCIEn,0.010849216,R-TfEn,8.21E-40,pepMHCIEn,0,REn,2.51E-04,imCxEn,0,,,,,,,,,,
endosome368X,initSolubleContent,povaEn,0,NH3Cy,0,protonEn,4.07763279,FeEn,0,NH3En,0,NH4En,0,ovaEn,0,TfaEn,3.84E-07,solubleMarker,0,mvb,0.034116477,bead2,0,bead3,0,bead4,0,TfEn,0,pepEn,0,bead1,0
endosome369a,initOrgProp,area,28250.56579,volume,332156.9673,xcoor,1.566714382,ycoor,5.869069439,pH,7.405915994,,,,,,,,,,,,,,,,,,,,,,
endosome369a,initRabContent,RabA,12494.36622,RabB,9865.482575,RabC,861.4779852,RabD,5029.239013,,,,,,,,,,,,,,,,,,,,,,,,
endosome369a,initMembraneContent,EEA1,2.53905229,exCxEn,3.01E-10,R-TfaEn,1.63E-40,oMHCIEn,0.004795305,membraneMarker,0,M6PR,5.494884065,cMHCIEn,0.001279804,R-TfEn,9.22E-41,pepMHCIEn,0,REn,2.82E-05,imCxEn,3.01E-10,,,,,,,,,,
endosome369a,initSolubleContent,povaEn,0,NH3Cy,0,protonEn,12.04449805,FeEn,0,NH3En,0,NH4En,0,ovaEn,0,TfaEn,4.88E-07,solubleMarker,0,mvb,0.007823156,bead2,0,bead3,0,bead4,0,TfEn,0,pepEn,0,bead1,0
endosome370u,initOrgProp,area,23841.15132,volume,324301.6111,xcoor,8.993183376,ycoor,28.47759612,pH,7.367709277,,,,,,,,,,,,,,,,,,,,,,
endosome370u,initRabContent,RabD,4529.838464,RabA,13517.919,RabB,5793.393856,,,,,,,,,,,,,,,,,,,,,,,,,,
endosome370u,initMembraneContent,EEA1,2.407111715,exCxEn,0,R-TfaEn,7.32E-39,oMHCIEn,0.013272011,membraneMarker,0,M6PR,8.271390417,cMHCIEn,0.054272641,R-TfEn,4.14E-39,pepMHCIEn,0,REn,0.001267851,imCxEn,0,,,,,,,,,,
endosome370u,initSolubleContent,povaEn,0,NH3Cy,0,protonEn,12.90720412,FeEn,0,NH3En,0,NH4En,0,ovaEn,0,TfaEn,1.22E-06,solubleMarker,0,mvb,0.012887665,bead2,0,bead3,0,bead4,0,TfEn,0,pepEn,0,bead1,0
endosome371M,initOrgProp,area,39376.99904,volume,669155.6645,xcoor,33.11158841,ycoor,3.862688729,pH,7.396769262,,,,,,,,,,,,,,,,,,,,,,
endosome371M,initRabContent,RabA,19283.22346,RabB,13388.41503,RabC,3333.758086,RabD,3371.602462,,,,,,,,,,,,,,,,,,,,,,,,
endosome371M,initMembraneContent,EEA1,4.682820138,exCxEn,6.84E-13,R-TfaEn,1.14E-38,oMHCIEn,0.032482662,membraneMarker,0,M6PR,11.10078996,cMHCIEn,0.08566447,R-TfEn,6.46E-39,pepMHCIEn,0,REn,0.00197968,imCxEn,6.84E-13,,,,,,,,,,
endosome371M,initSolubleContent,povaEn,0,NH3Cy,0,protonEn,25.83847883,FeEn,0,NH3En,0,NH4En,0,ovaEn,0,TfaEn,2.30E-06,solubleMarker,0,mvb,0.033068916,bead2,0,bead3,0,bead4,0,TfEn,0,pepEn,0,bead1,0
endosome372x,initOrgProp,area,19102.20297,volume,203588.4004,xcoor,6.147367515,ycoor,7.256249498,pH,7.349577154,,,,,,,,,,,,,,,,,,,,,,
endosome372x,initRabContent,RabA,4283.212033,RabB,5327.888357,RabC,2591.032422,RabD,6900.070161,,,,,,,,,,,,,,,,,,,,,,,,
endosome372x,initMembraneContent,,,,,,,,,,,,,,,,,,,,,,,,,,,,,,,,
endosome372x,initSolubleContent,protonEn,8.102818334,,,,,,,,,,,,,,,,,,,,,,,,,,,,,,
endosome373q,initOrgProp,area,50690.63826,volume,953812.5304,xcoor,8.028218664,ycoor,9.682653124,pH,7.522893274,,,,,,,,,,,,,,,,,,,,,,
endosome373q,initRabContent,RabA,23956.93163,RabB,20829.40866,RabC,3456.234845,RabD,2448.063128,,,,,,,,,,,,,,,,,,,,,,,,
endosome373q,initMembraneContent,EEA1,7.623347933,exCxEn,0,R-TfaEn,3.45E-39,oMHCIEn,0.019930849,membraneMarker,0,M6PR,14.28343344,cMHCIEn,0.026405845,R-TfEn,1.95E-39,pepMHCIEn,0,REn,5.98E-04,imCxEn,0,,,,,,,,,,
endosome373q,initSolubleContent,povaEn,0,NH3Cy,0,protonEn,27.61341864,FeEn,0,NH3En,0,NH4En,0,ovaEn,0,TfaEn,1.92E-06,solubleMarker,0,mvb,0.039607975,bead2,0,bead3,0,bead4,0,TfEn,0,pepEn,0,bead1,0
endosome374T,initOrgProp,area,13585.71196,volume,110724.3784,xcoor,49.37913384,ycoor,9.97498106,pH,7.311300515,,,,,,,,,,,,,,,,,,,,,,
endosome374T,initRabContent,RabD,2581.303646,RabA,5392.160075,RabB,5612.248242,,,,,,,,,,,,,,,,,,,,,,,,,,
endosome374T,initMembraneContent,,,,,,,,,,,,,,,,,,,,,,,,,,,,,,,,
endosome374T,initSolubleContent,protonEn,4.406830261,,,,,,,,,,,,,,,,,,,,,,,,,,,,,,
endosome375E,initOrgProp,area,26111.23172,volume,378265.7269,xcoor,28.72495224,ycoor,44.10587884,pH,7.36126644,,,,,,,,,,,,,,,,,,,,,,
endosome375E,initRabContent,RabA,10363.53642,RabB,10888.35849,RabC,603.1857895,RabD,4256.151015,,,,,,,,,,,,,,,,,,,,,,,,
endosome375E,initMembraneContent,EEA1,0.891335516,exCxEn,0,R-TfaEn,4.54E-39,oMHCIEn,0.014333693,membraneMarker,0,M6PR,7.388893754,cMHCIEn,0.036139974,R-TfEn,2.57E-39,pepMHCIEn,0,REn,7.87E-04,imCxEn,0,,,,,,,,,,
endosome375E,initSolubleContent,povaEn,0,NH3Cy,0,protonEn,15.46381788,FeEn,0,NH3En,0,NH4En,0,ovaEn,0,TfaEn,1.30E-06,solubleMarker,0,mvb,0.015488109,bead2,0,bead3,0,bead4,0,TfEn,0,pepEn,0,bead1,0
endosome376n,initOrgProp,area,7539.822369,volume,50265.48246,xcoor,0.765148734,ycoor,26.9169998,pH,7.224066642,,,,,,,,,,,,,,,,,,,,,,
endosome376n,initRabContent,RabD,753.9968037,RabA,4750.077895,RabB,2035.747669,,,,,,,,,,,,,,,,,,,,,,,,,,
endosome376n,initMembraneContent,EEA1,3.016226704,exCxEn,0,R-TfaEn,2.51E-39,oMHCIEn,0.004211072,membraneMarker,0,M6PR,3.382961897,cMHCIEn,0.017036362,R-TfEn,1.42E-39,pepMHCIEn,0,REn,4.35E-04,imCxEn,0,,,,,,,,,,
endosome376n,initSolubleContent,povaEn,0,NH3Cy,0,protonEn,2.000566202,FeEn,0,NH3En,0,NH4En,0,ovaEn,0,TfaEn,1.90E-07,solubleMarker,0,mvb,0,bead2,0,bead3,0,bead4,0,TfEn,0,pepEn,0,bead1,0
endosome377R,initOrgProp,area,7539.822369,volume,50265.48246,xcoor,0.490746214,ycoor,34.68776679,pH,7.224066642,,,,,,,,,,,,,,,,,,,,,,
endosome377R,initRabContent,RabD,527.7977626,RabA,3325.054527,RabB,3686.970079,,,,,,,,,,,,,,,,,,,,,,,,,,
endosome377R,initMembraneContent,,,,,,,,,,,,,,,,,,,,,,,,,,,,,,,,
endosome377R,initSolubleContent,protonEn,2.000566202,,,,,,,,,,,,,,,,,,,,,,,,,,,,,,
endosome378A,initOrgProp,area,7539.822369,volume,50265.48246,xcoor,24.51932799,ycoor,3.835734605,pH,7.224066642,,,,,,,,,,,,,,,,,,,,,,
endosome378A,initRabContent,RabC,2138.346704,RabB,5401.475665,,,,,,,,,,,,,,,,,,,,,,,,,,,,
endosome378A,initMembraneContent,,,,,,,,,,,,,,,,,,,,,,,,,,,,,,,,
endosome378A,initSolubleContent,protonEn,2.000566202,,,,,,,,,,,,,,,,,,,,,,,,,,,,,,
endosome379G,initOrgProp,area,7964.658183,volume,54513.8406,xcoor,38.54555063,ycoor,35.02550016,pH,7.235495354,,,,,,,,,,,,,,,,,,,,,,
endosome379G,initRabContent,RabC,2715.299136,RabB,5249.359047,,,,,,,,,,,,,,,,,,,,,,,,,,,,
endosome379G,initMembraneContent,,,,,,,,,,,,,,,,,,,,,,,,,,,,,,,,
endosome379G,initSolubleContent,protonEn,2.169650856,,,,,,,,,,,,,,,,,,,,,,,,,,,,,,
endosome380M,initOrgProp,area,7964.658183,volume,54513.8406,xcoor,49.15764278,ycoor,48.92335548,pH,7.235495354,,,,,,,,,,,,,,,,,,,,,,
endosome380M,initRabContent,RabC,3877.045286,RabB,4087.612898,,,,,,,,,,,,,,,,,,,,,,,,,,,,
endosome380M,initMembraneContent,,,,,,,,,,,,,,,,,,,,,,,,,,,,,,,,
endosome380M,initSolubleContent,protonEn,2.169650856,,,,,,,,,,,,,,,,,,,,,,,,,,,,,,
endosome381v,initOrgProp,area,8834.033233,volume,63207.59111,xcoor,23.12930893,ycoor,39.34459318,pH,7.254762109,,,,,,,,,,,,,,,,,,,,,,
endosome381v,initRabContent,RabC,360.4285559,RabA,4328.676284,RabB,4144.928393,,,,,,,,,,,,,,,,,,,,,,,,,,
endosome381v,initMembraneContent,,,,,,,,,,,,,,,,,,,,,,,,,,,,,,,,
endosome381v,initSolubleContent,protonEn,2.515662126,,,,,,,,,,,,,,,,,,,,,,,,,,,,,,
endosome382V,initOrgProp,area,8834.033233,volume,72158.84366,xcoor,42.09442048,ycoor,49.27538316,pH,7.501909821,,,,,,,,,,,,,,,,,,,,,,
endosome382V,initRabContent,RabD,2179.358375,RabA,3155.603749,RabB,3499.07111,,,,,,,,,,,,,,,,,,,,,,,,,,
endosome382V,initMembraneContent,EEA1,2.339378246,exCxEn,2.28E-08,R-TfaEn,4.99E-42,oMHCIEn,5.25E-04,membraneMarker,0,M6PR,2.011252458,cMHCIEn,3.19E-05,R-TfEn,2.80E-42,pepMHCIEn,0,REn,8.60E-07,imCxEn,2.28E-08,,,,,,,,,,
endosome382V,initSolubleContent,povaEn,0,NH3Cy,0,protonEn,1.271850472,FeEn,0,NH3En,0,NH4En,0,ovaEn,0,TfaEn,1.03E-07,solubleMarker,0,mvb,0,bead2,0,bead3,0,bead4,0,TfEn,0,pepEn,0,bead1,0
endosome383l,initOrgProp,area,14326.56447,volume,118132.9035,xcoor,49.36878435,ycoor,44.65499949,pH,7.316367311,,,,,,,,,,,,,,,,,,,,,,
endosome383l,initRabContent,RabC,5639.580453,RabB,8686.984021,,,,,,,,,,,,,,,,,,,,,,,,,,,,
endosome383l,initMembraneContent,,,,,,,,,,,,,,,,,,,,,,,,,,,,,,,,
endosome383l,initSolubleContent,protonEn,4.70168956,,,,,,,,,,,,,,,,,,,,,,,,,,,,,,
endosome384H,initOrgProp,area,12566.37061,volume,100530.9649,xcoor,26.88576064,ycoor,14.55427982,pH,7.303231498,,,,,,,,,,,,,,,,,,,,,,
endosome384H,initRabContent,RabC,3563.911173,RabB,9002.459441,,,,,,,,,,,,,,,,,,,,,,,,,,,,
endosome384H,initMembraneContent,,,,,,,,,,,,,,,,,,,,,,,,,,,,,,,,
endosome384H,initSolubleContent,protonEn,4.001132404,,,,,,,,,,,,,,,,,,,,,,,,,,,,,,
endosome385N,initOrgProp,area,10908.0626,volume,89288.29111,xcoor,24.5867683,ycoor,23.3520714,pH,7.814363138,,,,,,,,,,,,,,,,,,,,,,
endosome385N,initRabContent,RabG,1507.964474,RabE,0,RabF,0,RabC,4122.222468,RabA,5277.875658,RabB,0,,,,,,,,,,,,,,,,,,,,
endosome385N,initMembraneContent,EEA1,6.310114803,exCxEn,3.10E-05,R-TfaEn,1.22E-39,oMHCIEn,0.003735437,membraneMarker,0,M6PR,1.571315128,cMHCIEn,0.005823426,R-TfEn,4.93E-40,pepMHCIEn,0,REn,1.76E-04,imCxEn,3.10E-05,,,,,,,,,,
endosome385N,initSolubleContent,povaEn,0,NH3Cy,0,protonEn,0.369088027,FeEn,0,NH3En,0,NH4En,0,ovaEn,0,TfaEn,2.50E-08,solubleMarker,0,mvb,0,bead2,0,bead3,0,bead4,0,TfEn,0,pepEn,0,bead1,0
endosome386i,initOrgProp,area,10880.75195,volume,83674.77823,xcoor,49.62521226,ycoor,46.8866078,pH,7.28608098,,,,,,,,,,,,,,,,,,,,,,
endosome386i,initRabContent,RabC,5743.281274,RabB,5137.470672,,,,,,,,,,,,,,,,,,,,,,,,,,,,
endosome386i,initMembraneContent,,,,,,,,,,,,,,,,,,,,,,,,,,,,,,,,
endosome386i,initSolubleContent,protonEn,3.330256174,,,,,,,,,,,,,,,,,,,,,,,,,,,,,,
endosome387F,initOrgProp,area,10880.75195,volume,83674.77823,xcoor,39.35556077,ycoor,39.66899595,pH,7.28608098,,,,,,,,,,,,,,,,,,,,,,
endosome387F,initRabContent,RabC,3709.44938,RabB,7171.302566,,,,,,,,,,,,,,,,,,,,,,,,,,,,
endosome387F,initMembraneContent,,,,,,,,,,,,,,,,,,,,,,,,,,,,,,,,
endosome387F,initSolubleContent,protonEn,3.330256174,,,,,,,,,,,,,,,,,,,,,,,,,,,,,,
endosome388J,initOrgProp,area,10880.75195,volume,83674.77823,xcoor,46.84377596,ycoor,48.0524188,pH,7.28608098,,,,,,,,,,,,,,,,,,,,,,
endosome388J,initRabContent,RabC,4283.153585,RabB,6597.598361,,,,,,,,,,,,,,,,,,,,,,,,,,,,
endosome388J,initMembraneContent,,,,,,,,,,,,,,,,,,,,,,,,,,,,,,,,
endosome388J,initSolubleContent,protonEn,3.330256174,,,,,,,,,,,,,,,,,,,,,,,,,,,,,,
endosome389x,initOrgProp,area,10880.75195,volume,83674.77823,xcoor,48.12124853,ycoor,49.30587396,pH,7.28608098,,,,,,,,,,,,,,,,,,,,,,
endosome389x,initRabContent,RabC,2408.040975,RabB,8472.710971,,,,,,,,,,,,,,,,,,,,,,,,,,,,
endosome389x,initMembraneContent,,,,,,,,,,,,,,,,,,,,,,,,,,,,,,,,
endosome389x,initSolubleContent,protonEn,3.330256174,,,,,,,,,,,,,,,,,,,,,,,,,,,,,,
endosome390b,initOrgProp,area,10536.97408,volume,80236.99953,xcoor,0.715805849,ycoor,39.88699571,pH,7.281805015,,,,,,,,,,,,,,,,,,,,,,
endosome390b,initRabContent,RabB,5541.530033,RabC,4995.444043,,,,,,,,,,,,,,,,,,,,,,,,,,,,
endosome390b,initMembraneContent,,,,,,,,,,,,,,,,,,,,,,,,,,,,,,,,
endosome390b,initSolubleContent,protonEn,3.193432581,,,,,,,,,,,,,,,,,,,,,,,,,,,,,,
endosome391g,initOrgProp,area,55045.29373,volume,1060515.141,xcoor,0.716487843,ycoor,26.86196317,pH,7.422290997,,,,,,,,,,,,,,,,,,,,,,
endosome391g,initRabContent,RabA,24480.93479,RabB,27634.4479,RabD,2929.911036,,,,,,,,,,,,,,,,,,,,,,,,,,
endosome391g,initMembraneContent,EEA1,4.526743078,exCxEn,5.57E-09,R-TfaEn,1.05E-38,oMHCIEn,0.025987893,membraneMarker,0,M6PR,15.15751317,cMHCIEn,0.081637768,R-TfEn,5.94E-39,pepMHCIEn,0,REn,0.001819921,imCxEn,5.57E-09,,,,,,,,,,
endosome391g,initSolubleContent,povaEn,0,NH3Cy,0,protonEn,39.10752622,FeEn,0,NH3En,0,NH4En,0,ovaEn,0,TfaEn,3.70E-06,solubleMarker,0,mvb,0.046191397,bead2,0,bead3,0,bead4,0,TfEn,0,pepEn,0,bead1,0
endosome392m,initOrgProp,area,7539.822369,volume,50265.48246,xcoor,28.44949914,ycoor,0.749820925,pH,7.224066642,,,,,,,,,,,,,,,,,,,,,,
endosome392m,initRabContent,RabI,1507.964474,RabG,4825.486316,RabH,1206.371579,,,,,,,,,,,,,,,,,,,,,,,,,,
endosome392m,initMembraneContent,EEA1,0,exCxEn,1.08E-06,R-TfaEn,2.56E-46,oMHCIEn,3.19E-11,membraneMarker,0,M6PR,0.002669233,cMHCIEn,4.10E-09,R-TfEn,3.79E-47,pepMHCIEn,0,REn,6.21E-11,imCxEn,1.08E-06,,,,,,,,,,
endosome392m,initSolubleContent,povaEn,0,NH3Cy,0,protonEn,2.000566202,FeEn,0,NH3En,0,NH4En,0,ovaEn,0,TfaEn,1.03E-09,solubleMarker,0,mvb,0,bead2,0,bead3,0,bead4,0,TfEn,0,pepEn,0,bead1,0
endosome393a,initOrgProp,area,7539.822369,volume,50265.48246,xcoor,0.905891321,ycoor,33.01196533,pH,7.224066642,,,,,,,,,,,,,,,,,,,,,,
endosome393a,initRabContent,RabC,2138.346704,RabB,5401.475665,,,,,,,,,,,,,,,,,,,,,,,,,,,,
endosome393a,initMembraneContent,,,,,,,,,,,,,,,,,,,,,,,,,,,,,,,,
endosome393a,initSolubleContent,protonEn,2.000566202,,,,,,,,,,,,,,,,,,,,,,,,,,,,,,
endosome394G,initOrgProp,area,8825.326692,volume,67392.65399,xcoor,30.65192829,ycoor,20.8041399,pH,7.320412553,,,,,,,,,,,,,,,,,,,,,,
endosome394G,initRabContent,RabC,8825.326692,,,,,,,,,,,,,,,,,,,,,,,,,,,,,,
endosome394G,initMembraneContent,EEA1,0.001941224,exCxEn,6.84E-14,R-TfaEn,4.63E-47,oMHCIEn,5.96E-07,membraneMarker,0,M6PR,2.01E-04,cMHCIEn,2.58E-10,R-TfEn,2.63E-47,pepMHCIEn,0,REn,8.04E-12,imCxEn,6.84E-14,,,,,,,,,,
endosome394G,initSolubleContent,povaEn,0,NH3Cy,0,protonEn,2.222552536,FeEn,0,NH3En,0,NH4En,0,ovaEn,0,TfaEn,9.57E-11,solubleMarker,0,mvb,0,bead2,0,bead3,0,bead4,0,TfEn,0,pepEn,0,bead1,0
endosome395F,initOrgProp,area,11022.14797,volume,85088.73848,xcoor,48.41870364,ycoor,0.702944366,pH,7.287750804,,,,,,,,,,,,,,,,,,,,,,
endosome395F,initRabContent,RabB,11022.14797,,,,,,,,,,,,,,,,,,,,,,,,,,,,,,
endosome395F,initMembraneContent,,,,,,,,,,,,,,,,,,,,,,,,,,,,,,,,
endosome395F,initSolubleContent,protonEn,3.386531791,,,,,,,,,,,,,,,,,,,,,,,,,,,,,,
endosome396R,initOrgProp,area,11022.14797,volume,85088.73848,xcoor,49.43277051,ycoor,2.979660408,pH,7.287750804,,,,,,,,,,,,,,,,,,,,,,
endosome396R,initRabContent,RabC,4873.480187,RabB,6148.667784,,,,,,,,,,,,,,,,,,,,,,,,,,,,
endosome396R,initMembraneContent,,,,,,,,,,,,,,,,,,,,,,,,,,,,,,,,
endosome396R,initSolubleContent,protonEn,3.386531791,,,,,,,,,,,,,,,,,,,,,,,,,,,,,,
endosome397H,initOrgProp,area,12252.21135,volume,100530.9649,xcoor,21.7287594,ycoor,22.49122199,pH,7.917336459,,,,,,,,,,,,,,,,,,,,,,
endosome397H,initRabContent,RabC,12252.21135,,,,,,,,,,,,,,,,,,,,,,,,,,,,,,
endosome397H,initMembraneContent,EEA1,0.002493967,exCxEn,2.27E-05,R-TfaEn,2.84E-39,oMHCIEn,0.01013694,membraneMarker,0,M6PR,0.001397926,cMHCIEn,0.017581097,R-TfEn,1.45E-39,pepMHCIEn,0,REn,4.65E-04,imCxEn,2.27E-05,,,,,,,,,,
endosome397H,initSolubleContent,povaEn,0,NH3Cy,0,protonEn,0.216083488,FeEn,0,NH3En,0,NH4En,0,ovaEn,0,TfaEn,1.87E-08,solubleMarker,0,mvb,0,bead2,0,bead3,0,bead4,0,TfEn,0,pepEn,0,bead1,0
endosome398A,initOrgProp,area,7539.822369,volume,50265.48246,xcoor,1.607286862,ycoor,0.547380792,pH,7.224066642,,,,,,,,,,,,,,,,,,,,,,
endosome398A,initRabContent,RabC,1668.653168,RabB,5871.169201,,,,,,,,,,,,,,,,,,,,,,,,,,,,
endosome398A,initMembraneContent,,,,,,,,,,,,,,,,,,,,,,,,,,,,,,,,
endosome398A,initSolubleContent,protonEn,2.000566202,,,,,,,,,,,,,,,,,,,,,,,,,,,,,,
endosome399a,initOrgProp,area,10995.57429,volume,91630.80798,xcoor,24.91661512,ycoor,23.66803725,pH,7.69049649,,,,,,,,,,,,,,,,,,,,,,
endosome399a,initRabContent,RabG,1759.291886,RabH,2199.114858,RabE,5629.734035,RabF,1407.433509,,,,,,,,,,,,,,,,,,,,,,,,
endosome399a,initMembraneContent,EEA1,0.002988476,exCxEn,1.15E-08,R-TfaEn,2.84E-42,oMHCIEn,1.21E-05,membraneMarker,0,M6PR,0.009379767,cMHCIEn,1.71E-05,R-TfEn,1.57E-42,pepMHCIEn,0,REn,4.86E-07,imCxEn,1.15E-08,,,,,,,,,,
endosome399a,initSolubleContent,povaEn,0,NH3Cy,0,protonEn,0.86872341,FeEn,0,NH3En,0,NH4En,0,ovaEn,0,TfaEn,2.12E-09,solubleMarker,0,mvb,0,bead2,0,bead3,0,bead4,0,TfEn,0,pepEn,0,bead1,0
endosome400r,initOrgProp,area,8602.937243,volume,60896.6312,xcoor,10.55107518,ycoor,8.261274658,pH,7.250099351,,,,,,,,,,,,,,,,,,,,,,
endosome400r,initRabContent,RabC,1903.933247,RabB,6699.003996,,,,,,,,,,,,,,,,,,,,,,,,,,,,
endosome400r,initMembraneContent,,,,,,,,,,,,,,,,,,,,,,,,,,,,,,,,
endosome400r,initSolubleContent,protonEn,2.423685922,,,,,,,,,,,,,,,,,,,,,,,,,,,,,,
endosome401u,initOrgProp,area,12566.37061,volume,100530.9649,xcoor,48.40687649,ycoor,1.742641534,pH,7.303231498,,,,,,,,,,,,,,,,,,,,,,
endosome401u,initRabContent,RabA,5026.548246,RabB,5871.169201,RabC,1668.653168,,,,,,,,,,,,,,,,,,,,,,,,,,
endosome401u,initMembraneContent,,,,,,,,,,,,,,,,,,,,,,,,,,,,,,,,
endosome401u,initSolubleContent,protonEn,4.001132404,,,,,,,,,,,,,,,,,,,,,,,,,,,,,,
endosome402c,initOrgProp,area,57808.65892,volume,1200212.734,xcoor,4.567315275,ycoor,15.97016998,pH,7.42427825,,,,,,,,,,,,,,,,,,,,,,
endosome402c,initRabContent,RabA,46812.58756,RabB,3324.003702,RabC,3670.243229,RabD,4001.824426,,,,,,,,,,,,,,,,,,,,,,,,
endosome402c,initMembraneContent,EEA1,7.846163739,exCxEn,0,R-TfaEn,8.74E-39,oMHCIEn,0.041333563,membraneMarker,0,M6PR,18.65721916,cMHCIEn,0.068126734,R-TfEn,4.94E-39,pepMHCIEn,0,REn,0.001512939,imCxEn,0,,,,,,,,,,
endosome402c,initSolubleContent,povaEn,0,NH3Cy,0,protonEn,44.18351153,FeEn,0,NH3En,0,NH4En,0,ovaEn,0,TfaEn,4.03E-06,solubleMarker,0,mvb,0.06639035,bead2,0,bead3,0,bead4,0,TfEn,0,pepEn,0,bead1,0
endosome403M,initOrgProp,area,11430.18287,volume,109556.5057,xcoor,17.72157409,ycoor,42.13882453,pH,7.295406794,,,,,,,,,,,,,,,,,,,,,,
endosome403M,initRabContent,RabA,1174.23095,RabB,5063.67464,RabC,4438.28048,RabD,753.9968037,,,,,,,,,,,,,,,,,,,,,,,,
endosome403M,initMembraneContent,,,,,,,,,,,,,,,,,,,,,,,,,,,,,,,,
endosome403M,initSolubleContent,protonEn,4.549212783,,,,,,,,,,,,,,,,,,,,,,,,,,,,,,
endosome404A,initOrgProp,area,7539.822369,volume,50265.48246,xcoor,23.92933056,ycoor,0.793187101,pH,7.224066642,,,,,,,,,,,,,,,,,,,,,,
endosome404A,initRabContent,RabI,1507.964474,RabH,6031.857895,,,,,,,,,,,,,,,,,,,,,,,,,,,,
endosome404A,initMembraneContent,EEA1,0,exCxEn,1.08E-06,R-TfaEn,2.56E-46,oMHCIEn,3.19E-11,membraneMarker,0,M6PR,0.002669325,cMHCIEn,4.10E-09,R-TfEn,3.79E-47,pepMHCIEn,0,REn,6.21E-11,imCxEn,1.08E-06,,,,,,,,,,
endosome404A,initSolubleContent,povaEn,0,NH3Cy,0,protonEn,2.000566202,FeEn,0,NH3En,0,NH4En,0,ovaEn,0,TfaEn,1.03E-09,solubleMarker,0,mvb,0,bead2,0,bead3,0,bead4,0,TfEn,0,pepEn,0,bead1,0
endosome405c,initOrgProp,area,12252.21135,volume,100530.9649,xcoor,22.22594566,ycoor,22.07528847,pH,7.917336459,,,,,,,,,,,,,,,,,,,,,,
endosome405c,initRabContent,RabC,12252.21135,,,,,,,,,,,,,,,,,,,,,,,,,,,,,,
endosome405c,initMembraneContent,EEA1,0.002493967,exCxEn,2.27E-05,R-TfaEn,2.84E-39,oMHCIEn,0.01013694,membraneMarker,0,M6PR,0.001397926,cMHCIEn,0.017581097,R-TfEn,1.45E-39,pepMHCIEn,0,REn,4.65E-04,imCxEn,2.27E-05,,,,,,,,,,
endosome405c,initSolubleContent,povaEn,0,NH3Cy,0,protonEn,0.216083488,FeEn,0,NH3En,0,NH4En,0,ovaEn,0,TfaEn,1.87E-08,solubleMarker,0,mvb,0,bead2,0,bead3,0,bead4,0,TfEn,0,pepEn,0,bead1,0
endosome406M,initOrgProp,area,12252.21135,volume,100530.9649,xcoor,21.63665974,ycoor,22.46731096,pH,7.917336459,,,,,,,,,,,,,,,,,,,,,,
endosome406M,initRabContent,RabC,12252.21135,,,,,,,,,,,,,,,,,,,,,,,,,,,,,,
endosome406M,initMembraneContent,EEA1,0.002493967,exCxEn,2.27E-05,R-TfaEn,2.84E-39,oMHCIEn,0.01013694,membraneMarker,0,M6PR,0.001397926,cMHCIEn,0.017581097,R-TfEn,1.45E-39,pepMHCIEn,0,REn,4.65E-04,imCxEn,2.27E-05,,,,,,,,,,
endosome406M,initSolubleContent,povaEn,0,NH3Cy,0,protonEn,0.216083488,FeEn,0,NH3En,0,NH4En,0,ovaEn,0,TfaEn,1.87E-08,solubleMarker,0,mvb,0,bead2,0,bead3,0,bead4,0,TfEn,0,pepEn,0,bead1,0
endosome407J,initOrgProp,area,12135.16095,volume,100530.9649,xcoor,25.34019159,ycoor,20.74214016,pH,7.316471777,,,,,,,,,,,,,,,,,,,,,,
endosome407J,initRabContent,RabG,2427.032189,RabF,9708.128757,,,,,,,,,,,,,,,,,,,,,,,,,,,,
endosome407J,initMembraneContent,EEA1,0.001002658,exCxEn,3.00E-08,R-TfaEn,7.94E-43,oMHCIEn,2.41E-06,membraneMarker,0,M6PR,0.204726395,cMHCIEn,3.89E-06,R-TfEn,3.21E-43,pepMHCIEn,0,REn,1.15E-07,imCxEn,3.00E-08,,,,,,,,,,
endosome407J,initSolubleContent,povaEn,0,NH3Cy,0,protonEn,3.85096425,FeEn,0,NH3En,0,NH4En,0,ovaEn,0,TfaEn,2.81E-09,solubleMarker,0,mvb,0,bead2,0,bead3,0,bead4,0,TfEn,0,pepEn,0,bead1,0
endosome408x,initOrgProp,area,12444.51279,volume,124454.0192,xcoor,38.23114424,ycoor,45.65952745,pH,7.594867938,,,,,,,,,,,,,,,,,,,,,,
endosome408x,initRabContent,RabA,8711.158951,RabB,3733.353836,,,,,,,,,,,,,,,,,,,,,,,,,,,,
endosome408x,initMembraneContent,EEA1,3.241962812,exCxEn,2.71E-08,R-TfaEn,8.53E-40,oMHCIEn,0.001655612,membraneMarker,0,M6PR,2.231008578,cMHCIEn,0.006372761,R-TfEn,4.83E-40,pepMHCIEn,0,REn,1.48E-04,imCxEn,2.71E-08,,,,,,,,,,
endosome408x,initSolubleContent,povaEn,0,NH3Cy,0,protonEn,2.163304421,FeEn,0,NH3En,0,NH4En,0,ovaEn,0,TfaEn,1.86E-07,solubleMarker,0,mvb,0,bead2,0,bead3,0,bead4,0,TfEn,0,pepEn,0,bead1,0
endosome409j,initOrgProp,area,7539.822369,volume,50265.48246,xcoor,20.93237422,ycoor,23.14946978,pH,7.685964631,,,,,,,,,,,,,,,,,,,,,,
endosome409j,initRabContent,RabC,7539.822369,,,,,,,,,,,,,,,,,,,,,,,,,,,,,,
endosome409j,initMembraneContent,EEA1,0.001498162,exCxEn,7.24E-06,R-TfaEn,2.82E-39,oMHCIEn,0.011104048,membraneMarker,0,M6PR,3.36E-04,cMHCIEn,0.017997192,R-TfEn,1.52E-39,pepMHCIEn,0,REn,4.74E-04,imCxEn,7.24E-06,,,,,,,,,,
endosome409j,initSolubleContent,povaEn,0,NH3Cy,0,protonEn,0.035869925,FeEn,0,NH3En,0,NH4En,0,ovaEn,0,TfaEn,3.27E-09,solubleMarker,0,mvb,0,bead2,0,bead3,0,bead4,0,TfEn,0,pepEn,0,bead1,0
endosome410F,initOrgProp,area,14052.11063,volume,119921.4201,xcoor,26.00227649,ycoor,22.27285063,pH,7.702710132,,,,,,,,,,,,,,,,,,,,,,
endosome410F,initRabContent,RabE,14052.11063,,,,,,,,,,,,,,,,,,,,,,,,,,,,,,
endosome410F,initMembraneContent,EEA1,0.007123598,exCxEn,6.61E-06,R-TfaEn,2.67E-42,oMHCIEn,1.58E-05,membraneMarker,0,M6PR,3.679332571,cMHCIEn,1.32E-05,R-TfEn,1.16E-42,pepMHCIEn,0,REn,3.99E-07,imCxEn,6.61E-06,,,,,,,,,,
endosome410F,initSolubleContent,povaEn,0,NH3Cy,0,protonEn,1.377861913,FeEn,0,NH3En,0,NH4En,0,ovaEn,0,TfaEn,1.05E-08,solubleMarker,0,mvb,0,bead2,0,bead3,0,bead4,0,TfEn,0,pepEn,0,bead1,0
endosome411W,initOrgProp,area,12483.11841,volume,110416.9858,xcoor,22.41767278,ycoor,22.25381574,pH,7.969684095,,,,,,,,,,,,,,,,,,,,,,
endosome411W,initRabContent,RabC,509.3112311,RabA,6116.72802,RabB,5857.079158,,,,,,,,,,,,,,,,,,,,,,,,,,
endosome411W,initMembraneContent,EEA1,2.449475255,exCxEn,1.22E-07,R-TfaEn,1.43E-42,oMHCIEn,1.52E-06,membraneMarker,0,M6PR,0.384789087,cMHCIEn,7.90E-06,R-TfEn,7.20E-43,pepMHCIEn,0,REn,2.32E-07,imCxEn,1.22E-07,,,,,,,,,,
endosome411W,initSolubleContent,povaEn,0,NH3Cy,0,protonEn,0.184000245,FeEn,0,NH3En,0,NH4En,0,ovaEn,0,TfaEn,1.56E-08,solubleMarker,0,mvb,0,bead2,0,bead3,0,bead4,0,TfEn,0,pepEn,0,bead1,0
endosome412n,initOrgProp,area,7539.822369,volume,50265.48246,xcoor,49.27878855,ycoor,6.481506182,pH,7.224066642,,,,,,,,,,,,,,,,,,,,,,
endosome412n,initRabContent,RabC,1668.653168,RabB,5871.169201,,,,,,,,,,,,,,,,,,,,,,,,,,,,
endosome412n,initMembraneContent,,,,,,,,,,,,,,,,,,,,,,,,,,,,,,,,
endosome412n,initSolubleContent,protonEn,2.000566202,,,,,,,,,,,,,,,,,,,,,,,,,,,,,,
endosome413W,initOrgProp,area,11479.45187,volume,89661.77749,xcoor,1.296064044,ycoor,47.82553052,pH,7.292830032,,,,,,,,,,,,,,,,,,,,,,
endosome413W,initRabContent,RabC,3255.653366,RabB,8223.798506,,,,,,,,,,,,,,,,,,,,,,,,,,,,
endosome413W,initMembraneContent,,,,,,,,,,,,,,,,,,,,,,,,,,,,,,,,
endosome413W,initSolubleContent,protonEn,3.568538744,,,,,,,,,,,,,,,,,,,,,,,,,,,,,,
endosome414t,initOrgProp,area,7539.822369,volume,50265.48246,xcoor,7.082585246,ycoor,0.702459554,pH,7.224066642,,,,,,,,,,,,,,,,,,,,,,
endosome414t,initRabContent,RabD,1002.814243,RabA,2992.54299,RabB,3544.465135,,,,,,,,,,,,,,,,,,,,,,,,,,
endosome414t,initMembraneContent,,,,,,,,,,,,,,,,,,,,,,,,,,,,,,,,
endosome414t,initSolubleContent,protonEn,2.000566202,,,,,,,,,,,,,,,,,,,,,,,,,,,,,,
endosome415k,initOrgProp,area,12566.37061,volume,100530.9649,xcoor,6.214209644,ycoor,38.97841256,pH,7.303231498,,,,,,,,,,,,,,,,,,,,,,
endosome415k,initRabContent,RabC,2781.088613,RabB,9785.282001,,,,,,,,,,,,,,,,,,,,,,,,,,,,
endosome415k,initMembraneContent,,,,,,,,,,,,,,,,,,,,,,,,,,,,,,,,
endosome415k,initSolubleContent,protonEn,4.001132404,,,,,,,,,,,,,,,,,,,,,,,,,,,,,,
endosome416E,initOrgProp,area,7539.822369,volume,50265.48246,xcoor,46.74694726,ycoor,0.639713811,pH,7.224066642,,,,,,,,,,,,,,,,,,,,,,
endosome416E,initRabContent,RabD,753.9859571,RabA,3325.059842,RabB,3460.77657,,,,,,,,,,,,,,,,,,,,,,,,,,
endosome416E,initMembraneContent,,,,,,,,,,,,,,,,,,,,,,,,,,,,,,,,
endosome416E,initSolubleContent,protonEn,2.000566202,,,,,,,,,,,,,,,,,,,,,,,,,,,,,,
endosome417Q,initOrgProp,area,14108.37317,volume,150229.2387,xcoor,26.46419265,ycoor,11.26183158,pH,7.321393492,,,,,,,,,,,,,,,,,,,,,,
endosome417Q,initRabContent,RabD,2680.609441,RabA,7999.434613,RabB,3428.32912,,,,,,,,,,,,,,,,,,,,,,,,,,
endosome417Q,initMembraneContent,EEA1,3.045615723,exCxEn,0,R-TfaEn,4.19E-39,oMHCIEn,0.007787776,membraneMarker,0,M6PR,4.448569402,cMHCIEn,0.032081534,R-TfEn,2.37E-39,pepMHCIEn,0,REn,7.25E-04,imCxEn,0,,,,,,,,,,
endosome417Q,initSolubleContent,povaEn,0,NH3Cy,0,protonEn,6.167388983,FeEn,0,NH3En,0,NH4En,0,ovaEn,0,TfaEn,5.84E-07,solubleMarker,0,mvb,0.006162257,bead2,0,bead3,0,bead4,0,TfEn,0,pepEn,0,bead1,0
endosome418Z,initOrgProp,area,21928.50332,volume,231541.975,xcoor,19.22012458,ycoor,17.7813283,pH,7.433317547,,,,,,,,,,,,,,,,,,,,,,
endosome418Z,initRabContent,RabA,14071.39485,RabB,2479.814748,RabC,1158.116716,RabD,4219.177008,,,,,,,,,,,,,,,,,,,,,,,,
endosome418Z,initMembraneContent,EEA1,2.483547879,exCxEn,3.60E-09,R-TfaEn,1.78E-39,oMHCIEn,0.010620326,membraneMarker,0,M6PR,6.28159831,cMHCIEn,0.014296337,R-TfEn,1.00E-39,pepMHCIEn,0,REn,3.08E-04,imCxEn,3.60E-09,,,,,,,,,,
endosome418Z,initSolubleContent,povaEn,0,NH3Cy,0,protonEn,7.537135743,FeEn,0,NH3En,0,NH4En,0,ovaEn,0,TfaEn,6.14E-07,solubleMarker,0,mvb,0.007839106,bead2,0,bead3,0,bead4,0,TfEn,0,pepEn,0,bead1,0
endosome419b,initOrgProp,area,44722.14678,volume,765758.8568,xcoor,6.662473835,ycoor,5.211228111,pH,7.568996835,,,,,,,,,,,,,,,,,,,,,,
endosome419b,initRabContent,RabA,3301.571853,RabB,22111.18965,RabC,15992.78558,RabD,3316.599699,,,,,,,,,,,,,,,,,,,,,,,,
endosome419b,initMembraneContent,EEA1,0.456455449,exCxEn,2.68E-06,R-TfaEn,3.25E-39,oMHCIEn,0.013245868,membraneMarker,0,M6PR,2.198498383,cMHCIEn,0.023513779,R-TfEn,1.74E-39,pepMHCIEn,0,REn,5.47E-04,imCxEn,2.68E-06,,,,,,,,,,
endosome419b,initSolubleContent,povaEn,0,NH3Cy,0,protonEn,19.6583292,FeEn,0,NH3En,0,NH4En,0,ovaEn,0,TfaEn,6.80E-07,solubleMarker,0,mvb,0.034083253,bead2,0,bead3,0,bead4,0,TfEn,0,pepEn,0,bead1,0
endosome420v,initOrgProp,area,7539.822369,volume,50265.48246,xcoor,23.47451333,ycoor,5.938813993,pH,7.224066642,,,,,,,,,,,,,,,,,,,,,,
endosome420v,initRabContent,RabI,1507.964474,RabG,965.0972632,RabH,1206.371579,RabE,3088.311242,RabF,772.0778105,,,,,,,,,,,,,,,,,,,,,,
endosome420v,initMembraneContent,EEA1,0,exCxEn,1.08E-06,R-TfaEn,2.56E-46,oMHCIEn,3.19E-11,membraneMarker,0,M6PR,0.002669325,cMHCIEn,4.10E-09,R-TfEn,3.79E-47,pepMHCIEn,0,REn,6.21E-11,imCxEn,1.08E-06,,,,,,,,,,
endosome420v,initSolubleContent,povaEn,0,NH3Cy,0,protonEn,2.000566202,FeEn,0,NH3En,0,NH4En,0,ovaEn,0,TfaEn,1.03E-09,solubleMarker,0,mvb,0,bead2,0,bead3,0,bead4,0,TfEn,0,pepEn,0,bead1,0
endosome421t,initOrgProp,area,7539.822369,volume,50265.48246,xcoor,22.70030715,ycoor,15.77436551,pH,7.224066642,,,,,,,,,,,,,,,,,,,,,,
endosome421t,initRabContent,RabD,1229.01377,RabA,2992.54265,RabB,3318.265948,,,,,,,,,,,,,,,,,,,,,,,,,,
endosome421t,initMembraneContent,EEA1,0.671846368,exCxEn,0,R-TfaEn,2.13E-39,oMHCIEn,0.004157466,membraneMarker,0,M6PR,2.01626285,cMHCIEn,0.017245514,R-TfEn,1.20E-39,pepMHCIEn,0,REn,3.68E-04,imCxEn,0,,,,,,,,,,
endosome421t,initSolubleContent,povaEn,0,NH3Cy,0,protonEn,2.000566202,FeEn,0,NH3En,0,NH4En,0,ovaEn,0,TfaEn,1.89E-07,solubleMarker,0,mvb,0,bead2,0,bead3,0,bead4,0,TfEn,0,pepEn,0,bead1,0
endosome422E,initOrgProp,area,7539.822369,volume,50265.48246,xcoor,15.88376931,ycoor,16.02555391,pH,7.241789351,,,,,,,,,,,,,,,,,,,,,,
endosome422E,initRabContent,RabC,7539.822369,,,,,,,,,,,,,,,,,,,,,,,,,,,,,,
endosome422E,initMembraneContent,EEA1,0.00126634,exCxEn,6.94E-08,R-TfaEn,9.08E-41,oMHCIEn,0.002912973,membraneMarker,0,M6PR,0.005399615,cMHCIEn,6.37E-04,R-TfEn,5.07E-41,pepMHCIEn,0,REn,1.56E-05,imCxEn,6.94E-08,,,,,,,,,,
endosome422E,initSolubleContent,povaEn,0,NH3Cy,0,protonEn,1.880583738,FeEn,0,NH3En,0,NH4En,0,ovaEn,0,TfaEn,5.81E-08,solubleMarker,0,mvb,0,bead2,0,bead3,0,bead4,0,TfEn,0,pepEn,0,bead1,0
endosome423P,initOrgProp,area,13205.76122,volume,106924.871,xcoor,28.94698678,ycoor,44.92358331,pH,7.308455616,,,,,,,,,,,,,,,,,,,,,,
endosome423P,initRabContent,RabC,2922.593427,RabB,10283.16779,,,,,,,,,,,,,,,,,,,,,,,,,,,,
endosome423P,initMembraneContent,,,,,,,,,,,,,,,,,,,,,,,,,,,,,,,,
endosome423P,initSolubleContent,protonEn,4.255609864,,,,,,,,,,,,,,,,,,,,,,,,,,,,,,
endosome424H,initOrgProp,area,12566.37061,volume,100530.9649,xcoor,49.51149291,ycoor,42.3169157,pH,7.303231498,,,,,,,,,,,,,,,,,,,,,,
endosome424H,initRabContent,RabC,2781.088613,RabB,9785.282001,,,,,,,,,,,,,,,,,,,,,,,,,,,,
endosome424H,initMembraneContent,,,,,,,,,,,,,,,,,,,,,,,,,,,,,,,,
endosome424H,initSolubleContent,protonEn,4.001132404,,,,,,,,,,,,,,,,,,,,,,,,,,,,,,
endosome425Q,initOrgProp,area,13393.77638,volume,120309.6683,xcoor,25.61446758,ycoor,23.15866377,pH,7.885244302,,,,,,,,,,,,,,,,,,,,,,
endosome425Q,initRabContent,RabA,8438.079093,RabB,3616.319611,RabD,1339.377673,,,,,,,,,,,,,,,,,,,,,,,,,,
endosome425Q,initMembraneContent,EEA1,3.711744268,exCxEn,9.91E-09,R-TfaEn,2.99E-40,oMHCIEn,5.68E-04,membraneMarker,0,M6PR,1.032715668,cMHCIEn,0.002182122,R-TfEn,1.69E-40,pepMHCIEn,0,REn,5.19E-05,imCxEn,9.91E-09,,,,,,,,,,
endosome425Q,initSolubleContent,povaEn,0,NH3Cy,0,protonEn,0.566953928,FeEn,0,NH3En,0,NH4En,0,ovaEn,0,TfaEn,4.80E-08,solubleMarker,0,mvb,0,bead2,0,bead3,0,bead4,0,TfEn,0,pepEn,0,bead1,0
endosome426M,initOrgProp,area,11261.98829,volume,96647.39752,xcoor,23.57305184,ycoor,21.16126698,pH,7.773236525,,,,,,,,,,,,,,,,,,,,,,
endosome426M,initRabContent,RabE,11261.98829,,,,,,,,,,,,,,,,,,,,,,,,,,,,,,
endosome426M,initMembraneContent,EEA1,0.006191949,exCxEn,2.10E-06,R-TfaEn,4.20E-42,oMHCIEn,1.26E-05,membraneMarker,0,M6PR,4.888331807,cMHCIEn,2.09E-05,R-TfEn,1.54E-42,pepMHCIEn,0,REn,5.80E-07,imCxEn,2.10E-06,,,,,,,,,,
endosome426M,initSolubleContent,povaEn,0,NH3Cy,0,protonEn,0.629122116,FeEn,0,NH3En,0,NH4En,0,ovaEn,0,TfaEn,1.36E-08,solubleMarker,0,mvb,0,bead2,0,bead3,0,bead4,0,TfEn,0,pepEn,0,bead1,0
endosome427c,initOrgProp,area,11261.98829,volume,96647.39752,xcoor,24.67482592,ycoor,21.45331531,pH,7.773236525,,,,,,,,,,,,,,,,,,,,,,
endosome427c,initRabContent,RabE,11261.98829,,,,,,,,,,,,,,,,,,,,,,,,,,,,,,
endosome427c,initMembraneContent,EEA1,0.006191949,exCxEn,2.10E-06,R-TfaEn,4.20E-42,oMHCIEn,1.26E-05,membraneMarker,0,M6PR,4.888331807,cMHCIEn,2.09E-05,R-TfEn,1.54E-42,pepMHCIEn,0,REn,5.80E-07,imCxEn,2.10E-06,,,,,,,,,,
endosome427c,initSolubleContent,povaEn,0,NH3Cy,0,protonEn,0.629122116,FeEn,0,NH3En,0,NH4En,0,ovaEn,0,TfaEn,1.36E-08,solubleMarker,0,mvb,0,bead2,0,bead3,0,bead4,0,TfEn,0,pepEn,0,bead1,0
endosome428M,initOrgProp,area,13156.11951,volume,106428.4539,xcoor,48.47866426,ycoor,0.553377552,pH,7.308070353,,,,,,,,,,,,,,,,,,,,,,
endosome428M,initRabContent,RabC,4485.164225,RabB,8670.955288,,,,,,,,,,,,,,,,,,,,,,,,,,,,
endosome428M,initMembraneContent,,,,,,,,,,,,,,,,,,,,,,,,,,,,,,,,
endosome428M,initSolubleContent,protonEn,4.235852465,,,,,,,,,,,,,,,,,,,,,,,,,,,,,,
endosome429Q,initOrgProp,area,13892.69985,volume,112769.9208,xcoor,27.00025425,ycoor,21.51284767,pH,7.907060975,,,,,,,,,,,,,,,,,,,,,,
endosome429Q,initRabContent,RabC,13892.69985,,,,,,,,,,,,,,,,,,,,,,,,,,,,,,
endosome429Q,initMembraneContent,EEA1,0.012489966,exCxEn,7.62E-05,R-TfaEn,4.38E-39,oMHCIEn,0.012966781,membraneMarker,0,M6PR,0.005335345,cMHCIEn,0.020526976,R-TfEn,1.86E-39,pepMHCIEn,0,REn,6.50E-04,imCxEn,7.62E-05,,,,,,,,,,
endosome429Q,initSolubleContent,povaEn,0,NH3Cy,0,protonEn,0.396793804,FeEn,0,NH3En,0,NH4En,0,ovaEn,0,TfaEn,2.43E-08,solubleMarker,0,mvb,0,bead2,0,bead3,0,bead4,0,TfEn,0,pepEn,0,bead1,0
endosome430f,initOrgProp,area,8091.360279,volume,65251.51994,xcoor,26.58287121,ycoor,12.0775716,pH,7.440492599,,,,,,,,,,,,,,,,,,,,,,
endosome430f,initRabContent,RabI,1618.272056,RabG,1035.694116,RabH,1294.617645,RabE,3314.22117,RabF,828.5552926,,,,,,,,,,,,,,,,,,,,,,
endosome430f,initMembraneContent,EEA1,0.002712333,exCxEn,0.001245204,R-TfaEn,1.78E-42,oMHCIEn,5.38E-06,membraneMarker,0,M6PR,0.004203763,cMHCIEn,8.86E-06,R-TfEn,6.58E-43,pepMHCIEn,0,REn,2.47E-07,imCxEn,0.001245204,,,,,,,,,,
endosome430f,initSolubleContent,povaEn,0,NH3Cy,0,protonEn,1.366453819,FeEn,0,NH3En,0,NH4En,0,ovaEn,0,TfaEn,6.27E-09,solubleMarker,0,mvb,0,bead2,0,bead3,0,bead4,0,TfEn,0,pepEn,0,bead1,0
endosome431X,initOrgProp,area,7539.822369,volume,50265.48246,xcoor,11.26366182,ycoor,33.26433236,pH,7.237136306,,,,,,,,,,,,,,,,,,,,,,
endosome431X,initRabContent,RabC,2138.346704,RabB,5401.475665,,,,,,,,,,,,,,,,,,,,,,,,,,,,
endosome431X,initMembraneContent,EEA1,0.002844672,exCxEn,4.21E-12,R-TfaEn,2.14E-39,oMHCIEn,1.44E-05,membraneMarker,0,M6PR,0.01060891,cMHCIEn,0.014880514,R-TfEn,1.21E-39,pepMHCIEn,0,REn,3.71E-04,imCxEn,4.21E-12,,,,,,,,,,
endosome431X,initSolubleContent,povaEn,0,NH3Cy,0,protonEn,1.911612325,FeEn,0,NH3En,0,NH4En,0,ovaEn,0,TfaEn,1.23E-07,solubleMarker,0,mvb,0,bead2,0,bead3,0,bead4,0,TfEn,0,pepEn,0,bead1,0
endosome432g,initOrgProp,area,15551.98245,volume,136670.2685,xcoor,21.48905926,ycoor,47.01990775,pH,7.598490741,,,,,,,,,,,,,,,,,,,,,,
endosome432g,initRabContent,RabB,9733.107069,RabC,5818.875378,,,,,,,,,,,,,,,,,,,,,,,,,,,,
endosome432g,initMembraneContent,EEA1,0.001464993,exCxEn,4.72E-06,R-TfaEn,1.31E-39,oMHCIEn,0.002245634,membraneMarker,0,M6PR,1.21E-04,cMHCIEn,0.00642768,R-TfEn,6.65E-40,pepMHCIEn,0,REn,2.14E-04,imCxEn,4.72E-06,,,,,,,,,,
endosome432g,initSolubleContent,povaEn,0,NH3Cy,0,protonEn,2.444953043,FeEn,0,NH3En,0,NH4En,0,ovaEn,0,TfaEn,2.82E-10,solubleMarker,0,mvb,0,bead2,0,bead3,0,bead4,0,TfEn,0,pepEn,0,bead1,0
endosome433Z,initOrgProp,area,7539.822369,volume,50265.48246,xcoor,25.80393711,ycoor,19.56834985,pH,7.327756718,,,,,,,,,,,,,,,,,,,,,,
endosome433Z,initRabContent,RabG,1507.964474,RabF,6031.857895,,,,,,,,,,,,,,,,,,,,,,,,,,,,
endosome433Z,initMembraneContent,EEA1,0.001870084,exCxEn,1.06E-07,R-TfaEn,2.04E-42,oMHCIEn,8.11E-06,membraneMarker,0,M6PR,0.006722966,cMHCIEn,1.12E-05,R-TfEn,1.10E-42,pepMHCIEn,0,REn,3.44E-07,imCxEn,1.06E-07,,,,,,,,,,
endosome433Z,initSolubleContent,povaEn,0,NH3Cy,0,protonEn,1.363268886,FeEn,0,NH3En,0,NH4En,0,ovaEn,0,TfaEn,1.06E-08,solubleMarker,0,mvb,0,bead2,0,bead3,0,bead4,0,TfEn,0,pepEn,0,bead1,0
endosome434R,initOrgProp,area,7539.822369,volume,50265.48246,xcoor,24.2254483,ycoor,39.06735998,pH,7.236679474,,,,,,,,,,,,,,,,,,,,,,
endosome434R,initRabContent,RabD,527.7965543,RabA,4750.079104,RabB,2261.946711,,,,,,,,,,,,,,,,,,,,,,,,,,
endosome434R,initMembraneContent,EEA1,2.84751618,exCxEn,4.16E-14,R-TfaEn,2.14E-42,oMHCIEn,1.44E-05,membraneMarker,0,M6PR,5.315063687,cMHCIEn,1.49E-05,R-TfEn,1.21E-42,pepMHCIEn,0,REn,3.71E-07,imCxEn,4.16E-14,,,,,,,,,,
endosome434R,initSolubleContent,povaEn,0,NH3Cy,0,protonEn,1.914676645,FeEn,0,NH3En,0,NH4En,0,ovaEn,0,TfaEn,1.24E-07,solubleMarker,0,mvb,0,bead2,0,bead3,0,bead4,0,TfEn,0,pepEn,0,bead1,0
endosome435f,initOrgProp,area,7539.822369,volume,50265.48246,xcoor,23.68802213,ycoor,23.43251719,pH,7.3962983,,,,,,,,,,,,,,,,,,,,,,
endosome435f,initRabContent,RabC,7539.822369,,,,,,,,,,,,,,,,,,,,,,,,,,,,,,
endosome435f,initMembraneContent,EEA1,0.001752034,exCxEn,8.81E-06,R-TfaEn,2.00E-39,oMHCIEn,0.008309241,membraneMarker,0,M6PR,0.005013824,cMHCIEn,0.011116245,R-TfEn,1.07E-39,pepMHCIEn,0,REn,3.36E-04,imCxEn,8.81E-06,,,,,,,,,,
endosome435f,initSolubleContent,povaEn,0,NH3Cy,0,protonEn,1.018234175,FeEn,0,NH3En,0,NH4En,0,ovaEn,0,TfaEn,1.71E-08,solubleMarker,0,mvb,0,bead2,0,bead3,0,bead4,0,TfEn,0,pepEn,0,bead1,0
endosome436w,initOrgProp,area,12566.37061,volume,100530.9649,xcoor,1.519038003,ycoor,3.462606734,pH,7.303231498,,,,,,,,,,,,,,,,,,,,,,
endosome436w,initRabContent,RabC,12566.37061,,,,,,,,,,,,,,,,,,,,,,,,,,,,,,
endosome436w,initMembraneContent,,,,,,,,,,,,,,,,,,,,,,,,,,,,,,,,
endosome436w,initSolubleContent,protonEn,4.001132404,,,,,,,,,,,,,,,,,,,,,,,,,,,,,,
endosome437O,initOrgProp,area,11309.73355,volume,100530.9649,xcoor,23.82240554,ycoor,18.39994533,pH,7.982068228,,,,,,,,,,,,,,,,,,,,,,
endosome437O,initRabContent,RabC,11309.73355,,,,,,,,,,,,,,,,,,,,,,,,,,,,,,
endosome437O,initMembraneContent,EEA1,1.30E-04,exCxEn,3.70E-05,R-TfaEn,3.01E-39,oMHCIEn,0.012654476,membraneMarker,0,M6PR,9.65E-04,cMHCIEn,0.014418572,R-TfEn,1.23E-39,pepMHCIEn,0,REn,4.38E-04,imCxEn,3.70E-05,,,,,,,,,,
endosome437O,initSolubleContent,povaEn,0,NH3Cy,0,protonEn,0.047687164,FeEn,0,NH3En,0,NH4En,0,ovaEn,0,TfaEn,3.18E-09,solubleMarker,0,mvb,0,bead2,0,bead3,0,bead4,0,TfEn,0,pepEn,0,bead1,0
endosome438w,initOrgProp,area,7539.822369,volume,50265.48246,xcoor,23.27884906,ycoor,20.79880659,pH,7.224066642,,,,,,,,,,,,,,,,,,,,,,
endosome438w,initRabContent,RabI,1507.964474,RabG,965.0972632,RabH,1206.371579,RabF,3860.389053,,,,,,,,,,,,,,,,,,,,,,,,
endosome438w,initMembraneContent,EEA1,0,exCxEn,1.08E-06,R-TfaEn,2.57E-46,oMHCIEn,3.24E-11,membraneMarker,0,M6PR,0.002668308,cMHCIEn,4.11E-09,R-TfEn,3.86E-47,pepMHCIEn,0,REn,6.23E-11,imCxEn,1.08E-06,,,,,,,,,,
endosome438w,initSolubleContent,povaEn,0,NH3Cy,0,protonEn,2.000566202,FeEn,0,NH3En,0,NH4En,0,ovaEn,0,TfaEn,1.03E-09,solubleMarker,0,mvb,0,bead2,0,bead3,0,bead4,0,TfEn,0,pepEn,0,bead1,0
endosome439d,initOrgProp,area,11309.73355,volume,100530.9649,xcoor,29.65141745,ycoor,19.68145428,pH,7.996815994,,,,,,,,,,,,,,,,,,,,,,
endosome439d,initRabContent,RabC,11309.73355,,,,,,,,,,,,,,,,,,,,,,,,,,,,,,
endosome439d,initMembraneContent,EEA1,1.18E-04,exCxEn,3.09E-05,R-TfaEn,6.73E-40,oMHCIEn,0.002850456,membraneMarker,0,M6PR,1.10E-05,cMHCIEn,0.003882228,R-TfEn,3.84E-40,pepMHCIEn,0,REn,1.17E-04,imCxEn,3.09E-05,,,,,,,,,,
endosome439d,initSolubleContent,povaEn,0,NH3Cy,0,protonEn,0.012707105,FeEn,0,NH3En,0,NH4En,0,ovaEn,0,TfaEn,1.13E-09,solubleMarker,0,mvb,0,bead2,0,bead3,0,bead4,0,TfEn,0,pepEn,0,bead1,0
endosome440k,initOrgProp,area,11309.73355,volume,100530.9649,xcoor,29.63311103,ycoor,20.42835878,pH,7.996815994,,,,,,,,,,,,,,,,,,,,,,
endosome440k,initRabContent,RabC,11309.73355,,,,,,,,,,,,,,,,,,,,,,,,,,,,,,
endosome440k,initMembraneContent,EEA1,1.18E-04,exCxEn,3.09E-05,R-TfaEn,6.73E-40,oMHCIEn,0.002850456,membraneMarker,0,M6PR,1.10E-05,cMHCIEn,0.003882228,R-TfEn,3.84E-40,pepMHCIEn,0,REn,1.17E-04,imCxEn,3.09E-05,,,,,,,,,,
endosome440k,initSolubleContent,povaEn,0,NH3Cy,0,protonEn,0.012707105,FeEn,0,NH3En,0,NH4En,0,ovaEn,0,TfaEn,1.13E-09,solubleMarker,0,mvb,0,bead2,0,bead3,0,bead4,0,TfEn,0,pepEn,0,bead1,0
endosome441U,initOrgProp,area,7539.822369,volume,50265.48246,xcoor,1.496980253,ycoor,47.50439868,pH,7.224066642,,,,,,,,,,,,,,,,,,,,,,
endosome441U,initRabContent,RabC,2570.464757,RabB,4969.357611,,,,,,,,,,,,,,,,,,,,,,,,,,,,
endosome441U,initMembraneContent,,,,,,,,,,,,,,,,,,,,,,,,,,,,,,,,
endosome441U,initSolubleContent,protonEn,2.000566202,,,,,,,,,,,,,,,,,,,,,,,,,,,,,,
endosome442w,initOrgProp,area,12566.37061,volume,100530.9649,xcoor,8.456472848,ycoor,49.55548477,pH,7.303231498,,,,,,,,,,,,,,,,,,,,,,
endosome442w,initRabContent,RabC,1930.194526,RabB,10636.17609,,,,,,,,,,,,,,,,,,,,,,,,,,,,
endosome442w,initMembraneContent,,,,,,,,,,,,,,,,,,,,,,,,,,,,,,,,
endosome442w,initSolubleContent,protonEn,4.001132404,,,,,,,,,,,,,,,,,,,,,,,,,,,,,,
endosome443h,initOrgProp,area,7539.822369,volume,50265.48246,xcoor,10.18053546,ycoor,49.45911089,pH,7.224066642,,,,,,,,,,,,,,,,,,,,,,
endosome443h,initRabContent,RabC,2138.346704,RabB,5401.475665,,,,,,,,,,,,,,,,,,,,,,,,,,,,
endosome443h,initMembraneContent,,,,,,,,,,,,,,,,,,,,,,,,,,,,,,,,
endosome443h,initSolubleContent,protonEn,2.000566202,,,,,,,,,,,,,,,,,,,,,,,,,,,,,,
endosome444h,initOrgProp,area,7539.822369,volume,50265.48246,xcoor,29.45568331,ycoor,19.63607738,pH,7.699197069,,,,,,,,,,,,,,,,,,,,,,
endosome444h,initRabContent,RabC,7539.822369,,,,,,,,,,,,,,,,,,,,,,,,,,,,,,
endosome444h,initMembraneContent,EEA1,5.35E-05,exCxEn,1.22E-09,R-TfaEn,1.90E-39,oMHCIEn,0.013194682,membraneMarker,0,M6PR,8.25E-07,R-TfEn,1.08E-39,cMHCIEn,0.009522984,pepMHCIEn,0,REn,3.30E-04,imCxEn,1.22E-09,,,,,,,,,,
endosome444h,initSolubleContent,povaEn,0,NH3Cy,0,protonEn,0.004784175,FeEn,0,NH3En,0,NH4En,0,ovaEn,0,TfaEn,3.92E-10,solubleMarker,0,bead2,0,mvb,0,bead3,0,bead4,0,TfEn,0,pepEn,0,bead1,0
endosome445W,initOrgProp,area,13026.03675,volume,105127.6262,xcoor,48.47975647,ycoor,0.636397314,pH,7.307045203,,,,,,,,,,,,,,,,,,,,,,
endosome445W,initRabContent,RabC,2882.818245,RabB,10143.2185,,,,,,,,,,,,,,,,,,,,,,,,,,,,
endosome445W,initMembraneContent,,,,,,,,,,,,,,,,,,,,,,,,,,,,,,,,
endosome445W,initSolubleContent,protonEn,4.184079525,,,,,,,,,,,,,,,,,,,,,,,,,,,,,,
endosome446l,initOrgProp,area,13752.00993,volume,112387.3581,xcoor,33.41640773,ycoor,16.64917539,pH,7.312490677,,,,,,,,,,,,,,,,,,,,,,
endosome446l,initRabContent,RabC,13752.00993,,,,,,,,,,,,,,,,,,,,,,,,,,,,,,
endosome446l,initMembraneContent,,,,,,,,,,,,,,,,,,,,,,,,,,,,,,,,
endosome446l,initSolubleContent,protonEn,4.473016853,,,,,,,,,,,,,,,,,,,,,,,,,,,,,,
endosome447t,initOrgProp,area,13026.03675,volume,105127.6262,xcoor,48.85856636,ycoor,0.943141647,pH,7.307045203,,,,,,,,,,,,,,,,,,,,,,
endosome447t,initRabContent,RabC,3694.275725,RabB,9331.761023,,,,,,,,,,,,,,,,,,,,,,,,,,,,
endosome447t,initMembraneContent,,,,,,,,,,,,,,,,,,,,,,,,,,,,,,,,
endosome447t,initSolubleContent,protonEn,4.184079525,,,,,,,,,,,,,,,,,,,,,,,,,,,,,,
endosome448F,initOrgProp,area,11025.44195,volume,85121.67825,xcoor,24.89677364,ycoor,49.26452017,pH,7.287789118,,,,,,,,,,,,,,,,,,,,,,
endosome448F,initRabContent,RabA,4785.262702,RabB,6240.179246,RabC,0,,,,,,,,,,,,,,,,,,,,,,,,,,
endosome448F,initMembraneContent,,,,,,,,,,,,,,,,,,,,,,,,,,,,,,,,
endosome448F,initSolubleContent,protonEn,3.387842794,,,,,,,,,,,,,,,,,,,,,,,,,,,,,,
endosome449M,initOrgProp,area,7539.822369,volume,50265.48246,xcoor,22.59602882,ycoor,1.867017804,pH,7.224066642,,,,,,,,,,,,,,,,,,,,,,
endosome449M,initRabContent,RabI,1507.964474,RabG,965.0972632,RabH,1206.371579,RabE,3088.311242,RabF,772.0778105,,,,,,,,,,,,,,,,,,,,,,
endosome449M,initMembraneContent,EEA1,0,exCxEn,1.45E-06,R-TfaEn,2.55E-46,oMHCIEn,3.06E-11,membraneMarker,0,M6PR,0.297766746,cMHCIEn,4.10E-09,R-TfEn,3.72E-47,pepMHCIEn,0,REn,6.18E-11,imCxEn,1.45E-06,,,,,,,,,,
endosome449M,initSolubleContent,povaEn,0,NH3Cy,0,protonEn,2.000566202,FeEn,0,NH3En,0,NH4En,0,ovaEn,0,TfaEn,1.03E-09,solubleMarker,0,mvb,0,bead2,0,bead3,0,bead4,0,TfEn,0,pepEn,0,bead1,0
endosome450M,initOrgProp,area,12444.51279,volume,124454.0192,xcoor,43.65006859,ycoor,39.31823786,pH,7.594867938,,,,,,,,,,,,,,,,,,,,,,
endosome450M,initRabContent,RabA,12444.51279,,,,,,,,,,,,,,,,,,,,,,,,,,,,,,
endosome450M,initMembraneContent,EEA1,3.241962812,exCxEn,2.71E-08,R-TfaEn,8.53E-40,oMHCIEn,0.001655612,membraneMarker,0,M6PR,2.231008578,cMHCIEn,0.006372761,R-TfEn,4.83E-40,pepMHCIEn,0,REn,1.48E-04,imCxEn,2.71E-08,,,,,,,,,,
endosome450M,initSolubleContent,povaEn,0,NH3Cy,0,protonEn,2.163304421,FeEn,0,NH3En,0,NH4En,0,ovaEn,0,TfaEn,1.86E-07,solubleMarker,0,mvb,0,bead2,0,bead3,0,bead4,0,TfEn,0,pepEn,0,bead1,0
endosome451w,initOrgProp,area,7539.822369,volume,50265.48246,xcoor,42.00884669,ycoor,49.22230322,pH,7.431608027,,,,,,,,,,,,,,,,,,,,,,
endosome451w,initRabContent,RabD,753.9840651,RabA,4750.086812,RabB,2035.751491,,,,,,,,,,,,,,,,,,,,,,,,,,
endosome451w,initMembraneContent,EEA1,1.964225048,exCxEn,1.64E-08,R-TfaEn,5.17E-40,oMHCIEn,0.001003094,membraneMarker,0,M6PR,1.351712893,cMHCIEn,0.003861098,R-TfEn,2.93E-40,pepMHCIEn,0,REn,8.96E-05,imCxEn,1.64E-08,,,,,,,,,,
endosome451w,initSolubleContent,povaEn,0,NH3Cy,0,protonEn,0.860637751,FeEn,0,NH3En,0,NH4En,0,ovaEn,0,TfaEn,7.38E-08,solubleMarker,0,mvb,0,bead2,0,bead3,0,bead4,0,TfEn,0,pepEn,0,bead1,0
endosome452j,initOrgProp,area,13255.76195,volume,115334.7651,xcoor,23.90703684,ycoor,24.8301938,pH,7.561599631,,,,,,,,,,,,,,,,,,,,,,
endosome452j,initRabContent,RabC,13255.76195,,,,,,,,,,,,,,,,,,,,,,,,,,,,,,
endosome452j,initMembraneContent,EEA1,0.003544213,exCxEn,1.15E-05,R-TfaEn,3.48E-39,oMHCIEn,0.01519749,membraneMarker,0,M6PR,0.00772565,cMHCIEn,0.019921098,R-TfEn,1.88E-39,pepMHCIEn,0,REn,5.87E-04,imCxEn,1.15E-05,,,,,,,,,,
endosome452j,initSolubleContent,povaEn,0,NH3Cy,0,protonEn,2.164904464,FeEn,0,NH3En,0,NH4En,0,ovaEn,0,TfaEn,5.40E-08,solubleMarker,0,mvb,0,bead2,0,bead3,0,bead4,0,TfEn,0,pepEn,0,bead1,0
endosome453I,initOrgProp,area,9512.32516,volume,69990.51037,xcoor,0.336600514,ycoor,30.72083801,pH,7.266901878,,,,,,,,,,,,,,,,,,,,,,
endosome453I,initRabContent,RabB,5631.721781,RabC,3880.603379,,,,,,,,,,,,,,,,,,,,,,,,,,,,
endosome453I,initMembraneContent,,,,,,,,,,,,,,,,,,,,,,,,,,,,,,,,
endosome453I,initSolubleContent,protonEn,2.785622313,,,,,,,,,,,,,,,,,,,,,,,,,,,,,,
endosome454z,initOrgProp,area,9069.588125,volume,73722.76038,xcoor,25.63926095,ycoor,24.21769216,pH,7.510066675,,,,,,,,,,,,,,,,,,,,,,
endosome454z,initRabContent,RabC,9069.588125,,,,,,,,,,,,,,,,,,,,,,,,,,,,,,
endosome454z,initMembraneContent,EEA1,0.002533415,exCxEn,8.41E-06,R-TfaEn,2.33E-39,oMHCIEn,0.010658011,membraneMarker,0,M6PR,0.005413387,cMHCIEn,0.012820026,R-TfEn,1.26E-39,pepMHCIEn,0,REn,3.93E-04,imCxEn,8.41E-06,,,,,,,,,,
endosome454z,initSolubleContent,povaEn,0,NH3Cy,0,protonEn,1.277901356,FeEn,0,NH3En,0,NH4En,0,ovaEn,0,TfaEn,3.49E-08,solubleMarker,0,mvb,0,bead2,0,bead3,0,bead4,0,TfEn,0,pepEn,0,bead1,0
endosome455q,initOrgProp,area,7539.822369,volume,50265.48246,xcoor,2.339491422,ycoor,1.348002985,pH,7.224066642,,,,,,,,,,,,,,,,,,,,,,
endosome455q,initRabContent,RabC,603.1857895,RabB,6936.636579,,,,,,,,,,,,,,,,,,,,,,,,,,,,
endosome455q,initMembraneContent,,,,,,,,,,,,,,,,,,,,,,,,,,,,,,,,
endosome455q,initSolubleContent,protonEn,2.000566202,,,,,,,,,,,,,,,,,,,,,,,,,,,,,,
endosome456N,initOrgProp,area,11352.77463,volume,88395.00505,xcoor,9.604842334,ycoor,49.316428,pH,7.291469848,,,,,,,,,,,,,,,,,,,,,,
endosome456N,initRabContent,RabC,908.2219702,RabB,10444.55266,,,,,,,,,,,,,,,,,,,,,,,,,,,,
endosome456N,initMembraneContent,,,,,,,,,,,,,,,,,,,,,,,,,,,,,,,,
endosome456N,initSolubleContent,protonEn,3.518121201,,,,,,,,,,,,,,,,,,,,,,,,,,,,,,
endosome457x,initOrgProp,area,11352.77463,volume,91536.59771,xcoor,17.26297324,ycoor,31.62871747,pH,7.325076507,,,,,,,,,,,,,,,,,,,,,,
endosome457x,initRabContent,RabC,908.2219702,RabB,10444.55266,,,,,,,,,,,,,,,,,,,,,,,,,,,,
endosome457x,initMembraneContent,EEA1,7.44E-04,exCxEn,5.33E-13,R-TfaEn,6.75E-41,oMHCIEn,3.56E-07,membraneMarker,0,M6PR,0.002787619,cMHCIEn,4.57E-04,R-TfEn,3.83E-41,pepMHCIEn,0,REn,1.17E-05,imCxEn,5.33E-13,,,,,,,,,,
endosome457x,initSolubleContent,povaEn,0,NH3Cy,0,protonEn,3.330302738,FeEn,0,NH3En,0,NH4En,0,ovaEn,0,TfaEn,1.52E-08,solubleMarker,0,mvb,0,bead2,0,bead3,0,bead4,0,TfEn,0,pepEn,0,bead1,0
endosome458L,initOrgProp,area,7539.822369,volume,50265.48246,xcoor,21.00461241,ycoor,23.24415632,pH,7.590089737,,,,,,,,,,,,,,,,,,,,,,
endosome458L,initRabContent,RabC,7539.822369,,,,,,,,,,,,,,,,,,,,,,,,,,,,,,
endosome458L,initMembraneContent,EEA1,1.78E-04,exCxEn,9.43E-19,R-TfaEn,2.86E-40,oMHCIEn,0.002499867,membraneMarker,0,M6PR,5.65E-04,cMHCIEn,0.002070996,R-TfEn,1.62E-40,pepMHCIEn,0,REn,4.96E-05,imCxEn,9.43E-19,,,,,,,,,,
endosome458L,initSolubleContent,povaEn,0,NH3Cy,0,protonEn,0.291754903,FeEn,0,NH3En,0,NH4En,0,ovaEn,0,TfaEn,1.76E-08,solubleMarker,0,mvb,0,bead2,0,bead3,0,bead4,0,TfEn,0,pepEn,0,bead1,0
endosome459A,initOrgProp,area,13315.44759,volume,108021.7347,xcoor,49.36099539,ycoor,17.64195835,pH,7.309295506,,,,,,,,,,,,,,,,,,,,,,
endosome459A,initRabContent,RabB,13315.44759,,,,,,,,,,,,,,,,,,,,,,,,,,,,,,
endosome459A,initMembraneContent,,,,,,,,,,,,,,,,,,,,,,,,,,,,,,,,
endosome459A,initSolubleContent,protonEn,4.299265041,,,,,,,,,,,,,,,,,,,,,,,,,,,,,,
endosome460C,initOrgProp,area,13315.44759,volume,108021.7347,xcoor,49.51128483,ycoor,17.05878814,pH,7.309295506,,,,,,,,,,,,,,,,,,,,,,
endosome460C,initRabContent,RabC,1065.235807,RabB,12250.21178,,,,,,,,,,,,,,,,,,,,,,,,,,,,
endosome460C,initMembraneContent,,,,,,,,,,,,,,,,,,,,,,,,,,,,,,,,
endosome460C,initSolubleContent,protonEn,4.299265041,,,,,,,,,,,,,,,,,,,,,,,,,,,,,,
endosome461Y,initOrgProp,area,13315.44759,volume,108021.7347,xcoor,49.29763025,ycoor,17.55303502,pH,7.309295506,,,,,,,,,,,,,,,,,,,,,,
endosome461Y,initRabContent,RabC,2946.868337,RabB,10368.57925,,,,,,,,,,,,,,,,,,,,,,,,,,,,
endosome461Y,initMembraneContent,,,,,,,,,,,,,,,,,,,,,,,,,,,,,,,,
endosome461Y,initSolubleContent,protonEn,4.299265041,,,,,,,,,,,,,,,,,,,,,,,,,,,,,,
endosome462A,initOrgProp,area,12774.3004,volume,102610.2628,xcoor,0.725023431,ycoor,45.2967526,pH,7.304994786,,,,,,,,,,,,,,,,,,,,,,
endosome462A,initRabContent,RabA,0,RabB,5750.192454,RabC,5783.097356,RabD,1241.010594,,,,,,,,,,,,,,,,,,,,,,,,
endosome462A,initMembraneContent,,,,,,,,,,,,,,,,,,,,,,,,,,,,,,,,
endosome462A,initSolubleContent,protonEn,4.08388846,,,,,,,,,,,,,,,,,,,,,,,,,,,,,,
endosome463x,initOrgProp,area,46101.89654,volume,882770.2657,xcoor,15.04290565,ycoor,31.54960991,pH,7.603618721,,,,,,,,,,,,,,,,,,,,,,
endosome463x,initRabContent,RabD,4610.207882,RabA,41491.68865,,,,,,,,,,,,,,,,,,,,,,,,,,,,
endosome463x,initMembraneContent,EEA1,6.91294385,exCxEn,0,R-TfaEn,8.01E-39,oMHCIEn,0.014907131,membraneMarker,0,M6PR,9.692177555,cMHCIEn,0.061553978,R-TfEn,4.52E-39,pepMHCIEn,0,REn,0.001386654,imCxEn,0,,,,,,,,,,
endosome463x,initSolubleContent,povaEn,0,NH3Cy,0,protonEn,20.99018969,FeEn,0,NH3En,0,NH4En,0,ovaEn,0,TfaEn,1.99E-06,solubleMarker,0,mvb,0.037644141,bead2,0,bead3,0,bead4,0,TfEn,0,pepEn,0,bead1,0
endosome464L,initOrgProp,area,11345.90975,volume,88326.35627,xcoor,5.320234925,ycoor,15.79730922,pH,7.291395146,,,,,,,,,,,,,,,,,,,,,,
endosome464L,initRabContent,RabA,0,RabB,3824.784902,RabC,6264.476786,RabD,1256.648062,,,,,,,,,,,,,,,,,,,,,,,,
endosome464L,initMembraneContent,,,,,,,,,,,,,,,,,,,,,,,,,,,,,,,,
endosome464L,initSolubleContent,protonEn,3.515388979,,,,,,,,,,,,,,,,,,,,,,,,,,,,,,
endosome465F,initOrgProp,area,43935.83355,volume,765488.9835,xcoor,33.98789805,ycoor,16.12172187,pH,7.89902713,,,,,,,,,,,,,,,,,,,,,,
endosome465F,initRabContent,RabA,19924.00853,RabB,9847.221268,RabC,7488.098961,RabD,6676.504794,,,,,,,,,,,,,,,,,,,,,,,,
endosome465F,initMembraneContent,EEA1,2.091682393,exCxEn,4.27E-08,R-TfaEn,7.04E-40,oMHCIEn,0.006424666,membraneMarker,0,M6PR,3.38280444,cMHCIEn,0.005065093,R-TfEn,3.98E-40,pepMHCIEn,0,REn,1.22E-04,imCxEn,4.27E-08,,,,,,,,,,
endosome465F,initSolubleContent,povaEn,0,NH3Cy,0,protonEn,8.658547397,FeEn,0,NH3En,0,NH4En,0,ovaEn,0,TfaEn,6.38E-07,solubleMarker,0,mvb,0.028469735,bead2,0,bead3,0,bead4,0,TfEn,0,pepEn,0,bead1,0
endosome466j,initOrgProp,area,13485.22223,volume,116002.6664,xcoor,39.52476131,ycoor,36.61617419,pH,7.349926389,,,,,,,,,,,,,,,,,,,,,,
endosome466j,initRabContent,RabA,3056.163253,RabB,1223.437047,RabC,3397.635496,RabD,5807.986434,,,,,,,,,,,,,,,,,,,,,,,,
endosome466j,initMembraneContent,EEA1,0.001513759,R-TfaEn,1.63E-39,exCxEn,4.70E-07,oMHCIEn,4.32E-05,membraneMarker,0,M6PR,0.003347102,pepMHCIEn,0,R-TfEn,9.20E-40,cMHCIEn,0.011504309,REn,2.82E-04,imCxEn,4.70E-07,,,,,,,,,,
endosome466j,initSolubleContent,povaEn,0,NH3Cy,0,protonEn,4.182527115,FeEn,0,NH3En,0,NH4En,0,ovaEn,0,solubleMarker,0,TfaEn,5.19E-08,bead2,0,mvb,0,bead3,0,bead4,0,TfEn,0,pepEn,0,bead1,0
endosome467x,initOrgProp,area,13493.98662,volume,109807.125,xcoor,46.95152753,ycoor,0.624702558,pH,7.310630067,,,,,,,,,,,,,,,,,,,,,,
endosome467x,initRabContent,RabA,0,RabB,11452.70906,RabD,2041.277557,,,,,,,,,,,,,,,,,,,,,,,,,,
endosome467x,initMembraneContent,,,,,,,,,,,,,,,,,,,,,,,,,,,,,,,,
endosome467x,initSolubleContent,protonEn,4.370323574,,,,,,,,,,,,,,,,,,,,,,,,,,,,,,
endosome468s,initOrgProp,area,13097.49964,volume,118408.6257,xcoor,47.58912285,ycoor,22.2840644,pH,7.316544713,,,,,,,,,,,,,,,,,,,,,,
endosome468s,initRabContent,RabA,12835.54964,RabB,261.9499927,,,,,,,,,,,,,,,,,,,,,,,,,,,,
endosome468s,initMembraneContent,,,,,,,,,,,,,,,,,,,,,,,,,,,,,,,,
endosome468s,initSolubleContent,protonEn,4.712663304,,,,,,,,,,,,,,,,,,,,,,,,,,,,,,
endosome469j,initOrgProp,area,14737.83465,volume,131852.7951,xcoor,17.59226619,ycoor,31.15708001,pH,7.324366306,,,,,,,,,,,,,,,,,,,,,,
endosome469j,initRabContent,RabA,3446.236778,RabB,0,RabC,4974.531416,RabD,6317.066455,,,,,,,,,,,,,,,,,,,,,,,,
endosome469j,initMembraneContent,,,,,,,,,,,,,,,,,,,,,,,,,,,,,,,,
endosome469j,initSolubleContent,protonEn,5.247741246,,,,,,,,,,,,,,,,,,,,,,,,,,,,,,
endosome470n,initOrgProp,area,7539.822369,volume,50265.48246,xcoor,8.571276664,ycoor,12.72712321,pH,7.224066642,,,,,,,,,,,,,,,,,,,,,,
endosome470n,initRabContent,RabD,753.9968037,RabA,6785.825565,,,,,,,,,,,,,,,,,,,,,,,,,,,,
endosome470n,initMembraneContent,EEA1,1.114573962,exCxEn,0,R-TfaEn,2.16E-39,oMHCIEn,0.004151954,membraneMarker,0,M6PR,2.438475648,cMHCIEn,0.017218039,R-TfEn,1.22E-39,pepMHCIEn,0,REn,3.74E-04,imCxEn,0,,,,,,,,,,
endosome470n,initSolubleContent,povaEn,0,NH3Cy,0,protonEn,2.000566202,FeEn,0,NH3En,0,NH4En,0,ovaEn,0,TfaEn,1.89E-07,solubleMarker,0,mvb,0,bead2,0,bead3,0,bead4,0,TfEn,0,pepEn,0,bead1,0
endosome471G,initOrgProp,area,7539.822369,volume,50265.48246,xcoor,29.29485231,ycoor,20.57193142,pH,7.701169563,,,,,,,,,,,,,,,,,,,,,,
endosome471G,initRabContent,RabC,7539.822369,,,,,,,,,,,,,,,,,,,,,,,,,,,,,,
endosome471G,initMembraneContent,EEA1,1.54E-06,exCxEn,3.36E-07,R-TfaEn,2.98E-40,oMHCIEn,0.002736728,membraneMarker,0,M6PR,5.87E-07,cMHCIEn,0.001824971,R-TfEn,1.60E-40,pepMHCIEn,0,REn,5.01E-05,imCxEn,3.36E-07,,,,,,,,,,
endosome471G,initSolubleContent,povaEn,0,NH3Cy,0,protonEn,2.31E-04,FeEn,0,NH3En,0,NH4En,0,ovaEn,0,TfaEn,1.71E-11,solubleMarker,0,mvb,0,bead2,0,bead3,0,bead4,0,TfEn,0,pepEn,0,bead1,0
endosome472Y,initOrgProp,area,11551.29783,volume,90380.23703,xcoor,3.474891117,ycoor,0.586695054,pH,7.293586366,,,,,,,,,,,,,,,,,,,,,,
endosome472Y,initRabContent,RabB,11551.29783,,,,,,,,,,,,,,,,,,,,,,,,,,,,,,
endosome472Y,initMembraneContent,,,,,,,,,,,,,,,,,,,,,,,,,,,,,,,,
endosome472Y,initSolubleContent,protonEn,3.597133434,,,,,,,,,,,,,,,,,,,,,,,,,,,,,,
endosome473t,initOrgProp,area,12566.37061,volume,100530.9649,xcoor,1.23158067,ycoor,2.181673243,pH,7.303231498,,,,,,,,,,,,,,,,,,,,,,
endosome473t,initRabContent,RabC,5556.263477,RabB,7010.107137,,,,,,,,,,,,,,,,,,,,,,,,,,,,
endosome473t,initMembraneContent,,,,,,,,,,,,,,,,,,,,,,,,,,,,,,,,
endosome473t,initSolubleContent,protonEn,4.001132404,,,,,,,,,,,,,,,,,,,,,,,,,,,,,,
endosome474G,initOrgProp,area,272278.7977,volume,5056839.271,xcoor,25,ycoor,29.4,pH,7.464455682,,,,,,,,,,,,,,,,,,,,,,
endosome474G,initRabContent,RabI,3724.698129,RabG,76198.51434,RabH,160341.8928,RabE,3643.242169,RabF,28370.45032,RabC,0,RabB,0,,,,,,,,,,,,,,,,,,
endosome474G,initMembraneContent,EEA1,0.038861903,exCxEn,1.13E-04,R-TfaEn,3.45E-41,oMHCIEn,1.26E-04,membraneMarker,0,M6PR,42.01518773,cMHCIEn,1.84E-04,R-TfEn,1.67E-41,pepMHCIEn,0,REn,5.47E-06,imCxEn,1.13E-04,,,,,,,,,,
endosome474G,initSolubleContent,povaEn,0,NH3Cy,0,protonEn,172.5495406,FeEn,0,NH3En,0,NH4En,0,ovaEn,0,TfaEn,3.29E-07,solubleMarker,0,mvb,0,bead2,0,bead3,0,bead4,0,TfEn,0,pepEn,0,bead1,0
endosome475a,initOrgProp,area,7539.822369,volume,50265.48246,xcoor,23.43624393,ycoor,19.57148256,pH,7.397929646,,,,,,,,,,,,,,,,,,,,,,
endosome475a,initRabContent,RabI,1507.964474,RabG,965.0972632,RabH,1206.371579,RabF,3860.389053,,,,,,,,,,,,,,,,,,,,,,,,
endosome475a,initMembraneContent,EEA1,0.001868999,exCxEn,1.62E-04,R-TfaEn,1.71E-42,oMHCIEn,7.31E-06,membraneMarker,0,M6PR,0.00447314,cMHCIEn,9.11E-06,R-TfEn,9.06E-43,pepMHCIEn,0,REn,2.86E-07,imCxEn,1.62E-04,,,,,,,,,,
endosome475a,initSolubleContent,povaEn,0,NH3Cy,0,protonEn,1.010667274,FeEn,0,NH3En,0,NH4En,0,ovaEn,0,TfaEn,1.36E-08,solubleMarker,0,mvb,0,bead2,0,bead3,0,bead4,0,TfEn,0,pepEn,0,bead1,0
endosome476D,initOrgProp,area,9512.32516,volume,69990.51037,xcoor,11.78861265,ycoor,34.05586162,pH,7.266901878,,,,,,,,,,,,,,,,,,,,,,
endosome476D,initRabContent,RabC,2105.191706,RabB,7407.133454,,,,,,,,,,,,,,,,,,,,,,,,,,,,
endosome476D,initMembraneContent,,,,,,,,,,,,,,,,,,,,,,,,,,,,,,,,
endosome476D,initSolubleContent,protonEn,2.785622313,,,,,,,,,,,,,,,,,,,,,,,,,,,,,,
endosome477I,initOrgProp,area,9512.32516,volume,69990.51037,xcoor,2.37837204,ycoor,39.90143122,pH,7.266901878,,,,,,,,,,,,,,,,,,,,,,
endosome477I,initRabContent,RabC,3744.479225,RabB,5767.845935,,,,,,,,,,,,,,,,,,,,,,,,,,,,
endosome477I,initMembraneContent,,,,,,,,,,,,,,,,,,,,,,,,,,,,,,,,
endosome477I,initSolubleContent,protonEn,2.785622313,,,,,,,,,,,,,,,,,,,,,,,,,,,,,,
endosome478C,initOrgProp,area,11993.91555,volume,94806.4143,xcoor,47.61627146,ycoor,13.25098637,pH,7.298019419,,,,,,,,,,,,,,,,,,,,,,
endosome478C,initRabContent,RabA,5877.018621,RabB,6116.896932,,,,,,,,,,,,,,,,,,,,,,,,,,,,
endosome478C,initMembraneContent,,,,,,,,,,,,,,,,,,,,,,,,,,,,,,,,
endosome478C,initSolubleContent,protonEn,3.773295289,,,,,,,,,,,,,,,,,,,,,,,,,,,,,,
endosome479j,initOrgProp,area,15383.52038,volume,118382.7306,xcoor,27.87850555,ycoor,15.07533878,pH,7.605434336,,,,,,,,,,,,,,,,,,,,,,
endosome479j,initRabContent,RabI,3015.928947,RabG,3136.566105,RabH,3920.707632,RabE,0,RabF,2509.252884,RabC,2801.064815,,,,,,,,,,,,,,,,,,,,
endosome479j,initMembraneContent,EEA1,0.002740772,exCxEn,1.35E-04,R-TfaEn,1.07E-40,oMHCIEn,2.88E-04,membraneMarker,0,M6PR,2.42E-04,cMHCIEn,7.01E-04,R-TfEn,5.79E-41,pepMHCIEn,0,REn,1.80E-05,imCxEn,1.35E-04,,,,,,,,,,
endosome479j,initSolubleContent,povaEn,0,NH3Cy,0,protonEn,1.936662362,FeEn,0,NH3En,0,NH4En,0,ovaEn,0,TfaEn,5.28E-09,solubleMarker,0,mvb,0,bead2,0,bead3,0,bead4,0,TfEn,0,pepEn,0,bead1,0
endosome480O,initOrgProp,area,7539.822369,volume,50265.48246,xcoor,21.84847055,ycoor,22.90085138,pH,7.696428346,,,,,,,,,,,,,,,,,,,,,,
endosome480O,initRabContent,RabE,7539.822369,,,,,,,,,,,,,,,,,,,,,,,,,,,,,,
endosome480O,initMembraneContent,EEA1,0.001626576,exCxEn,2.42E-09,R-TfaEn,7.83E-45,oMHCIEn,4.13E-07,membraneMarker,0,M6PR,0.066751729,cMHCIEn,4.69E-08,R-TfEn,4.21E-45,pepMHCIEn,0,REn,1.32E-09,imCxEn,2.42E-09,,,,,,,,,,
endosome480O,initSolubleContent,povaEn,0,NH3Cy,0,protonEn,0.011210358,FeEn,0,NH3En,0,NH4En,0,ovaEn,0,TfaEn,1.33E-10,solubleMarker,0,mvb,0,bead2,0,bead3,0,bead4,0,TfEn,0,pepEn,0,bead1,0
endosome481J,initOrgProp,area,7539.822369,volume,50265.48246,xcoor,24.81782436,ycoor,23.13003403,pH,7.396497481,,,,,,,,,,,,,,,,,,,,,,
endosome481J,initRabContent,RabI,1507.964474,RabG,965.0972632,RabH,1206.371579,RabE,3088.311242,RabF,772.0778105,,,,,,,,,,,,,,,,,,,,,,
endosome481J,initMembraneContent,EEA1,0.001867438,exCxEn,1.56E-04,R-TfaEn,1.75E-42,oMHCIEn,7.42E-06,membraneMarker,0,M6PR,0.004672367,cMHCIEn,9.35E-06,R-TfEn,9.27E-43,pepMHCIEn,0,REn,2.92E-07,imCxEn,1.56E-04,,,,,,,,,,
endosome481J,initSolubleContent,povaEn,0,NH3Cy,0,protonEn,1.017308759,FeEn,0,NH3En,0,NH4En,0,ovaEn,0,TfaEn,1.36E-08,solubleMarker,0,mvb,0,bead2,0,bead3,0,bead4,0,TfEn,0,pepEn,0,bead1,0
endosome482f,initOrgProp,area,7539.822369,volume,50265.48246,xcoor,28.12139758,ycoor,24.86275616,pH,7.700199563,,,,,,,,,,,,,,,,,,,,,,
endosome482f,initRabContent,RabC,7539.822369,,,,,,,,,,,,,,,,,,,,,,,,,,,,,,
endosome482f,initMembraneContent,EEA1,7.68E-04,exCxEn,4.10E-06,R-TfaEn,9.78E-40,oMHCIEn,0.005683397,membraneMarker,0,M6PR,6.46E-06,cMHCIEn,0.003995634,R-TfEn,5.28E-40,pepMHCIEn,0,REn,1.65E-04,imCxEn,4.10E-06,,,,,,,,,,
endosome482f,initSolubleContent,povaEn,0,NH3Cy,0,protonEn,0.002467478,FeEn,0,NH3En,0,NH4En,0,ovaEn,0,TfaEn,7.83E-11,solubleMarker,0,mvb,0,bead2,0,bead3,0,bead4,0,TfEn,0,pepEn,0,bead1,0
endosome483e,initOrgProp,area,7539.822369,volume,50265.48246,xcoor,48.42244476,ycoor,32.99213864,pH,7.225282463,,,,,,,,,,,,,,,,,,,,,,
endosome483e,initRabContent,RabD,527.7976394,RabA,3325.054613,RabB,3686.970116,,,,,,,,,,,,,,,,,,,,,,,,,,
endosome483e,initMembraneContent,EEA1,2.559600754,exCxEn,2.32E-11,R-TfaEn,1.86E-39,oMHCIEn,0.003969847,membraneMarker,0,M6PR,3.320095142,cMHCIEn,0.013407175,R-TfEn,1.05E-39,pepMHCIEn,0,REn,3.22E-04,imCxEn,2.32E-11,,,,,,,,,,
endosome483e,initSolubleContent,povaEn,0,NH3Cy,0,protonEn,1.992177771,FeEn,0,NH3En,0,NH4En,0,ovaEn,0,TfaEn,1.89E-07,solubleMarker,0,mvb,0,bead2,0,bead3,0,bead4,0,TfEn,0,pepEn,0,bead1,0
endosome484I,initOrgProp,area,8829.063789,volume,63157.89666,xcoor,25.8971824,ycoor,49.44134146,pH,7.254664922,,,,,,,,,,,,,,,,,,,,,,
endosome484I,initRabContent,RabC,3475.516803,RabB,5353.546985,,,,,,,,,,,,,,,,,,,,,,,,,,,,
endosome484I,initMembraneContent,,,,,,,,,,,,,,,,,,,,,,,,,,,,,,,,
endosome484I,initSolubleContent,protonEn,2.513684287,,,,,,,,,,,,,,,,,,,,,,,,,,,,,,
endosome485v,initOrgProp,area,7539.822369,volume,50265.48246,xcoor,49.49154778,ycoor,36.52036138,pH,7.224066642,,,,,,,,,,,,,,,,,,,,,,
endosome485v,initRabContent,RabD,1228.996136,RabA,2992.552621,RabB,3318.273612,,,,,,,,,,,,,,,,,,,,,,,,,,
endosome485v,initMembraneContent,,,,,,,,,,,,,,,,,,,,,,,,,,,,,,,,
endosome485v,initSolubleContent,protonEn,2.000566202,,,,,,,,,,,,,,,,,,,,,,,,,,,,,,
endosome486k,initOrgProp,area,7539.822369,volume,50265.48246,xcoor,34.38923781,ycoor,0.409615924,pH,7.224066642,,,,,,,,,,,,,,,,,,,,,,
endosome486k,initRabContent,RabD,1229.01377,RabA,2992.54265,RabB,3318.265948,,,,,,,,,,,,,,,,,,,,,,,,,,
endosome486k,initMembraneContent,,,,,,,,,,,,,,,,,,,,,,,,,,,,,,,,
endosome486k,initSolubleContent,protonEn,2.000566202,,,,,,,,,,,,,,,,,,,,,,,,,,,,,,
endosome487b,initOrgProp,area,7539.822369,volume,50265.48246,xcoor,48.8213739,ycoor,0.687015224,pH,7.224066642,,,,,,,,,,,,,,,,,,,,,,
endosome487b,initRabContent,RabC,603.1857895,RabB,6936.636579,,,,,,,,,,,,,,,,,,,,,,,,,,,,
endosome487b,initMembraneContent,,,,,,,,,,,,,,,,,,,,,,,,,,,,,,,,
endosome487b,initSolubleContent,protonEn,2.000566202,,,,,,,,,,,,,,,,,,,,,,,,,,,,,,
endosome488X,initOrgProp,area,12566.37061,volume,100530.9649,xcoor,17.41302449,ycoor,44.9598431,pH,7.303231498,,,,,,,,,,,,,,,,,,,,,,
endosome488X,initRabContent,RabC,12566.37061,,,,,,,,,,,,,,,,,,,,,,,,,,,,,,
endosome488X,initMembraneContent,,,,,,,,,,,,,,,,,,,,,,,,,,,,,,,,
endosome488X,initSolubleContent,protonEn,4.001132404,,,,,,,,,,,,,,,,,,,,,,,,,,,,,,
endosome489n,initOrgProp,area,7539.822369,volume,50265.48246,xcoor,10.6966135,ycoor,43.15815278,pH,7.224066642,,,,,,,,,,,,,,,,,,,,,,
endosome489n,initRabContent,RabC,2138.346704,RabB,5401.475665,,,,,,,,,,,,,,,,,,,,,,,,,,,,
endosome489n,initMembraneContent,,,,,,,,,,,,,,,,,,,,,,,,,,,,,,,,
endosome489n,initSolubleContent,protonEn,2.000566202,,,,,,,,,,,,,,,,,,,,,,,,,,,,,,
endosome490B,initOrgProp,area,11890.2707,volume,105812.485,xcoor,26.43120088,ycoor,22.84981029,pH,7.54787526,,,,,,,,,,,,,,,,,,,,,,
endosome490B,initRabContent,RabC,11890.2707,,,,,,,,,,,,,,,,,,,,,,,,,,,,,,
endosome490B,initMembraneContent,EEA1,0.003234949,exCxEn,1.54E-05,R-TfaEn,3.15E-39,oMHCIEn,0.012913704,membraneMarker,0,M6PR,0.006394197,cMHCIEn,0.017740557,R-TfEn,1.69E-39,pepMHCIEn,0,REn,5.29E-04,imCxEn,1.54E-05,,,,,,,,,,
endosome490B,initSolubleContent,povaEn,0,NH3Cy,0,protonEn,1.996826869,FeEn,0,NH3En,0,NH4En,0,ovaEn,0,TfaEn,4.62E-08,solubleMarker,0,mvb,0,bead2,0,bead3,0,bead4,0,TfEn,0,pepEn,0,bead1,0
endosome491X,initOrgProp,area,12566.37061,volume,100530.9649,xcoor,49.45536588,ycoor,44.68998779,pH,7.303231498,,,,,,,,,,,,,,,,,,,,,,
endosome491X,initRabContent,RabC,3563.911173,RabB,9002.459441,,,,,,,,,,,,,,,,,,,,,,,,,,,,
endosome491X,initMembraneContent,,,,,,,,,,,,,,,,,,,,,,,,,,,,,,,,
endosome491X,initSolubleContent,protonEn,4.001132404,,,,,,,,,,,,,,,,,,,,,,,,,,,,,,
endosome492h,initOrgProp,area,7539.822369,volume,50265.48246,xcoor,23.03502018,ycoor,24.99769659,pH,7.454154848,,,,,,,,,,,,,,,,,,,,,,
endosome492h,initRabContent,RabC,7539.822369,,,,,,,,,,,,,,,,,,,,,,,,,,,,,,
endosome492h,initMembraneContent,EEA1,0.001800711,exCxEn,7.24E-06,R-TfaEn,1.90E-39,oMHCIEn,0.008272345,membraneMarker,0,M6PR,0.002236103,cMHCIEn,0.010431337,R-TfEn,1.02E-39,pepMHCIEn,0,REn,3.20E-04,imCxEn,7.24E-06,,,,,,,,,,
endosome492h,initSolubleContent,povaEn,0,NH3Cy,0,protonEn,0.766505556,FeEn,0,NH3En,0,NH4En,0,ovaEn,0,TfaEn,2.12E-08,solubleMarker,0,mvb,0,bead2,0,bead3,0,bead4,0,TfEn,0,pepEn,0,bead1,0
endosome493T,initOrgProp,area,7539.822369,volume,50265.48246,xcoor,26.75463334,ycoor,19.56036849,pH,7.695556394,,,,,,,,,,,,,,,,,,,,,,
endosome493T,initRabContent,RabD,2041.256415,RabA,3462.813953,RabB,2035.752,,,,,,,,,,,,,,,,,,,,,,,,,,
endosome493T,initMembraneContent,EEA1,4.041689407,exCxEn,2.13E-07,R-TfaEn,4.51E-43,oMHCIEn,2.31E-06,membraneMarker,0,M6PR,0.295803418,cMHCIEn,2.08E-06,R-TfEn,1.51E-43,pepMHCIEn,0,REn,5.95E-08,imCxEn,2.13E-07,,,,,,,,,,
endosome493T,initSolubleContent,povaEn,0,NH3Cy,0,protonEn,0.013242647,FeEn,0,NH3En,0,NH4En,0,ovaEn,0,TfaEn,1.06E-09,solubleMarker,0,mvb,0,bead2,0,bead3,0,bead4,0,TfEn,0,pepEn,0,bead1,0
endosome494O,initOrgProp,area,7539.822369,volume,50265.48246,xcoor,24.15861621,ycoor,16.93087111,pH,7.700862513,,,,,,,,,,,,,,,,,,,,,,
endosome494O,initRabContent,RabE,7539.822369,,,,,,,,,,,,,,,,,,,,,,,,,,,,,,
endosome494O,initMembraneContent,EEA1,4.98E-06,exCxEn,2.88E-09,R-TfaEn,6.60E-45,oMHCIEn,5.43E-08,membraneMarker,0,M6PR,0.218101765,cMHCIEn,3.19E-08,R-TfEn,2.71E-45,pepMHCIEn,0,REn,9.62E-10,imCxEn,2.88E-09,,,,,,,,,,
endosome494O,initSolubleContent,povaEn,0,NH3Cy,0,protonEn,9.38E-04,FeEn,0,NH3En,0,NH4En,0,ovaEn,0,TfaEn,6.85E-11,solubleMarker,0,mvb,0,bead2,0,bead3,0,bead4,0,TfEn,0,pepEn,0,bead1,0
endosome495p,initOrgProp,area,7539.822369,volume,50265.48246,xcoor,0.812490778,ycoor,4.291288791,pH,7.224066642,,,,,,,,,,,,,,,,,,,,,,
endosome495p,initRabContent,RabC,1158.116716,RabB,6381.705653,,,,,,,,,,,,,,,,,,,,,,,,,,,,
endosome495p,initMembraneContent,,,,,,,,,,,,,,,,,,,,,,,,,,,,,,,,
endosome495p,initSolubleContent,protonEn,2.000566202,,,,,,,,,,,,,,,,,,,,,,,,,,,,,,
endosome496M,initOrgProp,area,13201.758,volume,115264.7246,xcoor,25.85730537,ycoor,23.45211068,pH,7.558890507,,,,,,,,,,,,,,,,,,,,,,
endosome496M,initRabContent,RabC,13201.758,,,,,,,,,,,,,,,,,,,,,,,,,,,,,,
endosome496M,initMembraneContent,EEA1,0.004677704,exCxEn,1.70E-05,R-TfaEn,3.53E-39,oMHCIEn,0.01454553,membraneMarker,0,M6PR,0.004358998,cMHCIEn,0.020048229,R-TfEn,1.90E-39,pepMHCIEn,0,REn,5.94E-04,imCxEn,1.70E-05,,,,,,,,,,
endosome496M,initSolubleContent,povaEn,0,NH3Cy,0,protonEn,2.182774797,FeEn,0,NH3En,0,NH4En,0,ovaEn,0,TfaEn,5.14E-08,solubleMarker,0,mvb,0,bead2,0,bead3,0,bead4,0,TfEn,0,pepEn,0,bead1,0
endosome497z,initOrgProp,area,13201.758,volume,115264.7246,xcoor,24.28021912,ycoor,23.8008387,pH,7.558890507,,,,,,,,,,,,,,,,,,,,,,
endosome497z,initRabContent,RabC,13201.758,,,,,,,,,,,,,,,,,,,,,,,,,,,,,,
endosome497z,initMembraneContent,EEA1,0.004677704,exCxEn,1.70E-05,R-TfaEn,3.53E-39,oMHCIEn,0.01454553,membraneMarker,0,M6PR,0.004358998,cMHCIEn,0.020048229,R-TfEn,1.90E-39,pepMHCIEn,0,REn,5.94E-04,imCxEn,1.70E-05,,,,,,,,,,
endosome497z,initSolubleContent,povaEn,0,NH3Cy,0,protonEn,2.182774797,FeEn,0,NH3En,0,NH4En,0,ovaEn,0,TfaEn,5.14E-08,solubleMarker,0,mvb,0,bead2,0,bead3,0,bead4,0,TfEn,0,pepEn,0,bead1,0
endosome498D,initOrgProp,area,12566.37061,volume,100530.9649,xcoor,1.81606866,ycoor,47.3021452,pH,7.320748582,,,,,,,,,,,,,,,,,,,,,,
endosome498D,initRabContent,RabA,5026.548246,RabB,5871.169201,RabC,1668.653168,,,,,,,,,,,,,,,,,,,,,,,,,,
endosome498D,initMembraneContent,EEA1,2.99E-04,R-TfaEn,9.77E-41,exCxEn,1.40E-11,oMHCIEn,1.64E-07,membraneMarker,0,M6PR,4.94E-04,pepMHCIEn,0,R-TfEn,5.54E-41,cMHCIEn,6.38E-04,REn,1.69E-05,imCxEn,1.40E-11,,,,,,,,,,
endosome498D,initSolubleContent,povaEn,0,NH3Cy,0,protonEn,3.803427823,FeEn,0,NH3En,0,NH4En,0,ovaEn,0,solubleMarker,0,TfaEn,4.74E-09,bead2,0,mvb,0,bead3,0,bead4,0,TfEn,0,pepEn,0,bead1,0
endosome499Q,initOrgProp,area,7539.822369,volume,50265.48246,xcoor,0.526069697,ycoor,15.27274553,pH,7.224066642,,,,,,,,,,,,,,,,,,,,,,
endosome499Q,initRabContent,RabC,7539.822369,,,,,,,,,,,,,,,,,,,,,,,,,,,,,,
endosome499Q,initMembraneContent,,,,,,,,,,,,,,,,,,,,,,,,,,,,,,,,
endosome499Q,initSolubleContent,protonEn,2.000566202,,,,,,,,,,,,,,,,,,,,,,,,,,,,,,
endosome500G,initOrgProp,area,7539.822369,volume,50265.48246,xcoor,1.410361642,ycoor,49.58729978,pH,7.224066642,,,,,,,,,,,,,,,,,,,,,,
endosome500G,initRabContent,RabC,7539.822369,,,,,,,,,,,,,,,,,,,,,,,,,,,,,,
endosome500G,initMembraneContent,,,,,,,,,,,,,,,,,,,,,,,,,,,,,,,,
endosome500G,initSolubleContent,protonEn,2.000566202,,,,,,,,,,,,,,,,,,,,,,,,,,,,,,
endosome501A,initOrgProp,area,9801.769079,volume,82609.17424,xcoor,28.33535581,ycoor,24.16625459,pH,7.81571892,,,,,,,,,,,,,,,,,,,,,,
endosome501A,initRabContent,RabA,6861.238355,RabB,2940.530724,,,,,,,,,,,,,,,,,,,,,,,,,,,,
endosome501A,initMembraneContent,EEA1,3.295082932,exCxEn,3.63E-07,R-TfaEn,1.66E-42,oMHCIEn,1.02E-05,membraneMarker,0,M6PR,2.843296638,cMHCIEn,7.89E-06,R-TfEn,7.79E-43,pepMHCIEn,0,REn,2.59E-07,imCxEn,3.63E-07,,,,,,,,,,
endosome501A,initSolubleContent,povaEn,0,NH3Cy,0,protonEn,0.262726693,FeEn,0,NH3En,0,NH4En,0,ovaEn,0,TfaEn,1.98E-08,solubleMarker,0,mvb,0,bead2,0,bead3,0,bead4,0,TfEn,0,pepEn,0,bead1,0
endosome502Y,initOrgProp,area,14824.47581,volume,125910.6368,xcoor,27.68038775,ycoor,23.03229382,pH,7.971280978,,,,,,,,,,,,,,,,,,,,,,
endosome502Y,initRabContent,RabC,14824.47581,,,,,,,,,,,,,,,,,,,,,,,,,,,,,,
endosome502Y,initMembraneContent,EEA1,0.013323696,exCxEn,7.43E-05,R-TfaEn,4.28E-39,oMHCIEn,0.013362219,membraneMarker,0,M6PR,0.005700492,cMHCIEn,0.020295979,R-TfEn,1.78E-39,pepMHCIEn,0,REn,6.28E-04,imCxEn,7.43E-05,,,,,,,,,,
endosome502Y,initSolubleContent,povaEn,0,NH3Cy,0,protonEn,0.345183223,FeEn,0,NH3En,0,NH4En,0,ovaEn,0,TfaEn,2.20E-08,solubleMarker,0,mvb,0,bead2,0,bead3,0,bead4,0,TfEn,0,pepEn,0,bead1,0
endosome503x,initOrgProp,area,7539.822369,volume,50265.48246,xcoor,16.7436489,ycoor,5.77070951,pH,7.239368259,,,,,,,,,,,,,,,,,,,,,,
endosome503x,initRabContent,RabA,7539.822369,,,,,,,,,,,,,,,,,,,,,,,,,,,,,,
endosome503x,initMembraneContent,EEA1,1.20703065,exCxEn,5.49E-10,R-TfaEn,7.06E-42,oMHCIEn,0.003406806,membraneMarker,0,M6PR,2.388799966,cMHCIEn,5.73E-05,R-TfEn,3.99E-42,pepMHCIEn,0,REn,1.22E-06,imCxEn,5.49E-10,,,,,,,,,,
endosome503x,initSolubleContent,povaEn,0,NH3Cy,0,protonEn,1.896687173,FeEn,0,NH3En,0,NH4En,0,ovaEn,0,TfaEn,1.72E-07,solubleMarker,0,mvb,0,bead2,0,bead3,0,bead4,0,TfEn,0,pepEn,0,bead1,0
endosome504F,initOrgProp,area,7539.822369,volume,50265.48246,xcoor,45.78436399,ycoor,11.56901363,pH,7.22801322,,,,,,,,,,,,,,,,,,,,,,
endosome504F,initRabContent,RabA,7539.822369,,,,,,,,,,,,,,,,,,,,,,,,,,,,,,
endosome504F,initMembraneContent,EEA1,2.801723164,exCxEn,1.79E-11,R-TfaEn,9.61E-41,oMHCIEn,0.003930702,membraneMarker,0,M6PR,3.434034777,cMHCIEn,6.86E-04,R-TfEn,5.44E-41,pepMHCIEn,0,REn,1.67E-05,imCxEn,1.79E-11,,,,,,,,,,
endosome504F,initSolubleContent,povaEn,0,NH3Cy,0,protonEn,1.973422584,FeEn,0,NH3En,0,NH4En,0,ovaEn,0,TfaEn,1.87E-07,solubleMarker,0,mvb,0,bead2,0,bead3,0,bead4,0,TfEn,0,pepEn,0,bead1,0
endosome505c,initOrgProp,area,11309.73355,volume,87964.5943,xcoor,0.662656515,ycoor,23.61096004,pH,7.290999774,,,,,,,,,,,,,,,,,,,,,,
endosome505c,initRabContent,RabD,1130.973694,RabA,4987.592331,RabB,5191.167528,,,,,,,,,,,,,,,,,,,,,,,,,,
endosome505c,initMembraneContent,,,,,,,,,,,,,,,,,,,,,,,,,,,,,,,,
endosome505c,initSolubleContent,protonEn,3.500990853,,,,,,,,,,,,,,,,,,,,,,,,,,,,,,
endosome506i,initOrgProp,area,11753.9738,volume,104050.8047,xcoor,24.48967594,ycoor,23.89274872,pH,7.578832232,,,,,,,,,,,,,,,,,,,,,,
endosome506i,initRabContent,RabC,11753.9738,,,,,,,,,,,,,,,,,,,,,,,,,,,,,,
endosome506i,initMembraneContent,EEA1,0.003119292,exCxEn,1.52E-05,R-TfaEn,3.02E-39,oMHCIEn,0.012617372,membraneMarker,0,M6PR,0.004096726,cMHCIEn,0.016702907,R-TfEn,1.61E-39,pepMHCIEn,0,REn,5.06E-04,imCxEn,1.52E-05,,,,,,,,,,
endosome506i,initSolubleContent,povaEn,0,NH3Cy,0,protonEn,1.744183894,FeEn,0,NH3En,0,NH4En,0,ovaEn,0,TfaEn,4.12E-08,solubleMarker,0,mvb,0,bead2,0,bead3,0,bead4,0,TfEn,0,pepEn,0,bead1,0
endosome507R,initOrgProp,area,11753.9738,volume,104050.8047,xcoor,22.56233559,ycoor,24.56632502,pH,7.578832232,,,,,,,,,,,,,,,,,,,,,,
endosome507R,initRabContent,RabC,11753.9738,,,,,,,,,,,,,,,,,,,,,,,,,,,,,,
endosome507R,initMembraneContent,EEA1,0.003119292,exCxEn,1.52E-05,R-TfaEn,3.02E-39,oMHCIEn,0.012617372,membraneMarker,0,M6PR,0.004096726,cMHCIEn,0.016702907,R-TfEn,1.61E-39,pepMHCIEn,0,REn,5.06E-04,imCxEn,1.52E-05,,,,,,,,,,
endosome507R,initSolubleContent,povaEn,0,NH3Cy,0,protonEn,1.744183894,FeEn,0,NH3En,0,NH4En,0,ovaEn,0,TfaEn,4.12E-08,solubleMarker,0,mvb,0,bead2,0,bead3,0,bead4,0,TfEn,0,pepEn,0,bead1,0
endosome508N,initOrgProp,area,11753.9738,volume,104050.8047,xcoor,23.21464381,ycoor,24.06553713,pH,7.578832232,,,,,,,,,,,,,,,,,,,,,,
endosome508N,initRabContent,RabC,11753.9738,,,,,,,,,,,,,,,,,,,,,,,,,,,,,,
endosome508N,initMembraneContent,EEA1,0.003119292,exCxEn,1.52E-05,R-TfaEn,3.02E-39,oMHCIEn,0.012617372,membraneMarker,0,M6PR,0.004096726,cMHCIEn,0.016702907,R-TfEn,1.61E-39,pepMHCIEn,0,REn,5.06E-04,imCxEn,1.52E-05,,,,,,,,,,
endosome508N,initSolubleContent,povaEn,0,NH3Cy,0,protonEn,1.744183894,FeEn,0,NH3En,0,NH4En,0,ovaEn,0,TfaEn,4.12E-08,solubleMarker,0,mvb,0,bead2,0,bead3,0,bead4,0,TfEn,0,pepEn,0,bead1,0
endosome509B,initOrgProp,area,13243.96252,volume,107306.884,xcoor,4.930644217,ycoor,45.78417374,pH,7.308749894,,,,,,,,,,,,,,,,,,,,,,
endosome509B,initRabContent,RabC,4515.11153,RabB,8728.850993,,,,,,,,,,,,,,,,,,,,,,,,,,,,
endosome509B,initMembraneContent,,,,,,,,,,,,,,,,,,,,,,,,,,,,,,,,
endosome509B,initSolubleContent,protonEn,4.270813983,,,,,,,,,,,,,,,,,,,,,,,,,,,,,,
endosome510a,initOrgProp,area,7539.822369,volume,50265.48246,xcoor,2.546289061,ycoor,14.01099819,pH,7.638173564,,,,,,,,,,,,,,,,,,,,,,
endosome510a,initRabContent,RabD,753.9824686,RabA,3325.061551,RabB,3460.778349,,,,,,,,,,,,,,,,,,,,,,,,,,
endosome510a,initMembraneContent,EEA1,0.524962468,exCxEn,0,R-TfaEn,1.35E-42,oMHCIEn,6.42E-04,membraneMarker,0,M6PR,0.634799004,cMHCIEn,9.87E-06,R-TfEn,7.65E-43,pepMHCIEn,0,REn,2.34E-07,imCxEn,0,,,,,,,,,,
endosome510a,initSolubleContent,povaEn,0,NH3Cy,0,protonEn,0.156368602,FeEn,0,NH3En,0,NH4En,0,ovaEn,0,TfaEn,1.48E-08,solubleMarker,0,mvb,0,bead2,0,bead3,0,bead4,0,TfEn,0,pepEn,0,bead1,0
endosome511f,initOrgProp,area,10555.42982,volume,80421.55702,xcoor,1.735804259,ycoor,49.39378066,pH,7.282042749,,,,,,,,,,,,,,,,,,,,,,
endosome511f,initRabContent,RabC,2336.043285,RabB,8219.386539,,,,,,,,,,,,,,,,,,,,,,,,,,,,
endosome511f,initMembraneContent,,,,,,,,,,,,,,,,,,,,,,,,,,,,,,,,
endosome511f,initSolubleContent,protonEn,3.200777969,,,,,,,,,,,,,,,,,,,,,,,,,,,,,,
endosome512P,initOrgProp,area,10555.42982,volume,80421.55702,xcoor,0.931362813,ycoor,49.50542851,pH,7.282042749,,,,,,,,,,,,,,,,,,,,,,
endosome512P,initRabContent,RabC,4155.092159,RabB,6400.337666,,,,,,,,,,,,,,,,,,,,,,,,,,,,
endosome512P,initMembraneContent,,,,,,,,,,,,,,,,,,,,,,,,,,,,,,,,
endosome512P,initSolubleContent,protonEn,3.200777969,,,,,,,,,,,,,,,,,,,,,,,,,,,,,,
endosome513u,initOrgProp,area,10555.42982,volume,80421.55702,xcoor,1.593003913,ycoor,49.30022513,pH,7.282042749,,,,,,,,,,,,,,,,,,,,,,
endosome513u,initRabContent,RabC,4155.092159,RabB,6400.337666,,,,,,,,,,,,,,,,,,,,,,,,,,,,
endosome513u,initMembraneContent,,,,,,,,,,,,,,,,,,,,,,,,,,,,,,,,
endosome513u,initSolubleContent,protonEn,3.200777969,,,,,,,,,,,,,,,,,,,,,,,,,,,,,,
endosome514X,initOrgProp,area,7539.822369,volume,50265.48246,xcoor,26.48020744,ycoor,6.830750153,pH,7.246277046,,,,,,,,,,,,,,,,,,,,,,
endosome514X,initRabContent,RabD,753.9939025,RabA,6785.828466,,,,,,,,,,,,,,,,,,,,,,,,,,,,
endosome514X,initMembraneContent,EEA1,2.236519593,exCxEn,5.45E-10,R-TfaEn,4.50E-42,oMHCIEn,0.003024324,membraneMarker,0,M6PR,3.076146031,cMHCIEn,3.47E-05,R-TfEn,2.55E-42,pepMHCIEn,0,REn,7.79E-07,imCxEn,5.45E-10,,,,,,,,,,
endosome514X,initSolubleContent,povaEn,0,NH3Cy,0,protonEn,1.850971062,FeEn,0,NH3En,0,NH4En,0,ovaEn,0,TfaEn,1.60E-07,solubleMarker,0,mvb,0,bead2,0,bead3,0,bead4,0,TfEn,0,pepEn,0,bead1,0
endosome515M,initOrgProp,area,12913.39425,volume,102876.2666,xcoor,2.424682548,ycoor,47.60686572,pH,7.311242447,,,,,,,,,,,,,,,,,,,,,,
endosome515M,initRabContent,RabC,1983.497358,RabB,10929.8969,,,,,,,,,,,,,,,,,,,,,,,,,,,,
endosome515M,initMembraneContent,EEA1,2.71E-06,R-TfaEn,1.93E-41,exCxEn,2.40E-12,oMHCIEn,1.99E-08,membraneMarker,0,M6PR,9.31E-06,pepMHCIEn,0,R-TfEn,1.10E-41,cMHCIEn,1.28E-04,REn,3.35E-06,imCxEn,2.40E-12,,,,,,,,,,
endosome515M,initSolubleContent,povaEn,0,NH3Cy,0,protonEn,4.024267433,FeEn,0,NH3En,0,NH4En,0,ovaEn,0,solubleMarker,0,TfaEn,2.36E-09,bead2,0,mvb,0,bead3,0,bead4,0,TfEn,0,pepEn,0,bead1,0
endosome516r,initOrgProp,area,9539.48195,volume,70262.07827,xcoor,0.664452483,ycoor,15.26626851,pH,7.267345513,,,,,,,,,,,,,,,,,,,,,,
endosome516r,initRabContent,RabC,9539.48195,,,,,,,,,,,,,,,,,,,,,,,,,,,,,,
endosome516r,initMembraneContent,,,,,,,,,,,,,,,,,,,,,,,,,,,,,,,,
endosome516r,initSolubleContent,protonEn,2.796430715,,,,,,,,,,,,,,,,,,,,,,,,,,,,,,
endosome517S,initOrgProp,area,7539.822369,volume,50265.48246,xcoor,25.42934779,ycoor,23.76149115,pH,7.39964858,,,,,,,,,,,,,,,,,,,,,,
endosome517S,initRabContent,RabI,1507.964474,RabG,965.0972632,RabH,1206.371579,RabF,3860.389053,,,,,,,,,,,,,,,,,,,,,,,,
endosome517S,initMembraneContent,EEA1,1.06E-04,exCxEn,1.90E-04,R-TfaEn,1.90E-42,oMHCIEn,8.00E-06,membraneMarker,0,M6PR,9.92E-04,cMHCIEn,1.06E-05,R-TfEn,1.02E-42,pepMHCIEn,0,REn,3.20E-07,imCxEn,1.90E-04,,,,,,,,,,
endosome517S,initSolubleContent,povaEn,0,NH3Cy,0,protonEn,1.002724798,FeEn,0,NH3En,0,NH4En,0,ovaEn,0,TfaEn,1.79E-08,solubleMarker,0,mvb,0,bead2,0,bead3,0,bead4,0,TfEn,0,pepEn,0,bead1,0
endosome518U,initOrgProp,area,12566.37061,volume,100530.9649,xcoor,24.70703963,ycoor,22.91333732,pH,7.524390402,,,,,,,,,,,,,,,,,,,,,,
endosome518U,initRabContent,RabG,2010.619298,RabH,2513.274123,RabE,6433.981755,RabF,1608.495439,,,,,,,,,,,,,,,,,,,,,,,,
endosome518U,initMembraneContent,EEA1,1.76E-04,exCxEn,3.16E-07,R-TfaEn,3.17E-42,oMHCIEn,1.33E-05,membraneMarker,0,M6PR,0.001652932,cMHCIEn,1.76E-05,R-TfEn,1.70E-42,pepMHCIEn,0,REn,5.33E-07,imCxEn,3.16E-07,,,,,,,,,,
endosome518U,initSolubleContent,povaEn,0,NH3Cy,0,protonEn,2.005449595,FeEn,0,NH3En,0,NH4En,0,ovaEn,0,TfaEn,3.57E-08,solubleMarker,0,mvb,0,bead2,0,bead3,0,bead4,0,TfEn,0,pepEn,0,bead1,0
endosome519L,initOrgProp,area,7539.822369,volume,50265.48246,xcoor,0.663120606,ycoor,3.471366958,pH,7.224066642,,,,,,,,,,,,,,,,,,,,,,
endosome519L,initRabContent,RabC,307.6247526,RabA,3694.512961,RabB,3537.684655,,,,,,,,,,,,,,,,,,,,,,,,,,
endosome519L,initMembraneContent,,,,,,,,,,,,,,,,,,,,,,,,,,,,,,,,
endosome519L,initSolubleContent,protonEn,2.000566202,,,,,,,,,,,,,,,,,,,,,,,,,,,,,,
endosome520u,initOrgProp,area,7539.822369,volume,50265.48246,xcoor,25.11312371,ycoor,23.2082839,pH,7.323357052,,,,,,,,,,,,,,,,,,,,,,
endosome520u,initRabContent,RabI,1507.964474,RabG,4825.486316,RabH,1206.371579,,,,,,,,,,,,,,,,,,,,,,,,,,
endosome520u,initMembraneContent,EEA1,0.001324382,exCxEn,4.52E-04,R-TfaEn,1.14E-42,oMHCIEn,4.84E-06,membraneMarker,0,M6PR,0.10545761,cMHCIEn,6.10E-06,R-TfEn,6.04E-43,pepMHCIEn,0,REn,1.90E-07,imCxEn,4.52E-04,,,,,,,,,,
endosome520u,initSolubleContent,povaEn,0,NH3Cy,0,protonEn,1.387331911,FeEn,0,NH3En,0,NH4En,0,ovaEn,0,TfaEn,7.95E-09,solubleMarker,0,mvb,0,bead2,0,bead3,0,bead4,0,TfEn,0,pepEn,0,bead1,0
endosome521n,initOrgProp,area,7853.981634,volume,57805.30483,xcoor,28.26088393,ycoor,18.34981344,pH,7.547483235,,,,,,,,,,,,,,,,,,,,,,
endosome521n,initRabContent,RabE,7853.981634,,,,,,,,,,,,,,,,,,,,,,,,,,,,,,
endosome521n,initMembraneContent,EEA1,0.003922525,exCxEn,6.34E-07,R-TfaEn,2.17E-42,oMHCIEn,4.98E-06,membraneMarker,0,M6PR,0.27022433,cMHCIEn,1.12E-05,R-TfEn,8.27E-43,pepMHCIEn,0,REn,3.06E-07,imCxEn,6.34E-07,,,,,,,,,,
endosome521n,initSolubleContent,povaEn,0,NH3Cy,0,protonEn,0.63864343,FeEn,0,NH3En,0,NH4En,0,ovaEn,0,TfaEn,5.05E-09,solubleMarker,0,mvb,0,bead2,0,bead3,0,bead4,0,TfEn,0,pepEn,0,bead1,0
endosome522W,initOrgProp,area,13823.00768,volume,145697.0079,xcoor,29.79321641,ycoor,21.33713429,pH,7.974556492,,,,,,,,,,,,,,,,,,,,,,
endosome522W,initRabContent,RabA,13823.00768,,,,,,,,,,,,,,,,,,,,,,,,,,,,,,
endosome522W,initMembraneContent,EEA1,1.009083373,exCxEn,1.30E-09,R-TfaEn,6.09E-42,oMHCIEn,8.13E-06,membraneMarker,0,M6PR,0.593084202,cMHCIEn,4.66E-05,R-TfEn,3.44E-42,pepMHCIEn,0,REn,1.05E-06,imCxEn,1.30E-09,,,,,,,,,,
endosome522W,initSolubleContent,povaEn,0,NH3Cy,0,protonEn,0.544877829,FeEn,0,NH3En,0,NH4En,0,ovaEn,0,TfaEn,4.21E-08,solubleMarker,0,mvb,0,bead2,0,bead3,0,bead4,0,TfEn,0,pepEn,0,bead1,0
endosome523Z,initOrgProp,area,7539.822369,volume,50265.48246,xcoor,28.38248548,ycoor,21.35546955,pH,7.628789838,,,,,,,,,,,,,,,,,,,,,,
endosome523Z,initRabContent,RabD,527.7877439,RabA,4750.087914,RabB,2261.946711,,,,,,,,,,,,,,,,,,,,,,,,,,
endosome523Z,initMembraneContent,EEA1,0.550409112,exCxEn,7.11E-10,R-TfaEn,3.32E-42,oMHCIEn,4.43E-06,membraneMarker,0,M6PR,0.323500474,cMHCIEn,2.54E-05,R-TfEn,1.88E-42,pepMHCIEn,0,REn,5.75E-07,imCxEn,7.11E-10,,,,,,,,,,
endosome523Z,initSolubleContent,povaEn,0,NH3Cy,0,protonEn,0.181625943,FeEn,0,NH3En,0,NH4En,0,ovaEn,0,TfaEn,1.40E-08,solubleMarker,0,mvb,0,bead2,0,bead3,0,bead4,0,TfEn,0,pepEn,0,bead1,0
endosome524a,initOrgProp,area,7539.822369,volume,50265.48246,xcoor,11.86323569,ycoor,0.744750078,pH,7.224066642,,,,,,,,,,,,,,,,,,,,,,
endosome524a,initRabContent,RabC,2138.346704,RabB,5401.475665,,,,,,,,,,,,,,,,,,,,,,,,,,,,
endosome524a,initMembraneContent,,,,,,,,,,,,,,,,,,,,,,,,,,,,,,,,
endosome524a,initSolubleContent,protonEn,2.000566202,,,,,,,,,,,,,,,,,,,,,,,,,,,,,,
endosome525K,initOrgProp,area,7539.822369,volume,50265.48246,xcoor,25.09106133,ycoor,24.0045082,pH,7.423165122,,,,,,,,,,,,,,,,,,,,,,
endosome525K,initRabContent,RabE,6031.857895,RabF,1507.964474,,,,,,,,,,,,,,,,,,,,,,,,,,,,
endosome525K,initMembraneContent,EEA1,0.001436609,exCxEn,1.38E-07,R-TfaEn,1.94E-42,oMHCIEn,8.13E-06,membraneMarker,0,M6PR,8.71E-04,cMHCIEn,1.08E-05,R-TfEn,1.04E-42,pepMHCIEn,0,REn,3.25E-07,imCxEn,1.38E-07,,,,,,,,,,
endosome525K,initSolubleContent,povaEn,0,NH3Cy,0,protonEn,0.897163381,FeEn,0,NH3En,0,NH4En,0,ovaEn,0,TfaEn,1.75E-08,solubleMarker,0,mvb,0,bead2,0,bead3,0,bead4,0,TfEn,0,pepEn,0,bead1,0
endosome526o,initOrgProp,area,7539.822369,volume,50265.48246,xcoor,15.97839432,ycoor,36.60901222,pH,7.3134787,,,,,,,,,,,,,,,,,,,,,,
endosome526o,initRabContent,RabD,527.791736,RabA,4750.083922,RabB,2261.946711,,,,,,,,,,,,,,,,,,,,,,,,,,
endosome526o,initMembraneContent,EEA1,1.845353516,exCxEn,1.35E-09,R-TfaEn,4.27E-42,oMHCIEn,0.00126362,membraneMarker,0,M6PR,2.26592726,cMHCIEn,2.99E-05,R-TfEn,2.41E-42,pepMHCIEn,0,REn,7.39E-07,imCxEn,1.35E-09,,,,,,,,,,
endosome526o,initSolubleContent,povaEn,0,NH3Cy,0,protonEn,1.442255834,FeEn,0,NH3En,0,NH4En,0,ovaEn,0,TfaEn,1.07E-07,solubleMarker,0,mvb,0,bead2,0,bead3,0,bead4,0,TfEn,0,pepEn,0,bead1,0
endosome527B,initOrgProp,area,11309.73355,volume,87964.5943,xcoor,48.33071987,ycoor,2.642264577,pH,7.290999774,,,,,,,,,,,,,,,,,,,,,,
endosome527B,initRabContent,RabA,5654.860561,RabB,2456.083488,RabC,2570.464757,RabD,628.3247465,,,,,,,,,,,,,,,,,,,,,,,,
endosome527B,initMembraneContent,EEA1,3.557139132,exCxEn,0,R-TfaEn,1.89E-39,oMHCIEn,2.20E-04,membraneMarker,0,M6PR,3.798686729,cMHCIEn,0.014213699,R-TfEn,1.07E-39,pepMHCIEn,0,REn,3.26E-04,imCxEn,0,,,,,,,,,,
endosome527B,initSolubleContent,povaEn,0,NH3Cy,0,protonEn,3.500990853,FeEn,0,NH3En,0,NH4En,0,ovaEn,0,TfaEn,2.04E-07,solubleMarker,0,mvb,0,bead2,0,bead3,0,bead4,0,TfEn,0,pepEn,0,bead1,0
endosome528p,initOrgProp,area,14032.42742,volume,117636.8534,xcoor,24.85145977,ycoor,21.24547953,pH,7.932523453,,,,,,,,,,,,,,,,,,,,,,
endosome528p,initRabContent,RabC,14032.42742,,,,,,,,,,,,,,,,,,,,,,,,,,,,,,
endosome528p,initMembraneContent,EEA1,0.024945346,exCxEn,1.19E-04,R-TfaEn,4.31E-39,oMHCIEn,0.015685305,membraneMarker,0,M6PR,0.004536583,cMHCIEn,0.020856185,R-TfEn,1.65E-39,pepMHCIEn,0,REn,6.06E-04,imCxEn,1.19E-04,,,,,,,,,,
endosome528p,initSolubleContent,povaEn,0,NH3Cy,0,protonEn,0.374105082,FeEn,0,NH3En,0,NH4En,0,ovaEn,0,TfaEn,2.27E-08,solubleMarker,0,mvb,0,bead2,0,bead3,0,bead4,0,TfEn,0,pepEn,0,bead1,0
endosome529p,initOrgProp,area,7539.822369,volume,50265.48246,xcoor,0.518000025,ycoor,32.68222179,pH,7.224066642,,,,,,,,,,,,,,,,,,,,,,
endosome529p,initRabContent,RabC,1158.116716,RabB,6381.705653,,,,,,,,,,,,,,,,,,,,,,,,,,,,
endosome529p,initMembraneContent,,,,,,,,,,,,,,,,,,,,,,,,,,,,,,,,
endosome529p,initSolubleContent,protonEn,2.000566202,,,,,,,,,,,,,,,,,,,,,,,,,,,,,,
endosome530N,initOrgProp,area,9032.078879,volume,73491.5604,xcoor,32.01254284,ycoor,16.80888272,pH,7.288426757,,,,,,,,,,,,,,,,,,,,,,
endosome530N,initRabContent,RabB,7033.171438,RabC,1998.907441,,,,,,,,,,,,,,,,,,,,,,,,,,,,
endosome530N,initMembraneContent,EEA1,0.00238154,exCxEn,2.05E-09,R-TfaEn,1.20E-39,oMHCIEn,1.95E-05,membraneMarker,0,M6PR,0.007095733,cMHCIEn,0.0084239,R-TfEn,6.77E-40,pepMHCIEn,0,REn,2.07E-04,imCxEn,2.05E-09,,,,,,,,,,
endosome530N,initSolubleContent,povaEn,0,NH3Cy,0,protonEn,2.782776759,FeEn,0,NH3En,0,NH4En,0,ovaEn,0,TfaEn,1.27E-07,solubleMarker,0,mvb,0,bead2,0,bead3,0,bead4,0,TfEn,0,pepEn,0,bead1,0
endosome531T,initOrgProp,area,7539.822369,volume,50265.48246,xcoor,49.44199139,ycoor,33.62626861,pH,7.224066642,,,,,,,,,,,,,,,,,,,,,,
endosome531T,initRabContent,RabA,3694.512961,RabB,3845.309408,,,,,,,,,,,,,,,,,,,,,,,,,,,,
endosome531T,initMembraneContent,,,,,,,,,,,,,,,,,,,,,,,,,,,,,,,,
endosome531T,initSolubleContent,protonEn,2.000566202,,,,,,,,,,,,,,,,,,,,,,,,,,,,,,
endosome532E,initOrgProp,area,7539.822369,volume,50265.48246,xcoor,29.64312314,ycoor,48.61276419,pH,7.224066642,,,,,,,,,,,,,,,,,,,,,,
endosome532E,initRabContent,RabD,1656.531524,RabA,2693.280579,RabB,3190.010265,,,,,,,,,,,,,,,,,,,,,,,,,,
endosome532E,initMembraneContent,,,,,,,,,,,,,,,,,,,,,,,,,,,,,,,,
endosome532E,initSolubleContent,protonEn,2.000566202,,,,,,,,,,,,,,,,,,,,,,,,,,,,,,
endosome533V,initOrgProp,area,7539.822369,volume,50265.48246,xcoor,32.97363587,ycoor,45.82888499,pH,7.251818859,,,,,,,,,,,,,,,,,,,,,,
endosome533V,initRabContent,RabD,753.9932736,RabA,4750.080367,RabB,2035.748729,,,,,,,,,,,,,,,,,,,,,,,,,,
endosome533V,initMembraneContent,EEA1,1.169325754,exCxEn,0,R-TfaEn,3.88E-42,oMHCIEn,1.78E-05,membraneMarker,0,M6PR,2.473084687,cMHCIEn,2.81E-05,R-TfEn,2.19E-42,pepMHCIEn,0,REn,6.72E-07,imCxEn,0,,,,,,,,,,
endosome533V,initSolubleContent,povaEn,0,NH3Cy,0,protonEn,1.814822385,FeEn,0,NH3En,0,NH4En,0,ovaEn,0,TfaEn,1.30E-07,solubleMarker,0,mvb,0,bead2,0,bead3,0,bead4,0,TfEn,0,pepEn,0,bead1,0
endosome534T,initOrgProp,area,12566.37061,volume,100530.9649,xcoor,5.348944642,ycoor,44.02222961,pH,7.303231498,,,,,,,,,,,,,,,,,,,,,,
endosome534T,initRabContent,RabC,1930.194526,RabB,10636.17609,,,,,,,,,,,,,,,,,,,,,,,,,,,,
endosome534T,initMembraneContent,,,,,,,,,,,,,,,,,,,,,,,,,,,,,,,,
endosome534T,initSolubleContent,protonEn,4.001132404,,,,,,,,,,,,,,,,,,,,,,,,,,,,,,
endosome535M,initOrgProp,area,12566.37061,volume,100530.9649,xcoor,3.834701707,ycoor,42.99702824,pH,7.303231498,,,,,,,,,,,,,,,,,,,,,,
endosome535M,initRabContent,RabC,4284.107929,RabB,8282.262686,,,,,,,,,,,,,,,,,,,,,,,,,,,,
endosome535M,initMembraneContent,,,,,,,,,,,,,,,,,,,,,,,,,,,,,,,,
endosome535M,initSolubleContent,protonEn,4.001132404,,,,,,,,,,,,,,,,,,,,,,,,,,,,,,
endosome536h,initOrgProp,area,10680.69592,volume,81674.21793,xcoor,12.7516255,ycoor,37.24030819,pH,7.283631286,,,,,,,,,,,,,,,,,,,,,,
endosome536h,initRabContent,RabC,10680.69592,,,,,,,,,,,,,,,,,,,,,,,,,,,,,,
endosome536h,initMembraneContent,,,,,,,,,,,,,,,,,,,,,,,,,,,,,,,,
endosome536h,initSolubleContent,protonEn,3.250633874,,,,,,,,,,,,,,,,,,,,,,,,,,,,,,
endosome537T,initOrgProp,area,12566.37061,volume,100530.9649,xcoor,22.87100742,ycoor,14.48577223,pH,7.987330492,,,,,,,,,,,,,,,,,,,,,,
endosome537T,initRabContent,RabI,2513.274123,RabG,1608.495439,RabH,2010.619298,RabF,6433.981755,,,,,,,,,,,,,,,,,,,,,,,,
endosome537T,initMembraneContent,EEA1,0.003244496,exCxEn,1.24E-06,R-TfaEn,9.14E-44,oMHCIEn,7.58E-07,membraneMarker,0,M6PR,3.32E-04,cMHCIEn,6.72E-07,R-TfEn,5.18E-44,pepMHCIEn,0,REn,1.58E-08,imCxEn,1.24E-06,,,,,,,,,,
endosome537T,initSolubleContent,povaEn,0,NH3Cy,0,protonEn,0.035069138,FeEn,0,NH3En,0,NH4En,0,ovaEn,0,TfaEn,1.44E-09,solubleMarker,0,mvb,0,bead2,0,bead3,0,bead4,0,TfEn,0,pepEn,0,bead1,0
endosome538t,initOrgProp,area,13461.60414,volume,109483.3002,xcoor,5.641241509,ycoor,45.39009169,pH,7.310390941,,,,,,,,,,,,,,,,,,,,,,
endosome538t,initRabContent,RabC,1076.928331,RabB,12384.67581,,,,,,,,,,,,,,,,,,,,,,,,,,,,
endosome538t,initMembraneContent,,,,,,,,,,,,,,,,,,,,,,,,,,,,,,,,
endosome538t,initSolubleContent,protonEn,4.357435347,,,,,,,,,,,,,,,,,,,,,,,,,,,,,,
endosome539B,initOrgProp,area,13461.60414,volume,109483.3002,xcoor,4.624667232,ycoor,44.02294292,pH,7.310390941,,,,,,,,,,,,,,,,,,,,,,
endosome539B,initRabContent,RabC,3817.805704,RabB,9643.798436,,,,,,,,,,,,,,,,,,,,,,,,,,,,
endosome539B,initMembraneContent,,,,,,,,,,,,,,,,,,,,,,,,,,,,,,,,
endosome539B,initSolubleContent,protonEn,4.357435347,,,,,,,,,,,,,,,,,,,,,,,,,,,,,,
endosome540K,initOrgProp,area,11859.20132,volume,93459.272,xcoor,1.669947257,ycoor,49.57320106,pH,7.296709929,,,,,,,,,,,,,,,,,,,,,,
endosome540K,initRabContent,RabC,4668.315289,RabB,7190.886034,,,,,,,,,,,,,,,,,,,,,,,,,,,,
endosome540K,initMembraneContent,,,,,,,,,,,,,,,,,,,,,,,,,,,,,,,,
endosome540K,initSolubleContent,protonEn,3.719679026,,,,,,,,,,,,,,,,,,,,,,,,,,,,,,
endosome541L,initOrgProp,area,11309.73355,volume,87964.5943,xcoor,49.46840723,ycoor,2.661501886,pH,7.290999774,,,,,,,,,,,,,,,,,,,,,,
endosome541L,initRabContent,RabC,904.7786842,RabB,10404.95487,,,,,,,,,,,,,,,,,,,,,,,,,,,,
endosome541L,initMembraneContent,,,,,,,,,,,,,,,,,,,,,,,,,,,,,,,,
endosome541L,initSolubleContent,protonEn,3.500990853,,,,,,,,,,,,,,,,,,,,,,,,,,,,,,
endosome542x,initOrgProp,area,11309.73355,volume,87964.5943,xcoor,49.56405042,ycoor,2.788612041,pH,7.290999774,,,,,,,,,,,,,,,,,,,,,,
endosome542x,initRabContent,RabD,791.6891806,RabA,4987.587014,RabB,5530.457358,,,,,,,,,,,,,,,,,,,,,,,,,,
endosome542x,initMembraneContent,,,,,,,,,,,,,,,,,,,,,,,,,,,,,,,,
endosome542x,initSolubleContent,protonEn,3.500990853,,,,,,,,,,,,,,,,,,,,,,,,,,,,,,
endosome543w,initOrgProp,area,8617.076494,volume,61038.02372,xcoor,1.841187363,ycoor,49.31427468,pH,7.250393294,,,,,,,,,,,,,,,,,,,,,,
endosome543w,initRabContent,RabC,1907.062433,RabB,6710.014061,,,,,,,,,,,,,,,,,,,,,,,,,,,,
endosome543w,initMembraneContent,,,,,,,,,,,,,,,,,,,,,,,,,,,,,,,,
endosome543w,initSolubleContent,protonEn,2.429313344,,,,,,,,,,,,,,,,,,,,,,,,,,,,,,
endosome544h,initOrgProp,area,11102.91311,volume,89894.45568,xcoor,14.31934853,ycoor,35.47464416,pH,7.303907306,,,,,,,,,,,,,,,,,,,,,,
endosome544h,initRabContent,RabC,11102.91311,,,,,,,,,,,,,,,,,,,,,,,,,,,,,,
endosome544h,initMembraneContent,EEA1,0.00315249,exCxEn,3.03E-12,R-TfaEn,1.31E-40,oMHCIEn,5.77E-06,membraneMarker,0,M6PR,0.007800947,cMHCIEn,9.56E-04,R-TfEn,7.44E-41,pepMHCIEn,0,REn,2.28E-05,imCxEn,3.03E-12,,,,,,,,,,
endosome544h,initSolubleContent,povaEn,0,NH3Cy,0,protonEn,3.465042538,FeEn,0,NH3En,0,NH4En,0,ovaEn,0,TfaEn,1.58E-08,solubleMarker,0,mvb,0,bead2,0,bead3,0,bead4,0,TfEn,0,pepEn,0,bead1,0
endosome545Y,initOrgProp,area,8617.076494,volume,61038.02372,xcoor,0.822988181,ycoor,47.88252059,pH,7.250393294,,,,,,,,,,,,,,,,,,,,,,
endosome545Y,initRabContent,RabC,1907.062433,RabB,6710.014061,,,,,,,,,,,,,,,,,,,,,,,,,,,,
endosome545Y,initMembraneContent,,,,,,,,,,,,,,,,,,,,,,,,,,,,,,,,
endosome545Y,initSolubleContent,protonEn,2.429313344,,,,,,,,,,,,,,,,,,,,,,,,,,,,,,
endosome546o,initOrgProp,area,8617.076494,volume,61038.02372,xcoor,2.28850753,ycoor,48.9692587,pH,7.250393294,,,,,,,,,,,,,,,,,,,,,,
endosome546o,initRabContent,RabC,1323.58295,RabB,7293.493545,,,,,,,,,,,,,,,,,,,,,,,,,,,,
endosome546o,initMembraneContent,,,,,,,,,,,,,,,,,,,,,,,,,,,,,,,,
endosome546o,initSolubleContent,protonEn,2.429313344,,,,,,,,,,,,,,,,,,,,,,,,,,,,,,
endosome547y,initOrgProp,area,14458.42471,volume,119451.5059,xcoor,1.810831552,ycoor,47.88991786,pH,7.317208946,,,,,,,,,,,,,,,,,,,,,,
endosome547y,initRabContent,RabC,1156.673977,RabB,13301.75073,,,,,,,,,,,,,,,,,,,,,,,,,,,,
endosome547y,initMembraneContent,,,,,,,,,,,,,,,,,,,,,,,,,,,,,,,,
endosome547y,initSolubleContent,protonEn,4.754169934,,,,,,,,,,,,,,,,,,,,,,,,,,,,,,
endosome548i,initOrgProp,area,14458.42471,volume,119451.5059,xcoor,0.493225654,ycoor,45.68094697,pH,7.317208946,,,,,,,,,,,,,,,,,,,,,,
endosome548i,initRabContent,RabC,3199.82289,RabB,11258.60182,,,,,,,,,,,,,,,,,,,,,,,,,,,,
endosome548i,initMembraneContent,,,,,,,,,,,,,,,,,,,,,,,,,,,,,,,,
endosome548i,initSolubleContent,protonEn,4.754169934,,,,,,,,,,,,,,,,,,,,,,,,,,,,,,
endosome549S,initOrgProp,area,143624.4458,volume,5027812.678,xcoor,24.9912249,ycoor,38.0453641,pH,7.446866525,,,,,,,,,,,,,,,,,,,,,,
endosome549S,initRabContent,RabI,4940.247067,RabG,3942.129738,RabH,6812.617765,RabE,124661.4352,RabF,3268.016042,,,,,,,,,,,,,,,,,,,,,,
endosome549S,initMembraneContent,EEA1,0.018973707,exCxEn,1.08E-04,R-TfaEn,1.63E-41,oMHCIEn,5.86E-05,membraneMarker,0,M6PR,1.465056403,cMHCIEn,8.50E-05,R-TfEn,7.80E-42,pepMHCIEn,0,REn,2.57E-06,imCxEn,1.08E-04,,,,,,,,,,
endosome549S,initSolubleContent,povaEn,0,NH3Cy,0,protonEn,178.6853061,FeEn,0,NH3En,0,NH4En,0,ovaEn,0,TfaEn,3.23E-07,solubleMarker,0,mvb,0,bead2,0,bead3,0,bead4,0,TfEn,0,pepEn,0,bead1,0
endosome550U,initOrgProp,area,7539.822369,volume,50265.48246,xcoor,23.65118066,ycoor,0.388809697,pH,7.267686695,,,,,,,,,,,,,,,,,,,,,,
endosome550U,initRabContent,RabI,1507.964474,RabG,4825.486316,RabH,1206.371579,,,,,,,,,,,,,,,,,,,,,,,,,,
endosome550U,initMembraneContent,EEA1,7.17E-04,exCxEn,7.75E-05,R-TfaEn,6.71E-43,oMHCIEn,2.86E-06,membraneMarker,0,M6PR,0.003396771,cMHCIEn,3.60E-06,R-TfEn,3.56E-43,pepMHCIEn,0,REn,1.12E-07,imCxEn,7.75E-05,,,,,,,,,,
endosome550U,initSolubleContent,povaEn,0,NH3Cy,0,protonEn,1.713833255,FeEn,0,NH3En,0,NH4En,0,ovaEn,0,TfaEn,4.80E-09,solubleMarker,0,mvb,0,bead2,0,bead3,0,bead4,0,TfEn,0,pepEn,0,bead1,0
endosome551h,initOrgProp,area,12566.37061,volume,100530.9649,xcoor,4.961043386,ycoor,16.54384695,pH,7.303231498,,,,,,,,,,,,,,,,,,,,,,
endosome551h,initRabContent,RabC,12566.37061,,,,,,,,,,,,,,,,,,,,,,,,,,,,,,
endosome551h,initMembraneContent,,,,,,,,,,,,,,,,,,,,,,,,,,,,,,,,
endosome551h,initSolubleContent,protonEn,4.001132404,,,,,,,,,,,,,,,,,,,,,,,,,,,,,,
endosome552q,initOrgProp,area,9144.764287,volume,76894.53937,xcoor,23.27825554,ycoor,19.93046562,pH,7.810690646,,,,,,,,,,,,,,,,,,,,,,
endosome552q,initRabContent,RabE,9144.764287,,,,,,,,,,,,,,,,,,,,,,,,,,,,,,
endosome552q,initMembraneContent,EEA1,0.026320637,exCxEn,4.98E-07,R-TfaEn,2.69E-42,oMHCIEn,9.09E-06,membraneMarker,0,M6PR,2.51334067,cMHCIEn,1.28E-05,R-TfEn,1.05E-42,pepMHCIEn,0,REn,3.82E-07,imCxEn,4.98E-07,,,,,,,,,,
endosome552q,initSolubleContent,povaEn,0,NH3Cy,0,protonEn,0.189062967,FeEn,0,NH3En,0,NH4En,0,ovaEn,0,TfaEn,1.21E-08,solubleMarker,0,mvb,0,bead2,0,bead3,0,bead4,0,TfEn,0,pepEn,0,bead1,0
endosome553f,initOrgProp,area,7539.822369,volume,50265.48246,xcoor,23.47863517,ycoor,17.93964977,pH,7.693492536,,,,,,,,,,,,,,,,,,,,,,
endosome553f,initRabContent,RabE,7539.822369,,,,,,,,,,,,,,,,,,,,,,,,,,,,,,
endosome553f,initMembraneContent,EEA1,2.09E-05,exCxEn,9.82E-08,R-TfaEn,5.87E-45,oMHCIEn,4.28E-08,membraneMarker,0,M6PR,0.569341554,cMHCIEn,2.81E-08,R-TfEn,2.33E-45,pepMHCIEn,0,REn,8.42E-10,imCxEn,9.82E-08,,,,,,,,,,
endosome553f,initSolubleContent,povaEn,0,NH3Cy,0,protonEn,0.018069247,FeEn,0,NH3En,0,NH4En,0,ovaEn,0,TfaEn,1.23E-10,solubleMarker,0,mvb,0,bead2,0,bead3,0,bead4,0,TfEn,0,pepEn,0,bead1,0
endosome554Q,initOrgProp,area,12566.37061,volume,100530.9649,xcoor,23.58720729,ycoor,1.170084068,pH,7.303231498,,,,,,,,,,,,,,,,,,,,,,
endosome554Q,initRabContent,RabC,7539.822369,RabE,5026.548246,,,,,,,,,,,,,,,,,,,,,,,,,,,,
endosome554Q,initMembraneContent,,,,,,,,,,,,,,,,,,,,,,,,,,,,,,,,
endosome554Q,initSolubleContent,protonEn,4.001132404,,,,,,,,,,,,,,,,,,,,,,,,,,,,,,
endosome555r,initOrgProp,area,7539.822369,volume,50265.48246,xcoor,15.21210811,ycoor,4.639466724,pH,7.224066642,,,,,,,,,,,,,,,,,,,,,,
endosome555r,initRabContent,RabD,527.7977626,RabA,4750.077895,RabB,2261.946711,,,,,,,,,,,,,,,,,,,,,,,,,,
endosome555r,initMembraneContent,EEA1,1.114443773,exCxEn,0,R-TfaEn,1.83E-41,oMHCIEn,6.61E-05,membraneMarker,0,M6PR,2.437906626,cMHCIEn,1.46E-04,R-TfEn,1.03E-41,pepMHCIEn,0,REn,3.17E-06,imCxEn,0,,,,,,,,,,
endosome555r,initSolubleContent,povaEn,0,NH3Cy,0,protonEn,2.000566202,FeEn,0,NH3En,0,NH4En,0,ovaEn,0,TfaEn,1.83E-07,solubleMarker,0,mvb,0,bead2,0,bead3,0,bead4,0,TfEn,0,pepEn,0,bead1,0
endosome556Y,initOrgProp,area,15001.7004,volume,126727.2108,xcoor,24.55041609,ycoor,20.97257117,pH,7.966072945,,,,,,,,,,,,,,,,,,,,,,
endosome556Y,initRabContent,RabE,15001.7004,,,,,,,,,,,,,,,,,,,,,,,,,,,,,,
endosome556Y,initMembraneContent,EEA1,0.043086758,exCxEn,1.25E-06,R-TfaEn,4.69E-42,oMHCIEn,1.54E-05,membraneMarker,0,M6PR,8.973635233,cMHCIEn,2.28E-05,R-TfEn,1.80E-42,pepMHCIEn,0,REn,6.62E-07,imCxEn,1.25E-06,,,,,,,,,,
endosome556Y,initSolubleContent,povaEn,0,NH3Cy,0,protonEn,0.370240915,FeEn,0,NH3En,0,NH4En,0,ovaEn,0,TfaEn,2.65E-08,solubleMarker,0,mvb,0,bead2,0,bead3,0,bead4,0,TfEn,0,pepEn,0,bead1,0
endosome557p,initOrgProp,area,11309.73355,volume,87964.5943,xcoor,49.34193798,ycoor,2.669576369,pH,7.290999774,,,,,,,,,,,,,,,,,,,,,,
endosome557p,initRabContent,RabC,1737.175074,RabB,9572.558479,,,,,,,,,,,,,,,,,,,,,,,,,,,,
endosome557p,initMembraneContent,,,,,,,,,,,,,,,,,,,,,,,,,,,,,,,,
endosome557p,initSolubleContent,protonEn,3.500990853,,,,,,,,,,,,,,,,,,,,,,,,,,,,,,
endosome558T,initOrgProp,area,11309.73355,volume,87964.5943,xcoor,48.30446114,ycoor,0.439185571,pH,7.290999774,,,,,,,,,,,,,,,,,,,,,,
endosome558T,initRabContent,RabC,1737.175074,RabB,9572.558479,,,,,,,,,,,,,,,,,,,,,,,,,,,,
endosome558T,initMembraneContent,,,,,,,,,,,,,,,,,,,,,,,,,,,,,,,,
endosome558T,initSolubleContent,protonEn,3.500990853,,,,,,,,,,,,,,,,,,,,,,,,,,,,,,
endosome559H,initOrgProp,area,12435.02762,volume,99217.53501,xcoor,6.594263567,ycoor,43.7925988,pH,7.30208345,,,,,,,,,,,,,,,,,,,,,,
endosome559H,initRabContent,RabC,1910.020243,RabB,10525.00738,,,,,,,,,,,,,,,,,,,,,,,,,,,,
endosome559H,initMembraneContent,,,,,,,,,,,,,,,,,,,,,,,,,,,,,,,,
endosome559H,initSolubleContent,protonEn,3.948857893,,,,,,,,,,,,,,,,,,,,,,,,,,,,,,
endosome560t,initOrgProp,area,12435.02762,volume,99217.53501,xcoor,3.058918589,ycoor,46.70596942,pH,7.30208345,,,,,,,,,,,,,,,,,,,,,,
endosome560t,initRabContent,RabC,1910.020243,RabB,10525.00738,,,,,,,,,,,,,,,,,,,,,,,,,,,,
endosome560t,initMembraneContent,,,,,,,,,,,,,,,,,,,,,,,,,,,,,,,,
endosome560t,initSolubleContent,protonEn,3.948857893,,,,,,,,,,,,,,,,,,,,,,,,,,,,,,
endosome561e,initOrgProp,area,12435.02762,volume,99217.53501,xcoor,1.975322319,ycoor,46.40237221,pH,7.30208345,,,,,,,,,,,,,,,,,,,,,,
endosome561e,initRabContent,RabC,3526.661377,RabB,8908.366247,,,,,,,,,,,,,,,,,,,,,,,,,,,,
endosome561e,initMembraneContent,,,,,,,,,,,,,,,,,,,,,,,,,,,,,,,,
endosome561e,initSolubleContent,protonEn,3.948857893,,,,,,,,,,,,,,,,,,,,,,,,,,,,,,
endosome562E,initOrgProp,area,12435.02762,volume,101522.8947,xcoor,1.499746078,ycoor,49.02330318,pH,7.309202314,,,,,,,,,,,,,,,,,,,,,,
endosome562E,initRabContent,RabB,12435.02762,,,,,,,,,,,,,,,,,,,,,,,,,,,,,,
endosome562E,initMembraneContent,EEA1,1.01E-05,R-TfaEn,5.21E-41,exCxEn,2.39E-12,oMHCIEn,1.09E-10,membraneMarker,0,M6PR,4.43E-05,pepMHCIEn,0,R-TfEn,2.95E-41,cMHCIEn,3.73E-04,REn,9.03E-06,imCxEn,2.39E-12,,,,,,,,,,
endosome562E,initSolubleContent,povaEn,0,NH3Cy,0,protonEn,3.981517704,FeEn,0,NH3En,0,NH4En,0,ovaEn,0,solubleMarker,0,TfaEn,5.94E-09,bead2,0,mvb,0,bead3,0,bead4,0,TfEn,0,pepEn,0,bead1,0
endosome563P,initOrgProp,area,12435.02762,volume,99217.53501,xcoor,1.623960545,ycoor,49.26540025,pH,7.30208345,,,,,,,,,,,,,,,,,,,,,,
endosome563P,initRabContent,RabC,1910.020243,RabB,10525.00738,,,,,,,,,,,,,,,,,,,,,,,,,,,,
endosome563P,initMembraneContent,,,,,,,,,,,,,,,,,,,,,,,,,,,,,,,,
endosome563P,initSolubleContent,protonEn,3.948857893,,,,,,,,,,,,,,,,,,,,,,,,,,,,,,
endosome564T,initOrgProp,area,12435.02762,volume,99217.53501,xcoor,1.544990594,ycoor,49.52809292,pH,7.30208345,,,,,,,,,,,,,,,,,,,,,,
endosome564T,initRabContent,RabC,2752.020833,RabB,9683.00679,,,,,,,,,,,,,,,,,,,,,,,,,,,,
endosome564T,initMembraneContent,,,,,,,,,,,,,,,,,,,,,,,,,,,,,,,,
endosome564T,initSolubleContent,protonEn,3.948857893,,,,,,,,,,,,,,,,,,,,,,,,,,,,,,
endosome565x,initOrgProp,area,7539.822369,volume,50265.48246,xcoor,24.16876637,ycoor,21.46124545,pH,7.272984397,,,,,,,,,,,,,,,,,,,,,,
endosome565x,initRabContent,RabI,1507.964474,RabG,965.0972632,RabH,1206.371579,RabF,3860.389053,,,,,,,,,,,,,,,,,,,,,,,,
endosome565x,initMembraneContent,EEA1,7.33E-04,exCxEn,7.71E-05,R-TfaEn,6.86E-43,oMHCIEn,2.92E-06,membraneMarker,0,M6PR,0.003411062,cMHCIEn,3.68E-06,R-TfEn,3.63E-43,pepMHCIEn,0,REn,1.14E-07,imCxEn,7.71E-05,,,,,,,,,,
endosome565x,initSolubleContent,povaEn,0,NH3Cy,0,protonEn,1.680929903,FeEn,0,NH3En,0,NH4En,0,ovaEn,0,TfaEn,5.23E-09,solubleMarker,0,mvb,0,bead2,0,bead3,0,bead4,0,TfEn,0,pepEn,0,bead1,0
endosome566b,initOrgProp,area,10964.97263,volume,84516.98504,xcoor,48.74244741,ycoor,0.502911929,pH,7.287081546,,,,,,,,,,,,,,,,,,,,,,
endosome566b,initRabContent,RabC,1684.219796,RabB,9280.752832,,,,,,,,,,,,,,,,,,,,,,,,,,,,
endosome566b,initMembraneContent,,,,,,,,,,,,,,,,,,,,,,,,,,,,,,,,
endosome566b,initSolubleContent,protonEn,3.363776005,,,,,,,,,,,,,,,,,,,,,,,,,,,,,,
endosome567Z,initOrgProp,area,10964.97263,volume,84516.98504,xcoor,48.65094786,ycoor,0.564916388,pH,7.287081546,,,,,,,,,,,,,,,,,,,,,,
endosome567Z,initRabContent,RabB,10964.97263,,,,,,,,,,,,,,,,,,,,,,,,,,,,,,
endosome567Z,initMembraneContent,,,,,,,,,,,,,,,,,,,,,,,,,,,,,,,,
endosome567Z,initSolubleContent,protonEn,3.363776005,,,,,,,,,,,,,,,,,,,,,,,,,,,,,,
endosome568J,initOrgProp,area,7539.822369,volume,50265.48246,xcoor,15.11972053,ycoor,30.26166093,pH,7.290379871,,,,,,,,,,,,,,,,,,,,,,
endosome568J,initRabContent,RabD,1002.805832,RabA,2992.548878,RabB,3544.467658,,,,,,,,,,,,,,,,,,,,,,,,,,
endosome568J,initMembraneContent,EEA1,2.98826876,exCxEn,5.01E-09,R-TfaEn,1.98E-39,oMHCIEn,0.003097975,membraneMarker,0,M6PR,2.909428075,cMHCIEn,0.012376383,R-TfEn,1.12E-39,pepMHCIEn,0,REn,3.43E-04,imCxEn,5.01E-09,,,,,,,,,,
endosome568J,initSolubleContent,povaEn,0,NH3Cy,0,protonEn,1.575668605,FeEn,0,NH3En,0,NH4En,0,ovaEn,0,TfaEn,1.49E-07,solubleMarker,0,mvb,0,bead2,0,bead3,0,bead4,0,TfEn,0,pepEn,0,bead1,0
endosome569a,initOrgProp,area,10022.49483,volume,84516.98504,xcoor,34.77772842,ycoor,0.700060509,pH,7.294590134,,,,,,,,,,,,,,,,,,,,,,
endosome569a,initRabContent,RabA,7015.746382,RabB,3006.748449,,,,,,,,,,,,,,,,,,,,,,,,,,,,
endosome569a,initMembraneContent,EEA1,1.474138761,R-TfaEn,5.46E-45,exCxEn,6.45E-12,oMHCIEn,5.35E-05,membraneMarker,0,M6PR,1.945551261,pepMHCIEn,0,R-TfEn,3.09E-45,cMHCIEn,4.21E-08,REn,9.47E-10,imCxEn,6.45E-12,,,,,,,,,,
endosome569a,initSolubleContent,povaEn,0,NH3Cy,0,protonEn,3.288978435,FeEn,0,NH3En,0,NH4En,0,ovaEn,0,solubleMarker,0,TfaEn,8.02E-08,bead2,0,mvb,0,bead3,0,bead4,0,TfEn,0,pepEn,0,bead1,0
endosome570p,initOrgProp,area,10022.49483,volume,75092.20708,xcoor,48.50839961,ycoor,6.014844884,pH,7.27476678,,,,,,,,,,,,,,,,,,,,,,
endosome570p,initRabContent,RabC,1539.455206,RabB,8483.039625,,,,,,,,,,,,,,,,,,,,,,,,,,,,
endosome570p,initMembraneContent,,,,,,,,,,,,,,,,,,,,,,,,,,,,,,,,
endosome570p,initSolubleContent,protonEn,2.988669842,,,,,,,,,,,,,,,,,,,,,,,,,,,,,,
endosome571Z,initOrgProp,area,14962.47582,volume,124492.017,xcoor,2.308155181,ycoor,45.54866565,pH,7.320275616,,,,,,,,,,,,,,,,,,,,,,
endosome571Z,initRabContent,RabC,14962.47582,,,,,,,,,,,,,,,,,,,,,,,,,,,,,,
endosome571Z,initMembraneContent,,,,,,,,,,,,,,,,,,,,,,,,,,,,,,,,
endosome571Z,initSolubleContent,protonEn,4.954782277,,,,,,,,,,,,,,,,,,,,,,,,,,,,,,
endosome572o,initOrgProp,area,13072.50248,volume,107430.2243,xcoor,3.015119161,ycoor,47.43364509,pH,7.317911293,,,,,,,,,,,,,,,,,,,,,,
endosome572o,initRabContent,RabC,2893.101669,RabB,10179.40081,,,,,,,,,,,,,,,,,,,,,,,,,,,,
endosome572o,initMembraneContent,EEA1,3.48E-05,exCxEn,3.75E-12,R-TfaEn,9.15E-41,oMHCIEn,5.09E-09,membraneMarker,0,M6PR,9.87E-05,cMHCIEn,6.58E-04,R-TfEn,5.19E-41,pepMHCIEn,0,REn,1.59E-05,imCxEn,3.75E-12,,,,,,,,,,
endosome572o,initSolubleContent,povaEn,0,NH3Cy,0,protonEn,4.166723129,FeEn,0,NH3En,0,NH4En,0,ovaEn,0,TfaEn,1.24E-08,solubleMarker,0,mvb,0,bead2,0,bead3,0,bead4,0,TfEn,0,pepEn,0,bead1,0
endosome573G,initOrgProp,area,9659.141461,volume,71458.67338,xcoor,9.870308416,ycoor,39.55194557,pH,7.269265334,,,,,,,,,,,,,,,,,,,,,,
endosome573G,initRabContent,RabC,772.7313169,RabB,8886.410144,,,,,,,,,,,,,,,,,,,,,,,,,,,,
endosome573G,initMembraneContent,,,,,,,,,,,,,,,,,,,,,,,,,,,,,,,,
endosome573G,initSolubleContent,protonEn,2.8440552,,,,,,,,,,,,,,,,,,,,,,,,,,,,,,
endosome574R,initOrgProp,area,12810.51646,volume,102972.4233,xcoor,4.869055026,ycoor,10.86791247,pH,7.305295338,,,,,,,,,,,,,,,,,,,,,,
endosome574R,initRabContent,RabC,3633.152653,RabB,9177.363803,,,,,,,,,,,,,,,,,,,,,,,,,,,,
endosome574R,initMembraneContent,,,,,,,,,,,,,,,,,,,,,,,,,,,,,,,,
endosome574R,initSolubleContent,protonEn,4.098302449,,,,,,,,,,,,,,,,,,,,,,,,,,,,,,
endosome575Y,initOrgProp,area,12230.00668,volume,102068.5571,xcoor,27.27701342,ycoor,21.42886896,pH,7.899767372,,,,,,,,,,,,,,,,,,,,,,
endosome575Y,initRabContent,RabB,0,RabC,12230.00668,,,,,,,,,,,,,,,,,,,,,,,,,,,,
endosome575Y,initMembraneContent,EEA1,0.014088837,exCxEn,7.57E-05,R-TfaEn,3.51E-39,oMHCIEn,0.011491846,membraneMarker,0,M6PR,0.005222117,cMHCIEn,0.016824642,R-TfEn,1.41E-39,pepMHCIEn,0,REn,5.06E-04,imCxEn,7.57E-05,,,,,,,,,,
endosome575Y,initSolubleContent,povaEn,0,NH3Cy,0,protonEn,0.285655476,FeEn,0,NH3En,0,NH4En,0,ovaEn,0,TfaEn,1.81E-08,solubleMarker,0,mvb,0,bead2,0,bead3,0,bead4,0,TfEn,0,pepEn,0,bead1,0
endosome576t,initOrgProp,area,11424.88944,volume,95585.35139,xcoor,26.90818416,ycoor,22.80511722,pH,7.869805629,,,,,,,,,,,,,,,,,,,,,,
endosome576t,initRabContent,RabC,2528.465133,RabB,8896.424312,,,,,,,,,,,,,,,,,,,,,,,,,,,,
endosome576t,initMembraneContent,EEA1,0.014905981,exCxEn,7.75E-05,R-TfaEn,3.32E-39,oMHCIEn,1.09E-05,membraneMarker,0,M6PR,0.005170651,cMHCIEn,0.015997615,R-TfEn,1.32E-39,pepMHCIEn,0,REn,4.76E-04,imCxEn,7.75E-05,,,,,,,,,,
endosome576t,initSolubleContent,povaEn,0,NH3Cy,0,protonEn,0.289988125,FeEn,0,NH3En,0,NH4En,0,ovaEn,0,TfaEn,1.76E-08,solubleMarker,0,mvb,0,bead2,0,bead3,0,bead4,0,TfEn,0,pepEn,0,bead1,0
endosome577J,initOrgProp,area,7539.822369,volume,50265.48246,xcoor,12.89954339,ycoor,39.51911334,pH,7.272984397,,,,,,,,,,,,,,,,,,,,,,
endosome577J,initRabContent,RabI,7539.822369,,,,,,,,,,,,,,,,,,,,,,,,,,,,,,
endosome577J,initMembraneContent,EEA1,7.33E-04,exCxEn,7.71E-05,R-TfaEn,6.86E-43,oMHCIEn,2.92E-06,membraneMarker,0,M6PR,0.003411062,cMHCIEn,3.68E-06,R-TfEn,3.63E-43,pepMHCIEn,0,REn,1.14E-07,imCxEn,7.71E-05,,,,,,,,,,
endosome577J,initSolubleContent,povaEn,0,NH3Cy,0,protonEn,1.680929903,FeEn,0,NH3En,0,NH4En,0,ovaEn,0,TfaEn,5.23E-09,solubleMarker,0,mvb,0,bead2,0,bead3,0,bead4,0,TfEn,0,pepEn,0,bead1,0
endosome578W,initOrgProp,area,12566.37061,volume,100530.9649,xcoor,23.52683226,ycoor,9.361364361,pH,7.999246421,,,,,,,,,,,,,,,,,,,,,,
endosome578W,initRabContent,RabA,8796.45943,RabB,3769.911184,,,,,,,,,,,,,,,,,,,,,,,,,,,,
endosome578W,initMembraneContent,EEA1,1.50728067,exCxEn,5.84E-10,R-TfaEn,3.37E-43,oMHCIEn,1.94E-06,membraneMarker,0,M6PR,0.066250548,cMHCIEn,2.65E-06,R-TfEn,1.91E-43,pepMHCIEn,0,REn,5.83E-08,imCxEn,5.84E-10,,,,,,,,,,
endosome578W,initSolubleContent,povaEn,0,NH3Cy,0,protonEn,0.007055557,FeEn,0,NH3En,0,NH4En,0,ovaEn,0,TfaEn,5.65E-10,solubleMarker,0,mvb,0,bead2,0,bead3,0,bead4,0,TfEn,0,pepEn,0,bead1,0
endosome579Z,initOrgProp,area,7539.822369,volume,50265.48246,xcoor,19.02209284,ycoor,7.515301083,pH,7.69640506,,,,,,,,,,,,,,,,,,,,,,
endosome579Z,initRabContent,RabC,1158.116716,RabB,6381.705653,,,,,,,,,,,,,,,,,,,,,,,,,,,,
endosome579Z,initMembraneContent,EEA1,0.002717105,exCxEn,3.22E-08,R-TfaEn,1.71E-40,oMHCIEn,8.20E-06,membraneMarker,0,M6PR,3.65E-04,cMHCIEn,0.001342941,R-TfEn,9.68E-41,pepMHCIEn,0,REn,2.96E-05,imCxEn,3.22E-08,,,,,,,,,,
endosome579Z,initSolubleContent,povaEn,0,NH3Cy,0,protonEn,0.011264578,FeEn,0,NH3En,0,NH4En,0,ovaEn,0,TfaEn,9.23E-10,solubleMarker,0,mvb,0,bead2,0,bead3,0,bead4,0,TfEn,0,pepEn,0,bead1,0
endosome580N,initOrgProp,area,7539.822369,volume,50265.48246,xcoor,28.77304563,ycoor,4.118431084,pH,7.69640506,,,,,,,,,,,,,,,,,,,,,,
endosome580N,initRabContent,RabD,1432.566483,RabA,6107.255886,,,,,,,,,,,,,,,,,,,,,,,,,,,,
endosome580N,initMembraneContent,EEA1,2.719822166,exCxEn,3.19E-10,R-TfaEn,1.71E-43,oMHCIEn,8.20E-06,membraneMarker,0,M6PR,0.182930839,cMHCIEn,1.34E-06,R-TfEn,9.67E-44,pepMHCIEn,0,REn,2.96E-08,imCxEn,3.19E-10,,,,,,,,,,
endosome580N,initSolubleContent,povaEn,0,NH3Cy,0,protonEn,0.011264578,FeEn,0,NH3En,0,NH4En,0,ovaEn,0,TfaEn,9.23E-10,solubleMarker,0,mvb,0,bead2,0,bead3,0,bead4,0,TfEn,0,pepEn,0,bead1,0
endosome581g,initOrgProp,area,7539.822369,volume,50265.48246,xcoor,29.04161112,ycoor,18.16242348,pH,7.227482399,,,,,,,,,,,,,,,,,,,,,,
endosome581g,initRabContent,RabD,2043.326071,RabA,5496.496298,,,,,,,,,,,,,,,,,,,,,,,,,,,,
endosome581g,initMembraneContent,EEA1,4.191155877,exCxEn,0,R-TfaEn,1.21E-41,oMHCIEn,3.07E-04,membraneMarker,0,M6PR,3.536023081,cMHCIEn,8.60E-05,R-TfEn,6.83E-42,pepMHCIEn,0,REn,2.09E-06,imCxEn,0,,,,,,,,,,
endosome581g,initSolubleContent,povaEn,0,NH3Cy,0,protonEn,1.977059102,FeEn,0,NH3En,0,NH4En,0,ovaEn,0,TfaEn,1.86E-07,solubleMarker,0,mvb,0,bead2,0,bead3,0,bead4,0,TfEn,0,pepEn,0,bead1,0
endosome582P,initOrgProp,area,10639.78892,volume,92907.60474,xcoor,23.0897915,ycoor,21.89789575,pH,7.927657489,,,,,,,,,,,,,,,,,,,,,,
endosome582P,initRabContent,RabA,2276.099576,RabB,5365.690888,RabC,2124.180157,RabD,873.8182984,,,,,,,,,,,,,,,,,,,,,,,,
endosome582P,initMembraneContent,EEA1,0.557977412,exCxEn,2.35E-07,R-TfaEn,2.89E-42,oMHCIEn,5.61E-06,membraneMarker,0,M6PR,0.08653983,cMHCIEn,1.61E-05,R-TfEn,1.46E-42,pepMHCIEn,0,REn,4.70E-07,imCxEn,2.35E-07,,,,,,,,,,
endosome582P,initSolubleContent,povaEn,0,NH3Cy,0,protonEn,0.097472823,FeEn,0,NH3En,0,NH4En,0,ovaEn,0,TfaEn,8.31E-09,solubleMarker,0,mvb,0,bead2,0,bead3,0,bead4,0,TfEn,0,pepEn,0,bead1,0
endosome583D,initOrgProp,area,14431.82693,volume,117432.6186,xcoor,25.11995518,ycoor,20.99884916,pH,7.870532148,,,,,,,,,,,,,,,,,,,,,,
endosome583D,initRabContent,RabC,3193.936481,RabB,11237.89045,,,,,,,,,,,,,,,,,,,,,,,,,,,,
endosome583D,initMembraneContent,EEA1,0.039231937,exCxEn,2.27E-04,R-TfaEn,8.02E-39,oMHCIEn,1.68E-05,membraneMarker,0,M6PR,0.012722701,cMHCIEn,0.0424496,R-TfEn,2.74E-39,pepMHCIEn,0,REn,0.00108551,imCxEn,2.27E-04,,,,,,,,,,
endosome583D,initSolubleContent,povaEn,0,NH3Cy,0,protonEn,0.582182574,FeEn,0,NH3En,0,NH4En,0,ovaEn,0,TfaEn,6.80E-08,solubleMarker,0,mvb,0,bead2,0,bead3,0,bead4,0,TfEn,0,pepEn,0,bead1,0
endosome584M,initOrgProp,area,9686.091722,volume,81436.882,xcoor,1.988923961,ycoor,48.51068606,pH,7.296773106,,,,,,,,,,,,,,,,,,,,,,
endosome584M,initRabContent,RabC,2747.043802,RabB,6939.047919,,,,,,,,,,,,,,,,,,,,,,,,,,,,
endosome584M,initMembraneContent,EEA1,4.59E-04,exCxEn,2.88E-12,R-TfaEn,4.88E-41,oMHCIEn,6.51E-09,membraneMarker,0,M6PR,9.28E-04,cMHCIEn,3.40E-04,R-TfEn,2.77E-41,pepMHCIEn,0,REn,8.46E-06,imCxEn,2.88E-12,,,,,,,,,,
endosome584M,initSolubleContent,povaEn,0,NH3Cy,0,protonEn,3.111951955,FeEn,0,NH3En,0,NH4En,0,ovaEn,0,TfaEn,9.28E-09,solubleMarker,0,mvb,0,bead2,0,bead3,0,bead4,0,TfEn,0,pepEn,0,bead1,0
endosome585v,initOrgProp,area,9686.091722,volume,81436.882,xcoor,2.996046362,ycoor,45.93352469,pH,7.296773106,,,,,,,,,,,,,,,,,,,,,,
endosome585v,initRabContent,RabC,2143.648331,RabB,7542.443391,,,,,,,,,,,,,,,,,,,,,,,,,,,,
endosome585v,initMembraneContent,EEA1,4.59E-04,exCxEn,2.88E-12,R-TfaEn,4.88E-41,oMHCIEn,6.51E-09,membraneMarker,0,M6PR,9.28E-04,cMHCIEn,3.40E-04,R-TfEn,2.77E-41,pepMHCIEn,0,REn,8.46E-06,imCxEn,2.88E-12,,,,,,,,,,
endosome585v,initSolubleContent,povaEn,0,NH3Cy,0,protonEn,3.111951955,FeEn,0,NH3En,0,NH4En,0,ovaEn,0,TfaEn,9.28E-09,solubleMarker,0,mvb,0,bead2,0,bead3,0,bead4,0,TfEn,0,pepEn,0,bead1,0
endosome586S,initOrgProp,area,9759.929101,volume,81453.91144,xcoor,27.17960238,ycoor,22.0883334,pH,7.821727005,,,,,,,,,,,,,,,,,,,,,,
endosome586S,initRabContent,RabC,9759.929101,,,,,,,,,,,,,,,,,,,,,,,,,,,,,,
endosome586S,initMembraneContent,EEA1,0.011243334,exCxEn,6.04E-05,R-TfaEn,2.80E-39,oMHCIEn,0.009170854,membraneMarker,0,M6PR,0.004167413,cMHCIEn,0.013426592,R-TfEn,1.13E-39,pepMHCIEn,0,REn,4.04E-04,imCxEn,6.04E-05,,,,,,,,,,
endosome586S,initSolubleContent,povaEn,0,NH3Cy,0,protonEn,0.227962033,FeEn,0,NH3En,0,NH4En,0,ovaEn,0,TfaEn,1.45E-08,solubleMarker,0,mvb,0,bead2,0,bead3,0,bead4,0,TfEn,0,pepEn,0,bead1,0
endosome587E,initOrgProp,area,9759.929101,volume,81453.91144,xcoor,26.79429582,ycoor,22.42665857,pH,7.821727005,,,,,,,,,,,,,,,,,,,,,,
endosome587E,initRabContent,RabC,9759.929101,,,,,,,,,,,,,,,,,,,,,,,,,,,,,,
endosome587E,initMembraneContent,EEA1,0.011243334,exCxEn,6.04E-05,R-TfaEn,2.80E-39,oMHCIEn,0.009170854,membraneMarker,0,M6PR,0.004167413,cMHCIEn,0.013426592,R-TfEn,1.13E-39,pepMHCIEn,0,REn,4.04E-04,imCxEn,6.04E-05,,,,,,,,,,
endosome587E,initSolubleContent,povaEn,0,NH3Cy,0,protonEn,0.227962033,FeEn,0,NH3En,0,NH4En,0,ovaEn,0,TfaEn,1.45E-08,solubleMarker,0,mvb,0,bead2,0,bead3,0,bead4,0,TfEn,0,pepEn,0,bead1,0
endosome588N,initOrgProp,area,9759.929101,volume,81453.91144,xcoor,26.31238768,ycoor,22.23429353,pH,7.821727005,,,,,,,,,,,,,,,,,,,,,,
endosome588N,initRabContent,RabC,9759.929101,,,,,,,,,,,,,,,,,,,,,,,,,,,,,,
endosome588N,initMembraneContent,EEA1,0.011243334,exCxEn,6.04E-05,R-TfaEn,2.80E-39,oMHCIEn,0.009170854,membraneMarker,0,M6PR,0.004167413,cMHCIEn,0.013426592,R-TfEn,1.13E-39,pepMHCIEn,0,REn,4.04E-04,imCxEn,6.04E-05,,,,,,,,,,
endosome588N,initSolubleContent,povaEn,0,NH3Cy,0,protonEn,0.227962033,FeEn,0,NH3En,0,NH4En,0,ovaEn,0,TfaEn,1.45E-08,solubleMarker,0,mvb,0,bead2,0,bead3,0,bead4,0,TfEn,0,pepEn,0,bead1,0
endosome589J,initOrgProp,area,12230.00668,volume,102068.5571,xcoor,27.11916211,ycoor,22.36034645,pH,7.899767372,,,,,,,,,,,,,,,,,,,,,,
endosome589J,initRabContent,RabC,12230.00668,,,,,,,,,,,,,,,,,,,,,,,,,,,,,,
endosome589J,initMembraneContent,EEA1,0.014088837,exCxEn,7.57E-05,R-TfaEn,3.51E-39,oMHCIEn,0.011491846,membraneMarker,0,M6PR,0.005222117,cMHCIEn,0.016824642,R-TfEn,1.41E-39,pepMHCIEn,0,REn,5.06E-04,imCxEn,7.57E-05,,,,,,,,,,
endosome589J,initSolubleContent,povaEn,0,NH3Cy,0,protonEn,0.285655476,FeEn,0,NH3En,0,NH4En,0,ovaEn,0,TfaEn,1.81E-08,solubleMarker,0,mvb,0,bead2,0,bead3,0,bead4,0,TfEn,0,pepEn,0,bead1,0
endosome590Q,initOrgProp,area,12566.37061,volume,100530.9649,xcoor,22.67353707,ycoor,23.51525807,pH,7.997768963,,,,,,,,,,,,,,,,,,,,,,
endosome590Q,initRabContent,RabC,12566.37061,,,,,,,,,,,,,,,,,,,,,,,,,,,,,,
endosome590Q,initMembraneContent,EEA1,0.002455897,exCxEn,9.01E-06,R-TfaEn,2.17E-39,oMHCIEn,0.010704121,membraneMarker,0,M6PR,1.07E-04,cMHCIEn,0.010938751,R-TfEn,1.10E-39,pepMHCIEn,0,REn,3.54E-04,imCxEn,9.01E-06,,,,,,,,,,
endosome590Q,initSolubleContent,povaEn,0,NH3Cy,0,protonEn,0.010487366,FeEn,0,NH3En,0,NH4En,0,ovaEn,0,TfaEn,7.59E-10,solubleMarker,0,mvb,0,bead2,0,bead3,0,bead4,0,TfEn,0,pepEn,0,bead1,0
endosome591N,initOrgProp,area,7539.822369,volume,50265.48246,xcoor,20.31704866,ycoor,23.94374852,pH,7.698998503,,,,,,,,,,,,,,,,,,,,,,
endosome591N,initRabContent,RabA,5277.875658,RabB,2261.946711,,,,,,,,,,,,,,,,,,,,,,,,,,,,
endosome591N,initMembraneContent,EEA1,1.475011695,exCxEn,5.35E-08,R-TfaEn,1.30E-42,oMHCIEn,6.42E-06,membraneMarker,0,M6PR,0.032240318,cMHCIEn,6.56E-06,R-TfEn,6.62E-43,pepMHCIEn,0,REn,2.12E-07,imCxEn,5.35E-08,,,,,,,,,,
endosome591N,initSolubleContent,povaEn,0,NH3Cy,0,protonEn,0.005243683,FeEn,0,NH3En,0,NH4En,0,ovaEn,0,TfaEn,3.79E-10,solubleMarker,0,mvb,0,bead2,0,bead3,0,bead4,0,TfEn,0,pepEn,0,bead1,0
endosome592E,initOrgProp,area,12566.37061,volume,100530.9649,xcoor,27.15141976,ycoor,46.4740285,pH,7.303231498,,,,,,,,,,,,,,,,,,,,,,
endosome592E,initRabContent,RabC,12566.37061,,,,,,,,,,,,,,,,,,,,,,,,,,,,,,
endosome592E,initMembraneContent,,,,,,,,,,,,,,,,,,,,,,,,,,,,,,,,
endosome592E,initSolubleContent,protonEn,4.001132404,,,,,,,,,,,,,,,,,,,,,,,,,,,,,,
endosome593O,initOrgProp,area,7539.822369,volume,50265.48246,xcoor,45.86797731,ycoor,49.28854382,pH,7.224066642,,,,,,,,,,,,,,,,,,,,,,
endosome593O,initRabContent,RabC,2968.013366,RabB,4571.809002,,,,,,,,,,,,,,,,,,,,,,,,,,,,
endosome593O,initMembraneContent,,,,,,,,,,,,,,,,,,,,,,,,,,,,,,,,
endosome593O,initSolubleContent,protonEn,2.000566202,,,,,,,,,,,,,,,,,,,,,,,,,,,,,,
endosome594b,initOrgProp,area,12566.37061,volume,100530.9649,xcoor,8.549935974,ycoor,35.74064848,pH,7.303231498,,,,,,,,,,,,,,,,,,,,,,
endosome594b,initRabContent,RabC,1930.194526,RabB,10636.17609,,,,,,,,,,,,,,,,,,,,,,,,,,,,
endosome594b,initMembraneContent,,,,,,,,,,,,,,,,,,,,,,,,,,,,,,,,
endosome594b,initSolubleContent,protonEn,4.001132404,,,,,,,,,,,,,,,,,,,,,,,,,,,,,,
endosome595D,initOrgProp,area,7539.822369,volume,50265.48246,xcoor,1.804701835,ycoor,45.3049233,pH,7.224066642,,,,,,,,,,,,,,,,,,,,,,
endosome595D,initRabContent,RabC,1158.116716,RabB,6381.705653,,,,,,,,,,,,,,,,,,,,,,,,,,,,
endosome595D,initMembraneContent,,,,,,,,,,,,,,,,,,,,,,,,,,,,,,,,
endosome595D,initSolubleContent,protonEn,2.000566202,,,,,,,,,,,,,,,,,,,,,,,,,,,,,,
endosome596c,initOrgProp,area,7539.822369,volume,50265.48246,xcoor,39.13677289,ycoor,45.08488151,pH,7.224066642,,,,,,,,,,,,,,,,,,,,,,
endosome596c,initRabContent,RabC,603.1857895,RabB,6936.636579,,,,,,,,,,,,,,,,,,,,,,,,,,,,
endosome596c,initMembraneContent,,,,,,,,,,,,,,,,,,,,,,,,,,,,,,,,
endosome596c,initSolubleContent,protonEn,2.000566202,,,,,,,,,,,,,,,,,,,,,,,,,,,,,,
endosome597N,initOrgProp,area,27710.6839,volume,320499.3692,xcoor,39.22626791,ycoor,44.81859744,pH,7.60694831,,,,,,,,,,,,,,,,,,,,,,
endosome597N,initRabContent,RabA,14702.65336,RabB,6534.512719,RabC,4839.889381,RabD,1633.628434,,,,,,,,,,,,,,,,,,,,,,,,
endosome597N,initMembraneContent,EEA1,4.219795214,exCxEn,9.96E-06,R-TfaEn,4.50E-39,oMHCIEn,0.004446132,membraneMarker,0,M6PR,3.387493921,cMHCIEn,0.032076587,R-TfEn,2.49E-39,pepMHCIEn,0,REn,7.70E-04,imCxEn,9.96E-06,,,,,,,,,,
endosome597N,initSolubleContent,povaEn,0,NH3Cy,0,protonEn,6.922803216,FeEn,0,NH3En,0,NH4En,0,ovaEn,0,TfaEn,4.55E-07,solubleMarker,0,mvb,0,bead2,0,bead3,0,bead4,0,TfEn,0,pepEn,0,bead1,0
endosome598d,initOrgProp,area,11309.73355,volume,87964.5943,xcoor,49.43775855,ycoor,44.55132905,pH,7.290999774,,,,,,,,,,,,,,,,,,,,,,
endosome598d,initRabContent,RabB,11309.73355,,,,,,,,,,,,,,,,,,,,,,,,,,,,,,
endosome598d,initMembraneContent,,,,,,,,,,,,,,,,,,,,,,,,,,,,,,,,
endosome598d,initSolubleContent,protonEn,3.500990853,,,,,,,,,,,,,,,,,,,,,,,,,,,,,,
endosome599O,initOrgProp,area,13201.39655,volume,103142.8813,xcoor,28.82574455,ycoor,20.44003794,pH,7.622339298,,,,,,,,,,,,,,,,,,,,,,
endosome599O,initRabContent,RabC,13201.39655,,,,,,,,,,,,,,,,,,,,,,,,,,,,,,
endosome599O,initMembraneContent,EEA1,5.81E-04,exCxEn,1.39E-05,R-TfaEn,1.63E-39,oMHCIEn,0.005733955,membraneMarker,0,M6PR,7.71E-04,cMHCIEn,0.008025165,R-TfEn,7.39E-40,pepMHCIEn,0,REn,2.50E-04,imCxEn,1.39E-05,,,,,,,,,,
endosome599O,initSolubleContent,povaEn,0,NH3Cy,0,protonEn,1.460933969,FeEn,0,NH3En,0,NH4En,0,ovaEn,0,TfaEn,2.38E-09,solubleMarker,0,mvb,0,bead2,0,bead3,0,bead4,0,TfEn,0,pepEn,0,bead1,0
endosome600p,initOrgProp,area,13201.39655,volume,103142.8813,xcoor,29.48244244,ycoor,21.75301537,pH,7.622339298,,,,,,,,,,,,,,,,,,,,,,
endosome600p,initRabContent,RabC,13201.39655,,,,,,,,,,,,,,,,,,,,,,,,,,,,,,
endosome600p,initMembraneContent,EEA1,5.81E-04,exCxEn,1.39E-05,R-TfaEn,1.63E-39,oMHCIEn,0.005733955,membraneMarker,0,M6PR,7.71E-04,cMHCIEn,0.008025165,R-TfEn,7.39E-40,pepMHCIEn,0,REn,2.50E-04,imCxEn,1.39E-05,,,,,,,,,,
endosome600p,initSolubleContent,povaEn,0,NH3Cy,0,protonEn,1.460933969,FeEn,0,NH3En,0,NH4En,0,ovaEn,0,TfaEn,2.38E-09,solubleMarker,0,mvb,0,bead2,0,bead3,0,bead4,0,TfEn,0,pepEn,0,bead1,0
endosome601i,initOrgProp,area,7539.822369,volume,50265.48246,xcoor,19.62566343,ycoor,43.04695185,pH,7.224066642,,,,,,,,,,,,,,,,,,,,,,
endosome601i,initRabContent,RabC,7539.822369,,,,,,,,,,,,,,,,,,,,,,,,,,,,,,
endosome601i,initMembraneContent,,,,,,,,,,,,,,,,,,,,,,,,,,,,,,,,
endosome601i,initSolubleContent,protonEn,2.000566202,,,,,,,,,,,,,,,,,,,,,,,,,,,,,,
endosome602B,initOrgProp,area,7539.822369,volume,50265.48246,xcoor,49.43868048,ycoor,9.951075723,pH,7.224066642,,,,,,,,,,,,,,,,,,,,,,
endosome602B,initRabContent,RabC,1668.653168,RabB,5871.169201,,,,,,,,,,,,,,,,,,,,,,,,,,,,
endosome602B,initMembraneContent,,,,,,,,,,,,,,,,,,,,,,,,,,,,,,,,
endosome602B,initSolubleContent,protonEn,2.000566202,,,,,,,,,,,,,,,,,,,,,,,,,,,,,,
endosome603t,initOrgProp,area,7539.822369,volume,50265.48246,xcoor,49.57657785,ycoor,9.313925327,pH,7.224066642,,,,,,,,,,,,,,,,,,,,,,
endosome603t,initRabContent,RabC,1668.653168,RabB,5871.169201,,,,,,,,,,,,,,,,,,,,,,,,,,,,
endosome603t,initMembraneContent,,,,,,,,,,,,,,,,,,,,,,,,,,,,,,,,
endosome603t,initSolubleContent,protonEn,2.000566202,,,,,,,,,,,,,,,,,,,,,,,,,,,,,,
endosome604g,initOrgProp,area,14232.93513,volume,113106.1249,xcoor,27.18291787,ycoor,21.08536462,pH,7.949936584,,,,,,,,,,,,,,,,,,,,,,
endosome604g,initRabContent,RabE,6031.857895,RabF,1507.964474,RabB,6693.112762,RabC,0,,,,,,,,,,,,,,,,,,,,,,,,
endosome604g,initMembraneContent,EEA1,0.011972781,exCxEn,5.85E-05,R-TfaEn,1.99E-39,oMHCIEn,9.66E-06,membraneMarker,0,M6PR,0.016403408,cMHCIEn,0.009491628,R-TfEn,7.93E-40,pepMHCIEn,0,REn,2.86E-04,imCxEn,5.85E-05,,,,,,,,,,
endosome604g,initSolubleContent,povaEn,0,NH3Cy,0,protonEn,0.269256919,FeEn,0,NH3En,0,NH4En,0,ovaEn,0,TfaEn,1.63E-08,solubleMarker,0,mvb,0,bead2,0,bead3,0,bead4,0,TfEn,0,pepEn,0,bead1,0
endosome605y,initOrgProp,area,8108.34895,volume,65453.53303,xcoor,27.77163806,ycoor,22.35803281,pH,7.745896893,,,,,,,,,,,,,,,,,,,,,,
endosome605y,initRabContent,RabB,8108.34895,,,,,,,,,,,,,,,,,,,,,,,,,,,,,,
endosome605y,initMembraneContent,EEA1,0.007294405,exCxEn,7.02E-05,R-TfaEn,2.41E-39,oMHCIEn,5.50E-06,membraneMarker,0,M6PR,0.003128645,cMHCIEn,0.011485179,R-TfEn,9.60E-40,pepMHCIEn,0,REn,3.46E-04,imCxEn,7.02E-05,,,,,,,,,,
endosome605y,initSolubleContent,povaEn,0,NH3Cy,0,protonEn,0.174995492,FeEn,0,NH3En,0,NH4En,0,ovaEn,0,TfaEn,1.10E-08,solubleMarker,0,mvb,0,bead2,0,bead3,0,bead4,0,TfEn,0,pepEn,0,bead1,0
endosome606T,initOrgProp,area,7539.822369,volume,50265.48246,xcoor,27.67131541,ycoor,23.36848355,pH,7.697591847,,,,,,,,,,,,,,,,,,,,,,
endosome606T,initRabContent,RabC,7539.822369,,,,,,,,,,,,,,,,,,,,,,,,,,,,,,
endosome606T,initMembraneContent,EEA1,0.001925284,exCxEn,8.11E-06,R-TfaEn,6.47E-40,oMHCIEn,3.85E-05,membraneMarker,0,M6PR,5.22E-04,cMHCIEn,0.003077851,R-TfEn,3.01E-40,pepMHCIEn,0,REn,1.01E-04,imCxEn,8.11E-06,,,,,,,,,,
endosome606T,initSolubleContent,povaEn,0,NH3Cy,0,protonEn,0.008504889,FeEn,0,NH3En,0,NH4En,0,ovaEn,0,TfaEn,5.58E-10,solubleMarker,0,mvb,0,bead2,0,bead3,0,bead4,0,TfEn,0,pepEn,0,bead1,0
endosome607l,initOrgProp,area,15296.41305,volume,127831.3893,xcoor,40.28809673,ycoor,2.23545702,pH,7.32218503,,,,,,,,,,,,,,,,,,,,,,
endosome607l,initRabContent,RabC,2349.529045,RabB,12946.88401,,,,,,,,,,,,,,,,,,,,,,,,,,,,
endosome607l,initMembraneContent,,,,,,,,,,,,,,,,,,,,,,,,,,,,,,,,
endosome607l,initSolubleContent,protonEn,5.087689294,,,,,,,,,,,,,,,,,,,,,,,,,,,,,,
endosome608I,initOrgProp,area,15296.41305,volume,127831.3893,xcoor,34.23053879,ycoor,9.78601561,pH,7.32218503,,,,,,,,,,,,,,,,,,,,,,
endosome608I,initRabContent,RabC,1223.713044,RabB,14072.70001,,,,,,,,,,,,,,,,,,,,,,,,,,,,
endosome608I,initMembraneContent,,,,,,,,,,,,,,,,,,,,,,,,,,,,,,,,
endosome608I,initSolubleContent,protonEn,5.087689294,,,,,,,,,,,,,,,,,,,,,,,,,,,,,,
endosome609c,initOrgProp,area,15296.41305,volume,127831.3893,xcoor,42.76239761,ycoor,0.621499946,pH,7.32218503,,,,,,,,,,,,,,,,,,,,,,
endosome609c,initRabContent,RabB,15296.41305,,,,,,,,,,,,,,,,,,,,,,,,,,,,,,
endosome609c,initMembraneContent,,,,,,,,,,,,,,,,,,,,,,,,,,,,,,,,
endosome609c,initSolubleContent,protonEn,5.087689294,,,,,,,,,,,,,,,,,,,,,,,,,,,,,,
endosome610W,initOrgProp,area,7539.822369,volume,50265.48246,xcoor,48.33538371,ycoor,0.628162137,pH,7.224066642,,,,,,,,,,,,,,,,,,,,,,
endosome610W,initRabContent,RabC,1158.116716,RabB,6381.705653,,,,,,,,,,,,,,,,,,,,,,,,,,,,
endosome610W,initMembraneContent,,,,,,,,,,,,,,,,,,,,,,,,,,,,,,,,
endosome610W,initSolubleContent,protonEn,2.000566202,,,,,,,,,,,,,,,,,,,,,,,,,,,,,,
endosome611J,initOrgProp,area,7539.822369,volume,50265.48246,xcoor,47.37404457,ycoor,1.312989588,pH,7.224066642,,,,,,,,,,,,,,,,,,,,,,
endosome611J,initRabContent,RabC,1158.116716,RabB,6381.705653,,,,,,,,,,,,,,,,,,,,,,,,,,,,
endosome611J,initMembraneContent,,,,,,,,,,,,,,,,,,,,,,,,,,,,,,,,
endosome611J,initSolubleContent,protonEn,2.000566202,,,,,,,,,,,,,,,,,,,,,,,,,,,,,,
endosome612V,initOrgProp,area,7539.822369,volume,50265.48246,xcoor,48.93263887,ycoor,17.86005023,pH,7.231935888,,,,,,,,,,,,,,,,,,,,,,
endosome612V,initRabContent,RabA,7539.822369,,,,,,,,,,,,,,,,,,,,,,,,,,,,,,
endosome612V,initMembraneContent,EEA1,0.263324756,R-TfaEn,3.42E-43,exCxEn,8.38E-12,oMHCIEn,7.39E-06,membraneMarker,0,M6PR,0.542726786,pepMHCIEn,0,R-TfEn,1.94E-43,cMHCIEn,2.41E-06,REn,5.93E-08,imCxEn,8.38E-12,,,,,,,,,,
endosome612V,initSolubleContent,povaEn,0,NH3Cy,0,protonEn,1.946686729,FeEn,0,NH3En,0,NH4En,0,ovaEn,0,solubleMarker,0,TfaEn,3.15E-08,bead2,0,mvb,0,bead3,0,bead4,0,TfEn,0,pepEn,0,bead1,0
endosome613O,initOrgProp,area,7539.822369,volume,50265.48246,xcoor,27.53259619,ycoor,18.45710921,pH,7.694637566,,,,,,,,,,,,,,,,,,,,,,
endosome613O,initRabContent,RabD,527.787658,RabA,4750.088,RabB,2261.946711,,,,,,,,,,,,,,,,,,,,,,,,,,
endosome613O,initMembraneContent,EEA1,0.908317572,exCxEn,4.17E-10,R-TfaEn,2.04E-42,oMHCIEn,5.75E-05,membraneMarker,0,M6PR,0.056995643,R-TfEn,1.15E-42,cMHCIEn,1.58E-05,pepMHCIEn,0,REn,3.53E-07,imCxEn,4.17E-10,,,,,,,,,,
endosome613O,initSolubleContent,povaEn,0,NH3Cy,0,protonEn,0.015388614,FeEn,0,NH3En,0,NH4En,0,ovaEn,0,TfaEn,1.45E-09,solubleMarker,0,bead2,0,mvb,0,bead3,0,bead4,0,TfEn,0,pepEn,0,bead1,0
endosome614u,initOrgProp,area,12566.37061,volume,100530.9649,xcoor,27.36579245,ycoor,17.90230984,pH,7.989135035,,,,,,,,,,,,,,,,,,,,,,
endosome614u,initRabContent,RabA,5026.548246,RabB,7539.822369,,,,,,,,,,,,,,,,,,,,,,,,,,,,
endosome614u,initMembraneContent,EEA1,0.606452458,exCxEn,4.24E-08,R-TfaEn,2.04E-39,oMHCIEn,9.59E-05,membraneMarker,0,M6PR,0.038110859,R-TfEn,1.15E-39,cMHCIEn,0.015861568,pepMHCIEn,0,REn,3.53E-04,imCxEn,4.24E-08,,,,,,,,,,
endosome614u,initSolubleContent,povaEn,0,NH3Cy,0,protonEn,0.030777229,FeEn,0,NH3En,0,NH4En,0,ovaEn,0,TfaEn,2.91E-09,solubleMarker,0,bead2,0,mvb,0,bead3,0,bead4,0,TfEn,0,pepEn,0,bead1,0
endosome615m,initOrgProp,area,9406.347319,volume,76784.71359,xcoor,21.52019734,ycoor,38.73061064,pH,7.395333651,,,,,,,,,,,,,,,,,,,,,,
endosome615m,initRabContent,RabC,9406.347319,,,,,,,,,,,,,,,,,,,,,,,,,,,,,,
endosome615m,initMembraneContent,EEA1,3.69E-04,exCxEn,3.51E-06,R-TfaEn,7.52E-40,oMHCIEn,0.004005723,membraneMarker,0,M6PR,7.52E-04,cMHCIEn,0.003971264,R-TfEn,3.93E-40,pepMHCIEn,0,REn,1.25E-04,imCxEn,3.51E-06,,,,,,,,,,
endosome615m,initSolubleContent,povaEn,0,NH3Cy,0,protonEn,2.089876476,FeEn,0,NH3En,0,NH4En,0,ovaEn,0,TfaEn,4.17E-09,solubleMarker,0,mvb,0,bead2,0,bead3,0,bead4,0,TfEn,0,pepEn,0,bead1,0
endosome616B,initOrgProp,area,15142.47659,volume,126292.0247,xcoor,46.06161838,ycoor,49.47516596,pH,7.321316344,,,,,,,,,,,,,,,,,,,,,,
endosome616B,initRabContent,RabA,7419.813529,RabB,7722.663061,,,,,,,,,,,,,,,,,,,,,,,,,,,,
endosome616B,initMembraneContent,,,,,,,,,,,,,,,,,,,,,,,,,,,,,,,,
endosome616B,initSolubleContent,protonEn,5.026422582,,,,,,,,,,,,,,,,,,,,,,,,,,,,,,
endosome617N,initOrgProp,area,7539.822369,volume,50265.48246,xcoor,28.5486829,ycoor,18.25672708,pH,7.697717128,,,,,,,,,,,,,,,,,,,,,,
endosome617N,initRabContent,RabE,7539.822369,,,,,,,,,,,,,,,,,,,,,,,,,,,,,,
endosome617N,initMembraneContent,EEA1,5.43E-06,exCxEn,5.13E-10,R-TfaEn,1.48E-45,oMHCIEn,4.85E-09,membraneMarker,0,M6PR,0.013532676,cMHCIEn,9.62E-09,R-TfEn,8.05E-46,pepMHCIEn,0,REn,2.50E-10,imCxEn,5.13E-10,,,,,,,,,,
endosome617N,initSolubleContent,povaEn,0,NH3Cy,0,protonEn,0.008214008,FeEn,0,NH3En,0,NH4En,0,ovaEn,0,TfaEn,2.69E-11,solubleMarker,0,mvb,0,bead2,0,bead3,0,bead4,0,TfEn,0,pepEn,0,bead1,0
endosome618u,initOrgProp,area,8649.875735,volume,68738.73282,xcoor,27.56687521,ycoor,22.41596515,pH,7.771383893,,,,,,,,,,,,,,,,,,,,,,
endosome618u,initRabContent,RabC,8649.875735,,,,,,,,,,,,,,,,,,,,,,,,,,,,,,
endosome618u,initMembraneContent,EEA1,0.007276297,exCxEn,7.48E-05,R-TfaEn,2.57E-39,oMHCIEn,0.005873917,membraneMarker,0,M6PR,2.35E-05,cMHCIEn,0.012252761,R-TfEn,1.02E-39,pepMHCIEn,0,REn,3.69E-04,imCxEn,7.48E-05,,,,,,,,,,
endosome618u,initSolubleContent,povaEn,0,NH3Cy,0,protonEn,0.163637287,FeEn,0,NH3En,0,NH4En,0,ovaEn,0,TfaEn,9.90E-09,solubleMarker,0,mvb,0,bead2,0,bead3,0,bead4,0,TfEn,0,pepEn,0,bead1,0
endosome619n,initOrgProp,area,8649.875735,volume,68738.73282,xcoor,28.0584338,ycoor,20.89306591,pH,7.771383893,,,,,,,,,,,,,,,,,,,,,,
endosome619n,initRabContent,RabC,8649.875735,,,,,,,,,,,,,,,,,,,,,,,,,,,,,,
endosome619n,initMembraneContent,EEA1,0.007276297,exCxEn,7.48E-05,R-TfaEn,2.57E-39,oMHCIEn,0.005873917,membraneMarker,0,M6PR,2.35E-05,cMHCIEn,0.012252761,R-TfEn,1.02E-39,pepMHCIEn,0,REn,3.69E-04,imCxEn,7.48E-05,,,,,,,,,,
endosome619n,initSolubleContent,povaEn,0,NH3Cy,0,protonEn,0.163637287,FeEn,0,NH3En,0,NH4En,0,ovaEn,0,TfaEn,9.90E-09,solubleMarker,0,mvb,0,bead2,0,bead3,0,bead4,0,TfEn,0,pepEn,0,bead1,0
endosome620y,initOrgProp,area,7539.822369,volume,50265.48246,xcoor,25.84329407,ycoor,18.59972479,pH,7.683909959,,,,,,,,,,,,,,,,,,,,,,
endosome620y,initRabContent,RabI,1507.964474,RabG,965.0972632,RabH,1206.371579,RabF,3860.389053,,,,,,,,,,,,,,,,,,,,,,,,
endosome620y,initMembraneContent,EEA1,0.001328703,exCxEn,3.56E-04,R-TfaEn,2.70E-42,oMHCIEn,8.04E-06,membraneMarker,0,M6PR,6.65E-04,cMHCIEn,1.38E-05,R-TfEn,9.77E-43,pepMHCIEn,0,REn,3.73E-07,imCxEn,3.56E-04,,,,,,,,,,
endosome620y,initSolubleContent,povaEn,0,NH3Cy,0,protonEn,0.040782296,FeEn,0,NH3En,0,NH4En,0,ovaEn,0,TfaEn,1.64E-09,solubleMarker,0,mvb,0,bead2,0,bead3,0,bead4,0,TfEn,0,pepEn,0,bead1,0
endosome621q,initOrgProp,area,12566.37061,volume,100530.9649,xcoor,25.20621387,ycoor,19.94858774,pH,7.96824739,,,,,,,,,,,,,,,,,,,,,,
endosome621q,initRabContent,RabG,2513.274123,RabE,8042.477193,RabF,2010.619298,,,,,,,,,,,,,,,,,,,,,,,,,,
endosome621q,initMembraneContent,EEA1,0.002214505,exCxEn,5.94E-07,R-TfaEn,4.49E-42,oMHCIEn,1.34E-05,membraneMarker,0,M6PR,0.001109087,cMHCIEn,2.30E-05,R-TfEn,1.63E-42,pepMHCIEn,0,REn,6.22E-07,imCxEn,5.94E-07,,,,,,,,,,
endosome621q,initSolubleContent,povaEn,0,NH3Cy,0,protonEn,0.081564593,FeEn,0,NH3En,0,NH4En,0,ovaEn,0,TfaEn,3.27E-09,solubleMarker,0,mvb,0,bead2,0,bead3,0,bead4,0,TfEn,0,pepEn,0,bead1,0
endosome622o,initOrgProp,area,7539.822369,volume,50265.48246,xcoor,0.542372466,ycoor,9.400712468,pH,7.224066642,,,,,,,,,,,,,,,,,,,,,,
endosome622o,initRabContent,RabA,3694.512961,RabB,3845.309408,,,,,,,,,,,,,,,,,,,,,,,,,,,,
endosome622o,initMembraneContent,,,,,,,,,,,,,,,,,,,,,,,,,,,,,,,,
endosome622o,initSolubleContent,protonEn,2.000566202,,,,,,,,,,,,,,,,,,,,,,,,,,,,,,
endosome623D,initOrgProp,area,13430.30859,volume,116238.9282,xcoor,22.06717104,ycoor,38.49547874,pH,7.59994743,,,,,,,,,,,,,,,,,,,,,,
endosome623D,initRabContent,RabC,13430.30859,,,,,,,,,,,,,,,,,,,,,,,,,,,,,,
endosome623D,initMembraneContent,EEA1,0.003502874,exCxEn,2.32E-05,R-TfaEn,3.48E-39,oMHCIEn,0.01406972,membraneMarker,0,M6PR,0.003736985,cMHCIEn,0.019624153,R-TfEn,1.85E-39,pepMHCIEn,0,REn,5.82E-04,imCxEn,2.32E-05,,,,,,,,,,
endosome623D,initSolubleContent,povaEn,0,NH3Cy,0,protonEn,1.920143318,FeEn,0,NH3En,0,NH4En,0,ovaEn,0,TfaEn,5.94E-08,solubleMarker,0,mvb,0,bead2,0,bead3,0,bead4,0,TfEn,0,pepEn,0,bead1,0
endosome624Y,initOrgProp,area,7539.822369,volume,50265.48246,xcoor,41.15576232,ycoor,46.38791292,pH,7.249586214,,,,,,,,,,,,,,,,,,,,,,
endosome624Y,initRabContent,RabD,527.7954659,RabA,4750.080192,RabB,2261.946711,,,,,,,,,,,,,,,,,,,,,,,,,,
endosome624Y,initMembraneContent,EEA1,1.54447887,exCxEn,2.05E-10,R-TfaEn,7.06E-42,oMHCIEn,0.003230739,membraneMarker,0,M6PR,2.793499705,cMHCIEn,5.72E-05,R-TfEn,3.99E-42,pepMHCIEn,0,REn,1.22E-06,imCxEn,2.05E-10,,,,,,,,,,
endosome624Y,initSolubleContent,povaEn,0,NH3Cy,0,protonEn,1.829330241,FeEn,0,NH3En,0,NH4En,0,ovaEn,0,TfaEn,1.71E-07,solubleMarker,0,mvb,0,bead2,0,bead3,0,bead4,0,TfEn,0,pepEn,0,bead1,0
endosome625r,initOrgProp,area,7539.822369,volume,50265.48246,xcoor,29.6381848,ycoor,5.502049395,pH,7.224066642,,,,,,,,,,,,,,,,,,,,,,
endosome625r,initRabContent,RabC,1668.653168,RabB,5871.169201,,,,,,,,,,,,,,,,,,,,,,,,,,,,
endosome625r,initMembraneContent,,,,,,,,,,,,,,,,,,,,,,,,,,,,,,,,
endosome625r,initSolubleContent,protonEn,2.000566202,,,,,,,,,,,,,,,,,,,,,,,,,,,,,,
endosome626d,initOrgProp,area,7539.822369,volume,50265.48246,xcoor,27.54239683,ycoor,1.975805374,pH,7.226983425,,,,,,,,,,,,,,,,,,,,,,
endosome626d,initRabContent,RabD,527.7974695,RabA,4750.078189,RabB,2261.946711,,,,,,,,,,,,,,,,,,,,,,,,,,
endosome626d,initMembraneContent,EEA1,1.41355095,exCxEn,0,R-TfaEn,6.21E-42,oMHCIEn,0.004059117,membraneMarker,0,M6PR,3.787732232,cMHCIEn,4.64E-05,R-TfEn,3.51E-42,pepMHCIEn,0,REn,1.08E-06,imCxEn,0,,,,,,,,,,
endosome626d,initSolubleContent,povaEn,0,NH3Cy,0,protonEn,1.980481499,FeEn,0,NH3En,0,NH4En,0,ovaEn,0,TfaEn,1.87E-07,solubleMarker,0,mvb,0,bead2,0,bead3,0,bead4,0,TfEn,0,pepEn,0,bead1,0
endosome627O,initOrgProp,area,13099.41455,volume,110144.4704,xcoor,25.65874561,ycoor,21.72533576,pH,7.91454363,,,,,,,,,,,,,,,,,,,,,,
endosome627O,initRabContent,RabC,13099.41455,,,,,,,,,,,,,,,,,,,,,,,,,,,,,,
endosome627O,initMembraneContent,EEA1,0.025201554,exCxEn,1.07E-04,R-TfaEn,4.54E-39,oMHCIEn,0.013302461,membraneMarker,0,M6PR,0.005694845,cMHCIEn,0.02285829,R-TfEn,1.65E-39,pepMHCIEn,0,REn,6.28E-04,imCxEn,1.07E-04,,,,,,,,,,
endosome627O,initSolubleContent,povaEn,0,NH3Cy,0,protonEn,0.340970021,FeEn,0,NH3En,0,NH4En,0,ovaEn,0,TfaEn,2.58E-08,solubleMarker,0,mvb,0,bead2,0,bead3,0,bead4,0,TfEn,0,pepEn,0,bead1,0
endosome628H,initOrgProp,area,7539.822369,volume,50265.48246,xcoor,36.1096124,ycoor,7.957303883,pH,7.234230871,,,,,,,,,,,,,,,,,,,,,,
endosome628H,initRabContent,RabA,7539.822369,,,,,,,,,,,,,,,,,,,,,,,,,,,,,,
endosome628H,initMembraneContent,EEA1,2.054531954,exCxEn,8.81E-12,R-TfaEn,1.00E-39,oMHCIEn,0.00291425,membraneMarker,0,M6PR,2.967467019,cMHCIEn,0.007934358,R-TfEn,5.68E-40,pepMHCIEn,0,REn,1.74E-04,imCxEn,8.81E-12,,,,,,,,,,
endosome628H,initSolubleContent,povaEn,0,NH3Cy,0,protonEn,1.931156349,FeEn,0,NH3En,0,NH4En,0,ovaEn,0,TfaEn,1.75E-07,solubleMarker,0,mvb,0,bead2,0,bead3,0,bead4,0,TfEn,0,pepEn,0,bead1,0
endosome629Z,initOrgProp,area,8796.45943,volume,71574.38926,xcoor,32.9046186,ycoor,15.92990692,pH,7.285362369,,,,,,,,,,,,,,,,,,,,,,
endosome629Z,initRabContent,RabC,8796.45943,,,,,,,,,,,,,,,,,,,,,,,,,,,,,,
endosome629Z,initMembraneContent,EEA1,0.002319412,exCxEn,2.00E-09,R-TfaEn,1.16E-39,oMHCIEn,0.019050155,membraneMarker,0,M6PR,0.006910627,cMHCIEn,0.008204147,R-TfEn,6.59E-40,pepMHCIEn,0,REn,2.02E-04,imCxEn,2.00E-09,,,,,,,,,,
endosome629Z,initSolubleContent,povaEn,0,NH3Cy,0,protonEn,2.710182582,FeEn,0,NH3En,0,NH4En,0,ovaEn,0,TfaEn,1.24E-07,solubleMarker,0,mvb,0,bead2,0,bead3,0,bead4,0,TfEn,0,pepEn,0,bead1,0
endosome630f,initOrgProp,area,8796.45943,volume,71574.38926,xcoor,27.52909869,ycoor,17.14248054,pH,7.285362369,,,,,,,,,,,,,,,,,,,,,,
endosome630f,initRabContent,RabC,8796.45943,,,,,,,,,,,,,,,,,,,,,,,,,,,,,,
endosome630f,initMembraneContent,EEA1,0.002319412,exCxEn,2.00E-09,R-TfaEn,1.16E-39,oMHCIEn,0.019050155,membraneMarker,0,M6PR,0.006910627,cMHCIEn,0.008204147,R-TfEn,6.59E-40,pepMHCIEn,0,REn,2.02E-04,imCxEn,2.00E-09,,,,,,,,,,
endosome630f,initSolubleContent,povaEn,0,NH3Cy,0,protonEn,2.710182582,FeEn,0,NH3En,0,NH4En,0,ovaEn,0,TfaEn,1.24E-07,solubleMarker,0,mvb,0,bead2,0,bead3,0,bead4,0,TfEn,0,pepEn,0,bead1,0
endosome631E,initOrgProp,area,9032.078879,volume,65188.04756,xcoor,38.40340166,ycoor,8.75533424,pH,7.258531384,,,,,,,,,,,,,,,,,,,,,,
endosome631E,initRabContent,RabC,1387.327316,RabB,7644.751563,,,,,,,,,,,,,,,,,,,,,,,,,,,,
endosome631E,initMembraneContent,,,,,,,,,,,,,,,,,,,,,,,,,,,,,,,,
endosome631E,initSolubleContent,protonEn,2.594484293,,,,,,,,,,,,,,,,,,,,,,,,,,,,,,
endosome632d,initOrgProp,area,11309.73355,volume,100530.9649,xcoor,27.87342552,ycoor,24.72858209,pH,7.353510575,,,,,,,,,,,,,,,,,,,,,,
endosome632d,initRabContent,RabD,2148.860154,RabA,9160.873399,,,,,,,,,,,,,,,,,,,,,,,,,,,,
endosome632d,initMembraneContent,EEA1,3.149990016,exCxEn,4.02E-11,R-TfaEn,5.08E-42,oMHCIEn,5.31E-05,membraneMarker,0,M6PR,4.253065612,cMHCIEn,3.78E-05,R-TfEn,2.87E-42,pepMHCIEn,0,REn,8.80E-07,imCxEn,4.02E-11,,,,,,,,,,
endosome632d,initSolubleContent,povaEn,0,NH3Cy,0,protonEn,3.454400636,FeEn,0,NH3En,0,NH4En,0,ovaEn,0,TfaEn,2.69E-07,solubleMarker,0,mvb,0,bead2,0,bead3,0,bead4,0,TfEn,0,pepEn,0,bead1,0
endosome633P,initOrgProp,area,7539.822369,volume,50265.48246,xcoor,24.94102481,ycoor,25.74081831,pH,7.243595152,,,,,,,,,,,,,,,,,,,,,,
endosome633P,initRabContent,RabI,7539.822369,,,,,,,,,,,,,,,,,,,,,,,,,,,,,,
endosome633P,initMembraneContent,EEA1,3.73E-04,exCxEn,1.99E-04,R-TfaEn,3.49E-43,oMHCIEn,1.49E-06,membraneMarker,0,M6PR,0.003047785,cMHCIEn,1.88E-06,R-TfEn,1.85E-43,pepMHCIEn,0,REn,5.83E-08,imCxEn,1.99E-04,,,,,,,,,,
endosome633P,initSolubleContent,povaEn,0,NH3Cy,0,protonEn,1.868631103,FeEn,0,NH3En,0,NH4En,0,ovaEn,0,TfaEn,3.00E-09,solubleMarker,0,mvb,0,bead2,0,bead3,0,bead4,0,TfEn,0,pepEn,0,bead1,0
endosome634y,initOrgProp,area,7539.822369,volume,50265.48246,xcoor,27.29585173,ycoor,20.81907765,pH,7.695369515,,,,,,,,,,,,,,,,,,,,,,
endosome634y,initRabContent,RabC,7539.822369,,,,,,,,,,,,,,,,,,,,,,,,,,,,,,
endosome634y,initMembraneContent,EEA1,4.40E-07,exCxEn,1.56E-07,R-TfaEn,2.21E-40,oMHCIEn,4.56E-06,membraneMarker,0,M6PR,1.07E-06,cMHCIEn,0.001208976,R-TfEn,1.25E-40,pepMHCIEn,0,REn,3.83E-05,imCxEn,1.56E-07,,,,,,,,,,
endosome634y,initSolubleContent,povaEn,0,NH3Cy,0,protonEn,0.013678746,FeEn,0,NH3En,0,NH4En,0,ovaEn,0,TfaEn,2.32E-11,solubleMarker,0,mvb,0,bead2,0,bead3,0,bead4,0,TfEn,0,pepEn,0,bead1,0
endosome635u,initOrgProp,area,7539.822369,volume,50265.48246,xcoor,25.69468201,ycoor,1.996727308,pH,7.695306087,,,,,,,,,,,,,,,,,,,,,,
endosome635u,initRabContent,RabG,6031.857895,RabH,1507.964474,,,,,,,,,,,,,,,,,,,,,,,,,,,,
endosome635u,initMembraneContent,EEA1,1.35E-04,exCxEn,2.71E-08,R-TfaEn,2.06E-43,oMHCIEn,1.26E-06,membraneMarker,0,M6PR,1.74E-05,cMHCIEn,1.48E-06,R-TfEn,1.17E-43,pepMHCIEn,0,REn,3.58E-08,imCxEn,2.71E-08,,,,,,,,,,
endosome635u,initSolubleContent,povaEn,0,NH3Cy,0,protonEn,0.013826803,FeEn,0,NH3En,0,NH4En,0,ovaEn,0,TfaEn,8.15E-11,solubleMarker,0,mvb,0,bead2,0,bead3,0,bead4,0,TfEn,0,pepEn,0,bead1,0
endosome636J,initOrgProp,area,10946.16034,volume,84328.86214,xcoor,1.515952622,ycoor,49.6353115,pH,7.286859585,,,,,,,,,,,,,,,,,,,,,,
endosome636J,initRabContent,RabA,4275.061511,RabB,5238.507187,RabC,0,RabD,1432.591639,,,,,,,,,,,,,,,,,,,,,,,,
endosome636J,initMembraneContent,,,,,,,,,,,,,,,,,,,,,,,,,,,,,,,,
endosome636J,initSolubleContent,protonEn,3.356288713,,,,,,,,,,,,,,,,,,,,,,,,,,,,,,
endosome637n,initOrgProp,area,10053.09649,volume,87964.5943,xcoor,25.49625839,ycoor,23.18522216,pH,7.34233389,,,,,,,,,,,,,,,,,,,,,,
endosome637n,initRabContent,RabI,2010.619298,RabG,1286.796351,RabH,1608.495439,RabF,5147.185404,,,,,,,,,,,,,,,,,,,,,,,,
endosome637n,initMembraneContent,EEA1,9.56E-04,exCxEn,1.59E-04,R-TfaEn,8.95E-43,oMHCIEn,3.82E-06,membraneMarker,0,M6PR,0.004529028,cMHCIEn,4.80E-06,R-TfEn,4.74E-43,pepMHCIEn,0,REn,1.49E-07,imCxEn,1.59E-04,,,,,,,,,,
endosome637n,initSolubleContent,povaEn,0,NH3Cy,0,protonEn,2.999208197,FeEn,0,NH3En,0,NH4En,0,ovaEn,0,TfaEn,8.40E-09,solubleMarker,0,mvb,0,bead2,0,bead3,0,bead4,0,TfEn,0,pepEn,0,bead1,0
endosome638s,initOrgProp,area,15393.804,volume,128805.2988,xcoor,49.56111118,ycoor,30.4103904,pH,7.322724773,,,,,,,,,,,,,,,,,,,,,,
endosome638s,initRabContent,RabC,1231.50432,RabB,14162.29968,,,,,,,,,,,,,,,,,,,,,,,,,,,,
endosome638s,initMembraneContent,,,,,,,,,,,,,,,,,,,,,,,,,,,,,,,,
endosome638s,initSolubleContent,protonEn,5.126450892,,,,,,,,,,,,,,,,,,,,,,,,,,,,,,
endosome639n,initOrgProp,area,15393.804,volume,128805.2988,xcoor,45.71953506,ycoor,30.33763199,pH,7.322724773,,,,,,,,,,,,,,,,,,,,,,
endosome639n,initRabContent,RabC,5248.032213,RabB,10145.77179,,,,,,,,,,,,,,,,,,,,,,,,,,,,
endosome639n,initMembraneContent,,,,,,,,,,,,,,,,,,,,,,,,,,,,,,,,
endosome639n,initSolubleContent,protonEn,5.126450892,,,,,,,,,,,,,,,,,,,,,,,,,,,,,,
endosome640z,initOrgProp,area,7539.822369,volume,50265.48246,xcoor,26.00137011,ycoor,5.416339909,pH,7.691557643,,,,,,,,,,,,,,,,,,,,,,
endosome640z,initRabContent,RabI,1507.964474,RabG,965.0972632,RabH,1206.371579,RabE,3088.311242,RabF,772.0778105,,,,,,,,,,,,,,,,,,,,,,
endosome640z,initMembraneContent,EEA1,9.86E-05,exCxEn,1.81E-05,R-TfaEn,1.52E-43,oMHCIEn,9.92E-07,membraneMarker,0,M6PR,1.89E-05,cMHCIEn,1.09E-06,R-TfEn,8.61E-44,pepMHCIEn,0,REn,2.63E-08,imCxEn,1.81E-05,,,,,,,,,,
endosome640z,initSolubleContent,povaEn,0,NH3Cy,0,protonEn,0.022615125,FeEn,0,NH3En,0,NH4En,0,ovaEn,0,TfaEn,6.93E-11,solubleMarker,0,mvb,0,bead2,0,bead3,0,bead4,0,TfEn,0,pepEn,0,bead1,0
endosome641B,initOrgProp,area,7539.822369,volume,50265.48246,xcoor,22.51272586,ycoor,32.0126595,pH,7.349759589,,,,,,,,,,,,,,,,,,,,,,
endosome641B,initRabContent,RabC,7539.822369,,,,,,,,,,,,,,,,,,,,,,,,,,,,,,
endosome641B,initMembraneContent,EEA1,1.18E-05,exCxEn,5.13E-06,R-TfaEn,9.27E-40,oMHCIEn,0.006963333,membraneMarker,0,M6PR,0.002885767,cMHCIEn,0.005175611,R-TfEn,4.97E-40,pepMHCIEn,0,REn,1.56E-04,imCxEn,5.13E-06,,,,,,,,,,
endosome641B,initSolubleContent,povaEn,0,NH3Cy,0,protonEn,1.246519882,FeEn,0,NH3En,0,NH4En,0,ovaEn,0,TfaEn,1.42E-08,solubleMarker,0,mvb,0,bead2,0,bead3,0,bead4,0,TfEn,0,pepEn,0,bead1,0
endosome642b,initOrgProp,area,12566.37061,volume,100530.9649,xcoor,27.9764865,ycoor,18.1817984,pH,7.989135035,,,,,,,,,,,,,,,,,,,,,,
endosome642b,initRabContent,RabC,512.7079211,RabA,6157.521601,RabB,5896.141092,,,,,,,,,,,,,,,,,,,,,,,,,,
endosome642b,initMembraneContent,EEA1,1.51386262,exCxEn,6.96E-10,R-TfaEn,3.39E-42,oMHCIEn,9.59E-05,membraneMarker,0,M6PR,0.094992738,R-TfEn,1.92E-42,cMHCIEn,2.64E-05,pepMHCIEn,0,REn,5.88E-07,imCxEn,6.96E-10,,,,,,,,,,
endosome642b,initSolubleContent,povaEn,0,NH3Cy,0,protonEn,0.030777229,FeEn,0,NH3En,0,NH4En,0,ovaEn,0,TfaEn,2.91E-09,solubleMarker,0,bead2,0,mvb,0,bead3,0,bead4,0,TfEn,0,pepEn,0,bead1,0
endosome643Q,initOrgProp,area,10946.16034,volume,84328.86214,xcoor,1.657557319,ycoor,49.58289301,pH,7.286859585,,,,,,,,,,,,,,,,,,,,,,
endosome643Q,initRabContent,RabC,2422.516636,RabB,8523.6437,,,,,,,,,,,,,,,,,,,,,,,,,,,,
endosome643Q,initMembraneContent,,,,,,,,,,,,,,,,,,,,,,,,,,,,,,,,
endosome643Q,initSolubleContent,protonEn,3.356288713,,,,,,,,,,,,,,,,,,,,,,,,,,,,,,
endosome644v,initOrgProp,area,10946.16034,volume,84328.86214,xcoor,0.795790437,ycoor,47.27278223,pH,7.286859585,,,,,,,,,,,,,,,,,,,,,,
endosome644v,initRabContent,RabC,2422.516636,RabB,8523.6437,,,,,,,,,,,,,,,,,,,,,,,,,,,,
endosome644v,initMembraneContent,,,,,,,,,,,,,,,,,,,,,,,,,,,,,,,,
endosome644v,initSolubleContent,protonEn,3.356288713,,,,,,,,,,,,,,,,,,,,,,,,,,,,,,
endosome645h,initOrgProp,area,10946.16034,volume,84328.86214,xcoor,3.652924428,ycoor,44.751749,pH,7.286859585,,,,,,,,,,,,,,,,,,,,,,
endosome645h,initRabContent,RabC,1681.330228,RabB,9264.830109,,,,,,,,,,,,,,,,,,,,,,,,,,,,
endosome645h,initMembraneContent,,,,,,,,,,,,,,,,,,,,,,,,,,,,,,,,
endosome645h,initSolubleContent,protonEn,3.356288713,,,,,,,,,,,,,,,,,,,,,,,,,,,,,,
endosome646x,initOrgProp,area,7539.822369,volume,50265.48246,xcoor,26.54727065,ycoor,15.01926511,pH,7.6936525,,,,,,,,,,,,,,,,,,,,,,
endosome646x,initRabContent,RabI,1507.964474,RabG,4825.486316,RabH,1206.371579,,,,,,,,,,,,,,,,,,,,,,,,,,
endosome646x,initMembraneContent,EEA1,7.34E-04,exCxEn,7.30E-07,R-TfaEn,2.85E-46,oMHCIEn,9.59E-08,membraneMarker,0,M6PR,1.78E-04,cMHCIEn,1.95E-09,R-TfEn,1.54E-46,pepMHCIEn,0,REn,4.83E-11,imCxEn,7.30E-07,,,,,,,,,,
endosome646x,initSolubleContent,povaEn,0,NH3Cy,0,protonEn,0.017694331,FeEn,0,NH3En,0,NH4En,0,ovaEn,0,TfaEn,3.87E-10,solubleMarker,0,mvb,0,bead2,0,bead3,0,bead4,0,TfEn,0,pepEn,0,bead1,0
endosome647k,initOrgProp,area,10946.16034,volume,84328.86214,xcoor,5.97044296,ycoor,41.1642804,pH,7.286859585,,,,,,,,,,,,,,,,,,,,,,
endosome647k,initRabContent,RabC,1681.330228,RabB,9264.830109,,,,,,,,,,,,,,,,,,,,,,,,,,,,
endosome647k,initMembraneContent,,,,,,,,,,,,,,,,,,,,,,,,,,,,,,,,
endosome647k,initSolubleContent,protonEn,3.356288713,,,,,,,,,,,,,,,,,,,,,,,,,,,,,,
endosome648B,initOrgProp,area,10946.16034,volume,84328.86214,xcoor,0.949870586,ycoor,49.63070494,pH,7.286859585,,,,,,,,,,,,,,,,,,,,,,
endosome648B,initRabContent,RabC,2422.516636,RabB,8523.6437,,,,,,,,,,,,,,,,,,,,,,,,,,,,
endosome648B,initMembraneContent,,,,,,,,,,,,,,,,,,,,,,,,,,,,,,,,
endosome648B,initSolubleContent,protonEn,3.356288713,,,,,,,,,,,,,,,,,,,,,,,,,,,,,,
endosome649D,initOrgProp,area,10946.16034,volume,84328.86214,xcoor,1.91241981,ycoor,49.18146431,pH,7.286859585,,,,,,,,,,,,,,,,,,,,,,
endosome649D,initRabContent,RabC,875.692827,RabB,10070.46751,,,,,,,,,,,,,,,,,,,,,,,,,,,,
endosome649D,initMembraneContent,,,,,,,,,,,,,,,,,,,,,,,,,,,,,,,,
endosome649D,initSolubleContent,protonEn,3.356288713,,,,,,,,,,,,,,,,,,,,,,,,,,,,,,
endosome650P,initOrgProp,area,13326.18933,volume,108129.1521,xcoor,46.82053213,ycoor,0.700151285,pH,7.309376928,,,,,,,,,,,,,,,,,,,,,,
endosome650P,initRabContent,RabC,2046.902682,RabB,11279.28665,,,,,,,,,,,,,,,,,,,,,,,,,,,,
endosome650P,initMembraneContent,,,,,,,,,,,,,,,,,,,,,,,,,,,,,,,,
endosome650P,initSolubleContent,protonEn,4.303540254,,,,,,,,,,,,,,,,,,,,,,,,,,,,,,
endosome651v,initOrgProp,area,7539.822369,volume,50265.48246,xcoor,24.28780549,ycoor,13.7950667,pH,7.242393247,,,,,,,,,,,,,,,,,,,,,,
endosome651v,initRabContent,RabD,753.9943644,RabA,4750.079603,RabB,2035.748401,,,,,,,,,,,,,,,,,,,,,,,,,,
endosome651v,initMembraneContent,EEA1,2.814220873,exCxEn,2.54E-10,R-TfaEn,5.41E-42,oMHCIEn,5.07E-04,membraneMarker,0,M6PR,3.34701627,cMHCIEn,4.18E-05,R-TfEn,3.06E-42,pepMHCIEn,0,REn,9.37E-07,imCxEn,2.54E-10,,,,,,,,,,
endosome651v,initSolubleContent,povaEn,0,NH3Cy,0,protonEn,1.876581008,FeEn,0,NH3En,0,NH4En,0,ovaEn,0,TfaEn,1.73E-07,solubleMarker,0,mvb,0,bead2,0,bead3,0,bead4,0,TfEn,0,pepEn,0,bead1,0
endosome652I,initOrgProp,area,12566.37061,volume,100530.9649,xcoor,26.9842499,ycoor,9.189707176,pH,7.325317233,,,,,,,,,,,,,,,,,,,,,,
endosome652I,initRabContent,RabD,1256.645882,RabA,7916.807313,RabB,3392.91742,,,,,,,,,,,,,,,,,,,,,,,,,,
endosome652I,initMembraneContent,EEA1,4.690368121,exCxEn,4.24E-10,R-TfaEn,9.01E-42,oMHCIEn,8.45E-04,membraneMarker,0,M6PR,5.578360449,cMHCIEn,6.96E-05,R-TfEn,5.10E-42,pepMHCIEn,0,REn,1.56E-06,imCxEn,4.24E-10,,,,,,,,,,
endosome652I,initSolubleContent,povaEn,0,NH3Cy,0,protonEn,3.753162016,FeEn,0,NH3En,0,NH4En,0,ovaEn,0,TfaEn,3.45E-07,solubleMarker,0,mvb,0,bead2,0,bead3,0,bead4,0,TfEn,0,pepEn,0,bead1,0
endosome653l,initOrgProp,area,12566.37061,volume,100530.9649,xcoor,45.16897309,ycoor,18.92471396,pH,7.303231498,,,,,,,,,,,,,,,,,,,,,,
endosome653l,initRabContent,RabC,1005.309649,RabB,11561.06097,,,,,,,,,,,,,,,,,,,,,,,,,,,,
endosome653l,initMembraneContent,,,,,,,,,,,,,,,,,,,,,,,,,,,,,,,,
endosome653l,initSolubleContent,protonEn,4.001132404,,,,,,,,,,,,,,,,,,,,,,,,,,,,,,
endosome654w,initOrgProp,area,7539.822369,volume,50265.48246,xcoor,5.734336351,ycoor,45.18556838,pH,7.356631602,,,,,,,,,,,,,,,,,,,,,,
endosome654w,initRabContent,RabC,1158.116716,RabB,6381.705653,,,,,,,,,,,,,,,,,,,,,,,,,,,,
endosome654w,initMembraneContent,EEA1,0.002433294,exCxEn,5.17E-06,R-TfaEn,2.10E-39,oMHCIEn,1.55E-05,membraneMarker,0,M6PR,0.00535385,cMHCIEn,0.012675959,R-TfEn,1.15E-39,pepMHCIEn,0,REn,3.57E-04,imCxEn,5.17E-06,,,,,,,,,,
endosome654w,initSolubleContent,povaEn,0,NH3Cy,0,protonEn,1.211252077,FeEn,0,NH3En,0,NH4En,0,ovaEn,0,TfaEn,8.43E-08,solubleMarker,0,mvb,0,bead2,0,bead3,0,bead4,0,TfEn,0,pepEn,0,bead1,0
endosome655g,initOrgProp,area,7539.822369,volume,50265.48246,xcoor,49.30298424,ycoor,2.681738227,pH,7.224066642,,,,,,,,,,,,,,,,,,,,,,
endosome655g,initRabContent,RabC,2570.464757,RabB,4969.357611,,,,,,,,,,,,,,,,,,,,,,,,,,,,
endosome655g,initMembraneContent,,,,,,,,,,,,,,,,,,,,,,,,,,,,,,,,
endosome655g,initSolubleContent,protonEn,2.000566202,,,,,,,,,,,,,,,,,,,,,,,,,,,,,,
endosome656l,initOrgProp,area,7539.822369,volume,50265.48246,xcoor,30.59712072,ycoor,46.03418792,pH,7.312213893,,,,,,,,,,,,,,,,,,,,,,
endosome656l,initRabContent,RabD,753.9882701,RabA,4750.083869,RabB,2035.75023,,,,,,,,,,,,,,,,,,,,,,,,,,
endosome656l,initMembraneContent,EEA1,0.006715604,exCxEn,2.50E-08,R-TfaEn,4.53E-43,oMHCIEn,3.65E-06,membraneMarker,0,M6PR,1.186863558,cMHCIEn,2.53E-06,R-TfEn,2.43E-43,pepMHCIEn,0,REn,7.61E-08,imCxEn,2.50E-08,,,,,,,,,,
endosome656l,initSolubleContent,povaEn,0,NH3Cy,0,protonEn,1.449378842,FeEn,0,NH3En,0,NH4En,0,ovaEn,0,TfaEn,1.04E-08,solubleMarker,0,mvb,0,bead2,0,bead3,0,bead4,0,TfEn,0,pepEn,0,bead1,0
endosome657V,initOrgProp,area,21728.74434,volume,230506.8591,xcoor,30.0130773,ycoor,11.38973732,pH,7.368407166,,,,,,,,,,,,,,,,,,,,,,
endosome657V,initRabContent,RabA,3325.057589,RabB,16514.58243,RabC,1135.113757,RabD,753.9905545,,,,,,,,,,,,,,,,,,,,,,,,
endosome657V,initMembraneContent,EEA1,0.522675319,R-TfaEn,1.62E-41,exCxEn,0,oMHCIEn,0.003392453,membraneMarker,0,M6PR,1.00056504,pepMHCIEn,0,R-TfEn,9.16E-42,cMHCIEn,1.18E-04,REn,2.80E-06,imCxEn,0,,,,,,,,,,
endosome657V,initSolubleContent,povaEn,0,NH3Cy,0,protonEn,8.869080396,FeEn,0,NH3En,0,NH4En,0,ovaEn,0,solubleMarker,0,TfaEn,1.27E-07,bead2,0,mvb,0,bead3,0,bead4,0,TfEn,0,pepEn,0,bead1,0
endosome658l,initOrgProp,area,7539.822369,volume,50265.48246,xcoor,18.17524919,ycoor,0.675953931,pH,7.224066642,,,,,,,,,,,,,,,,,,,,,,
endosome658l,initRabContent,RabC,1668.653168,RabB,5871.169201,,,,,,,,,,,,,,,,,,,,,,,,,,,,
endosome658l,initMembraneContent,,,,,,,,,,,,,,,,,,,,,,,,,,,,,,,,
endosome658l,initSolubleContent,protonEn,2.000566202,,,,,,,,,,,,,,,,,,,,,,,,,,,,,,
endosome659U,initOrgProp,area,11765.66506,volume,92523.90933,xcoor,25.28008645,ycoor,25.87366386,pH,7.295780678,,,,,,,,,,,,,,,,,,,,,,
endosome659U,initRabContent,RabC,11765.66506,,,,,,,,,,,,,,,,,,,,,,,,,,,,,,
endosome659U,initMembraneContent,,,,,,,,,,,,,,,,,,,,,,,,,,,,,,,,
endosome659U,initSolubleContent,protonEn,3.682451591,,,,,,,,,,,,,,,,,,,,,,,,,,,,,,
endosome660k,initOrgProp,area,11765.66506,volume,97361.24148,xcoor,27.50641243,ycoor,31.78394805,pH,7.522818095,,,,,,,,,,,,,,,,,,,,,,
endosome660k,initRabContent,RabC,11765.66506,,,,,,,,,,,,,,,,,,,,,,,,,,,,,,
endosome660k,initMembraneContent,EEA1,0.002574833,exCxEn,1.68E-05,R-TfaEn,2.86E-39,oMHCIEn,0.011354352,membraneMarker,0,M6PR,0.003748035,cMHCIEn,0.016234138,R-TfEn,1.52E-39,pepMHCIEn,0,REn,4.79E-04,imCxEn,1.68E-05,,,,,,,,,,
endosome660k,initSolubleContent,povaEn,0,NH3Cy,0,protonEn,1.921245176,FeEn,0,NH3En,0,NH4En,0,ovaEn,0,TfaEn,4.99E-08,solubleMarker,0,mvb,0,bead2,0,bead3,0,bead4,0,TfEn,0,pepEn,0,bead1,0
endosome661M,initOrgProp,area,12566.37061,volume,100530.9649,xcoor,49.36361017,ycoor,30.19112388,pH,7.303231498,,,,,,,,,,,,,,,,,,,,,,
endosome661M,initRabContent,RabC,2781.088613,RabB,9785.282001,,,,,,,,,,,,,,,,,,,,,,,,,,,,
endosome661M,initMembraneContent,,,,,,,,,,,,,,,,,,,,,,,,,,,,,,,,
endosome661M,initSolubleContent,protonEn,4.001132404,,,,,,,,,,,,,,,,,,,,,,,,,,,,,,
endosome662y,initOrgProp,area,7539.822369,volume,50265.48246,xcoor,49.26789109,ycoor,2.916743612,pH,7.224066642,,,,,,,,,,,,,,,,,,,,,,
endosome662y,initRabContent,RabB,7539.822369,,,,,,,,,,,,,,,,,,,,,,,,,,,,,,
endosome662y,initMembraneContent,,,,,,,,,,,,,,,,,,,,,,,,,,,,,,,,
endosome662y,initSolubleContent,protonEn,2.000566202,,,,,,,,,,,,,,,,,,,,,,,,,,,,,,
endosome663M,initOrgProp,area,8469.742672,volume,66494.30574,xcoor,12.50241057,ycoor,12.58559064,pH,7.264647056,,,,,,,,,,,,,,,,,,,,,,
endosome663M,initRabContent,RabC,1874.45569,RabB,6595.286982,,,,,,,,,,,,,,,,,,,,,,,,,,,,
endosome663M,initMembraneContent,EEA1,0.001781414,exCxEn,0,R-TfaEn,4.43E-40,oMHCIEn,4.90E-07,membraneMarker,0,M6PR,0.008351385,cMHCIEn,0.00357362,R-TfEn,2.50E-40,pepMHCIEn,0,REn,7.67E-05,imCxEn,0,,,,,,,,,,
endosome663M,initSolubleContent,povaEn,0,NH3Cy,0,protonEn,2.615242221,FeEn,0,NH3En,0,NH4En,0,ovaEn,0,TfaEn,8.77E-08,solubleMarker,0,mvb,0,bead2,0,bead3,0,bead4,0,TfEn,0,pepEn,0,bead1,0
endosome664b,initOrgProp,area,8469.742672,volume,59564.68549,xcoor,4.142817389,ycoor,9.41898252,pH,7.24727204,,,,,,,,,,,,,,,,,,,,,,
endosome664b,initRabContent,RabC,1300.952474,RabB,7168.790198,,,,,,,,,,,,,,,,,,,,,,,,,,,,
endosome664b,initMembraneContent,,,,,,,,,,,,,,,,,,,,,,,,,,,,,,,,
endosome664b,initSolubleContent,protonEn,2.370674483,,,,,,,,,,,,,,,,,,,,,,,,,,,,,,
endosome665w,initOrgProp,area,7539.822369,volume,50265.48246,xcoor,3.700815507,ycoor,0.668841405,pH,7.224066642,,,,,,,,,,,,,,,,,,,,,,
endosome665w,initRabContent,RabB,7539.822369,,,,,,,,,,,,,,,,,,,,,,,,,,,,,,
endosome665w,initMembraneContent,,,,,,,,,,,,,,,,,,,,,,,,,,,,,,,,
endosome665w,initSolubleContent,protonEn,2.000566202,,,,,,,,,,,,,,,,,,,,,,,,,,,,,,
endosome666S,initOrgProp,area,12003.85025,volume,96019.20406,xcoor,45.14551732,ycoor,43.10571061,pH,7.336713196,,,,,,,,,,,,,,,,,,,,,,
endosome666S,initRabContent,RabA,6538.599743,RabB,0,RabC,2605.726199,RabD,2859.524307,,,,,,,,,,,,,,,,,,,,,,,,
endosome666S,initMembraneContent,EEA1,1.043492729,exCxEn,2.17E-10,R-TfaEn,9.48E-41,oMHCIEn,7.54E-04,membraneMarker,0,M6PR,1.970468095,cMHCIEn,6.72E-04,R-TfEn,5.37E-41,pepMHCIEn,0,REn,1.64E-05,imCxEn,2.17E-10,,,,,,,,,,
endosome666S,initSolubleContent,povaEn,0,NH3Cy,0,protonEn,3.422266442,FeEn,0,NH3En,0,NH4En,0,ovaEn,0,TfaEn,6.43E-08,solubleMarker,0,mvb,0,bead2,0,bead3,0,bead4,0,TfEn,0,pepEn,0,bead1,0
endosome667Y,initOrgProp,area,7539.822369,volume,50265.48246,xcoor,2.182792124,ycoor,49.63303566,pH,7.224066642,,,,,,,,,,,,,,,,,,,,,,
endosome667Y,initRabContent,RabC,1668.653168,RabB,5871.169201,,,,,,,,,,,,,,,,,,,,,,,,,,,,
endosome667Y,initMembraneContent,,,,,,,,,,,,,,,,,,,,,,,,,,,,,,,,
endosome667Y,initSolubleContent,protonEn,2.000566202,,,,,,,,,,,,,,,,,,,,,,,,,,,,,,
endosome668I,initOrgProp,area,12566.37061,volume,100530.9649,xcoor,21.91432486,ycoor,20.92549919,pH,7.988103833,,,,,,,,,,,,,,,,,,,,,,
endosome668I,initRabContent,RabD,1256.637073,RabA,11309.73354,,,,,,,,,,,,,,,,,,,,,,,,,,,,
endosome668I,initMembraneContent,EEA1,2.109696498,exCxEn,2.61E-08,R-TfaEn,3.75E-43,oMHCIEn,3.42E-07,membraneMarker,0,M6PR,0.056779226,cMHCIEn,2.09E-06,R-TfEn,1.90E-43,pepMHCIEn,0,REn,6.10E-08,imCxEn,2.61E-08,,,,,,,,,,
endosome668I,initSolubleContent,povaEn,0,NH3Cy,0,protonEn,0.033227645,FeEn,0,NH3En,0,NH4En,0,ovaEn,0,TfaEn,3.72E-10,solubleMarker,0,mvb,0,bead2,0,bead3,0,bead4,0,TfEn,0,pepEn,0,bead1,0
endosome669H,initOrgProp,area,14572.8524,volume,121628.4304,xcoor,25.97527245,ycoor,21.5857129,pH,7.973481801,,,,,,,,,,,,,,,,,,,,,,
endosome669H,initRabContent,RabC,14572.8524,,,,,,,,,,,,,,,,,,,,,,,,,,,,,,
endosome669H,initMembraneContent,EEA1,0.010420294,exCxEn,1.04E-04,R-TfaEn,4.62E-39,oMHCIEn,0.015583978,membraneMarker,0,M6PR,0.004156687,cMHCIEn,0.022087583,R-TfEn,1.71E-39,pepMHCIEn,0,REn,6.39E-04,imCxEn,1.04E-04,,,,,,,,,,
endosome669H,initSolubleContent,povaEn,0,NH3Cy,0,protonEn,0.292865366,FeEn,0,NH3En,0,NH4En,0,ovaEn,0,TfaEn,1.19E-08,solubleMarker,0,mvb,0,bead2,0,bead3,0,bead4,0,TfEn,0,pepEn,0,bead1,0
endosome670V,initOrgProp,area,7539.822369,volume,50265.48246,xcoor,23.58136768,ycoor,33.9101521,pH,7.224066642,,,,,,,,,,,,,,,,,,,,,,
endosome670V,initRabContent,RabA,7539.822369,,,,,,,,,,,,,,,,,,,,,,,,,,,,,,
endosome670V,initMembraneContent,EEA1,1.756301208,exCxEn,0,R-TfaEn,6.58E-42,oMHCIEn,1.47E-04,membraneMarker,0,M6PR,2.653315389,cMHCIEn,5.08E-05,R-TfEn,3.71E-42,pepMHCIEn,0,REn,1.14E-06,imCxEn,0,,,,,,,,,,
endosome670V,initSolubleContent,povaEn,0,NH3Cy,0,protonEn,2.000566202,FeEn,0,NH3En,0,NH4En,0,ovaEn,0,TfaEn,1.60E-07,solubleMarker,0,mvb,0,bead2,0,bead3,0,bead4,0,TfEn,0,pepEn,0,bead1,0
endosome671t,initOrgProp,area,7539.822369,volume,50265.48246,xcoor,32.28920147,ycoor,20.34148547,pH,7.224508243,,,,,,,,,,,,,,,,,,,,,,
endosome671t,initRabContent,RabD,1432.592355,RabA,4275.06101,RabB,1832.169004,,,,,,,,,,,,,,,,,,,,,,,,,,
endosome671t,initMembraneContent,EEA1,4.759923743,exCxEn,8.08E-13,R-TfaEn,2.29E-42,oMHCIEn,6.11E-05,membraneMarker,0,M6PR,3.46611208,cMHCIEn,1.51E-05,R-TfEn,1.30E-42,pepMHCIEn,0,REn,3.97E-07,imCxEn,8.08E-13,,,,,,,,,,
endosome671t,initSolubleContent,povaEn,0,NH3Cy,0,protonEn,1.997516706,FeEn,0,NH3En,0,NH4En,0,ovaEn,0,TfaEn,1.20E-07,solubleMarker,0,mvb,0,bead2,0,bead3,0,bead4,0,TfEn,0,pepEn,0,bead1,0
endosome672M,initOrgProp,area,8703.5738,volume,61902.99677,xcoor,25.16108299,ycoor,48.44435279,pH,7.25216648,,,,,,,,,,,,,,,,,,,,,,
endosome672M,initRabContent,RabB,7366.704865,RabC,1336.868936,,,,,,,,,,,,,,,,,,,,,,,,,,,,
endosome672M,initMembraneContent,,,,,,,,,,,,,,,,,,,,,,,,,,,,,,,,
endosome672M,initSolubleContent,protonEn,2.463739272,,,,,,,,,,,,,,,,,,,,,,,,,,,,,,
endosome673X,initOrgProp,area,11025.44195,volume,85121.67825,xcoor,30.38331121,ycoor,46.25815474,pH,7.287789118,,,,,,,,,,,,,,,,,,,,,,
endosome673X,initRabContent,RabC,882.0353558,RabB,10143.40659,,,,,,,,,,,,,,,,,,,,,,,,,,,,
endosome673X,initMembraneContent,,,,,,,,,,,,,,,,,,,,,,,,,,,,,,,,
endosome673X,initSolubleContent,protonEn,3.387842794,,,,,,,,,,,,,,,,,,,,,,,,,,,,,,
endosome674H,initOrgProp,area,11025.44195,volume,85121.67825,xcoor,25.36454933,ycoor,47.71505378,pH,7.287789118,,,,,,,,,,,,,,,,,,,,,,
endosome674H,initRabContent,RabC,2440.062608,RabB,8585.379339,,,,,,,,,,,,,,,,,,,,,,,,,,,,
endosome674H,initMembraneContent,,,,,,,,,,,,,,,,,,,,,,,,,,,,,,,,
endosome674H,initSolubleContent,protonEn,3.387842794,,,,,,,,,,,,,,,,,,,,,,,,,,,,,,
endosome675s,initOrgProp,area,7539.822369,volume,50265.48246,xcoor,29.87291078,ycoor,22.05311559,pH,7.701181155,,,,,,,,,,,,,,,,,,,,,,
endosome675s,initRabContent,RabC,7539.822369,,,,,,,,,,,,,,,,,,,,,,,,,,,,,,
endosome675s,initMembraneContent,EEA1,5.85E-06,exCxEn,9.02E-10,R-TfaEn,3.14E-40,oMHCIEn,0.004637299,membraneMarker,0,M6PR,2.93E-08,cMHCIEn,0.002181018,R-TfEn,1.78E-40,pepMHCIEn,0,REn,5.45E-05,imCxEn,9.02E-10,,,,,,,,,,
endosome675s,initSolubleContent,povaEn,0,NH3Cy,0,protonEn,2.04E-04,FeEn,0,NH3En,0,NH4En,0,ovaEn,0,TfaEn,7.60E-12,solubleMarker,0,mvb,0,bead2,0,bead3,0,bead4,0,TfEn,0,pepEn,0,bead1,0
endosome676f,initOrgProp,area,12566.37061,volume,100530.9649,xcoor,45.20205672,ycoor,18.49258457,pH,7.303231498,,,,,,,,,,,,,,,,,,,,,,
endosome676f,initRabContent,RabC,1930.194526,RabB,10636.17609,,,,,,,,,,,,,,,,,,,,,,,,,,,,
endosome676f,initMembraneContent,,,,,,,,,,,,,,,,,,,,,,,,,,,,,,,,
endosome676f,initSolubleContent,protonEn,4.001132404,,,,,,,,,,,,,,,,,,,,,,,,,,,,,,
endosome677R,initOrgProp,area,13518.76695,volume,112651.4728,xcoor,24.81301534,ycoor,20.66760328,pH,7.927129901,,,,,,,,,,,,,,,,,,,,,,
endosome677R,initRabContent,RabB,0,RabC,13518.76695,,,,,,,,,,,,,,,,,,,,,,,,,,,,
endosome677R,initMembraneContent,EEA1,0.015018202,exCxEn,1.24E-04,R-TfaEn,4.11E-39,oMHCIEn,0.013488995,membraneMarker,0,M6PR,0.004838036,cMHCIEn,0.020536925,R-TfEn,1.53E-39,pepMHCIEn,0,REn,5.74E-04,imCxEn,1.24E-04,,,,,,,,,,
endosome677R,initSolubleContent,povaEn,0,NH3Cy,0,protonEn,0.332315171,FeEn,0,NH3En,0,NH4En,0,ovaEn,0,TfaEn,1.69E-08,solubleMarker,0,mvb,0,bead2,0,bead3,0,bead4,0,TfEn,0,pepEn,0,bead1,0
endosome678r,initOrgProp,area,13823.00768,volume,125663.7061,xcoor,15.03420885,ycoor,1.624404727,pH,8.048486087,,,,,,,,,,,,,,,,,,,,,,
endosome678r,initRabContent,RabA,6773.273761,RabB,7049.733915,,,,,,,,,,,,,,,,,,,,,,,,,,,,
endosome678r,initMembraneContent,EEA1,2.767625331,exCxEn,9.09E-12,R-TfaEn,1.84E-41,oMHCIEn,4.49E-05,membraneMarker,0,M6PR,0.311458669,cMHCIEn,1.42E-04,R-TfEn,1.04E-41,pepMHCIEn,0,REn,3.18E-06,imCxEn,9.09E-12,,,,,,,,,,
endosome678r,initSolubleContent,povaEn,0,NH3Cy,0,protonEn,0.123889922,FeEn,0,NH3En,0,NH4En,0,ovaEn,0,TfaEn,1.17E-08,solubleMarker,0,mvb,0,bead2,0,bead3,0,bead4,0,TfEn,0,pepEn,0,bead1,0
endosome679c,initOrgProp,area,11949.61091,volume,94363.36787,xcoor,3.595248353,ycoor,7.301181033,pH,7.297592449,,,,,,,,,,,,,,,,,,,,,,
endosome679c,initRabContent,RabA,0,RabB,10993.64204,RabC,955.9688728,,,,,,,,,,,,,,,,,,,,,,,,,,
endosome679c,initMembraneContent,,,,,,,,,,,,,,,,,,,,,,,,,,,,,,,,
endosome679c,initSolubleContent,protonEn,3.755662041,,,,,,,,,,,,,,,,,,,,,,,,,,,,,,
endosome680T,initOrgProp,area,7539.822369,volume,50265.48246,xcoor,25.11075775,ycoor,25.28000518,pH,7.246740164,,,,,,,,,,,,,,,,,,,,,,
endosome680T,initRabContent,RabI,7539.822369,,,,,,,,,,,,,,,,,,,,,,,,,,,,,,
endosome680T,initMembraneContent,EEA1,4.55E-04,exCxEn,1.61E-04,R-TfaEn,4.26E-43,oMHCIEn,1.82E-06,membraneMarker,0,M6PR,0.003131078,cMHCIEn,2.29E-06,R-TfEn,2.26E-43,pepMHCIEn,0,REn,7.11E-08,imCxEn,1.61E-04,,,,,,,,,,
endosome680T,initSolubleContent,povaEn,0,NH3Cy,0,protonEn,1.847932498,FeEn,0,NH3En,0,NH4En,0,ovaEn,0,TfaEn,3.24E-09,solubleMarker,0,mvb,0,bead2,0,bead3,0,bead4,0,TfEn,0,pepEn,0,bead1,0
endosome681S,initOrgProp,area,7539.822369,volume,50265.48246,xcoor,24.46836282,ycoor,22.42875715,pH,7.691788842,,,,,,,,,,,,,,,,,,,,,,
endosome681S,initRabContent,RabD,1432.566494,RabA,6107.255875,,,,,,,,,,,,,,,,,,,,,,,,,,,,
endosome681S,initMembraneContent,EEA1,11.03169349,exCxEn,2.25E-07,R-TfaEn,1.54E-42,oMHCIEn,6.11E-06,membraneMarker,0,M6PR,0.694318643,cMHCIEn,7.73E-06,R-TfEn,5.65E-43,pepMHCIEn,0,REn,2.14E-07,imCxEn,2.25E-07,,,,,,,,,,
endosome681S,initSolubleContent,povaEn,0,NH3Cy,0,protonEn,0.022070876,FeEn,0,NH3En,0,NH4En,0,ovaEn,0,TfaEn,1.27E-09,solubleMarker,0,mvb,0,bead2,0,bead3,0,bead4,0,TfEn,0,pepEn,0,bead1,0
endosome682c,initOrgProp,area,13823.00768,volume,125663.7061,xcoor,25.58617716,ycoor,21.42730641,pH,8.075884469,,,,,,,,,,,,,,,,,,,,,,
endosome682c,initRabContent,RabC,13823.00768,,,,,,,,,,,,,,,,,,,,,,,,,,,,,,
endosome682c,initMembraneContent,EEA1,0.020204567,exCxEn,4.17E-05,R-TfaEn,2.82E-39,oMHCIEn,0.011213169,membraneMarker,0,M6PR,0.002540754,cMHCIEn,0.014192684,R-TfEn,1.04E-39,pepMHCIEn,0,REn,3.92E-04,imCxEn,4.17E-05,,,,,,,,,,
endosome682c,initSolubleContent,povaEn,0,NH3Cy,0,protonEn,0.055177191,FeEn,0,NH3En,0,NH4En,0,ovaEn,0,TfaEn,3.18E-09,solubleMarker,0,mvb,0,bead2,0,bead3,0,bead4,0,TfEn,0,pepEn,0,bead1,0
endosome683d,initOrgProp,area,7539.822369,volume,50265.48246,xcoor,38.4666044,ycoor,12.27328648,pH,7.224066642,,,,,,,,,,,,,,,,,,,,,,
endosome683d,initRabContent,RabB,7539.822369,,,,,,,,,,,,,,,,,,,,,,,,,,,,,,
endosome683d,initMembraneContent,,,,,,,,,,,,,,,,,,,,,,,,,,,,,,,,
endosome683d,initSolubleContent,protonEn,2.000566202,,,,,,,,,,,,,,,,,,,,,,,,,,,,,,
endosome684e,initOrgProp,area,11824.52792,volume,103034.4926,xcoor,21.35657616,ycoor,24.38359126,pH,8.000112634,,,,,,,,,,,,,,,,,,,,,,
endosome684e,initRabContent,RabD,11824.52792,,,,,,,,,,,,,,,,,,,,,,,,,,,,,,
endosome684e,initMembraneContent,EEA1,9.55E-04,exCxEn,7.69E-10,R-TfaEn,6.64E-43,oMHCIEn,3.70E-05,membraneMarker,0,M6PR,0.107993021,cMHCIEn,4.92E-06,R-TfEn,3.76E-43,pepMHCIEn,0,REn,1.15E-07,imCxEn,7.69E-10,,,,,,,,,,
endosome684e,initSolubleContent,povaEn,0,NH3Cy,0,protonEn,0.030077741,FeEn,0,NH3En,0,NH4En,0,ovaEn,0,TfaEn,2.36E-09,solubleMarker,0,mvb,0,bead2,0,bead3,0,bead4,0,TfEn,0,pepEn,0,bead1,0
endosome685o,initOrgProp,area,12566.37061,volume,100530.9649,xcoor,24.35344038,ycoor,19.96396873,pH,7.981254369,,,,,,,,,,,,,,,,,,,,,,
endosome685o,initRabContent,RabE,12566.37061,,,,,,,,,,,,,,,,,,,,,,,,,,,,,,
endosome685o,initMembraneContent,EEA1,0.015697116,exCxEn,3.26E-07,R-TfaEn,2.20E-42,oMHCIEn,8.76E-06,membraneMarker,0,M6PR,2.443516874,cMHCIEn,1.11E-05,R-TfEn,8.11E-43,pepMHCIEn,0,REn,3.06E-07,imCxEn,3.26E-07,,,,,,,,,,
endosome685o,initSolubleContent,povaEn,0,NH3Cy,0,protonEn,0.049652349,FeEn,0,NH3En,0,NH4En,0,ovaEn,0,TfaEn,2.74E-09,solubleMarker,0,mvb,0,bead2,0,bead3,0,bead4,0,TfEn,0,pepEn,0,bead1,0
endosome686H,initOrgProp,area,8466.884678,volume,66079.12579,xcoor,24.78070771,ycoor,24.68976076,pH,7.260163741,,,,,,,,,,,,,,,,,,,,,,
endosome686H,initRabContent,RabC,8466.884678,,,,,,,,,,,,,,,,,,,,,,,,,,,,,,
endosome686H,initMembraneContent,,,,,,,,,,,,,,,,,,,,,,,,,,,,,,,,
endosome686H,initSolubleContent,protonEn,2.629949206,,,,,,,,,,,,,,,,,,,,,,,,,,,,,,
endosome687T,initOrgProp,area,8703.5738,volume,61902.99677,xcoor,25.18979849,ycoor,49.38867441,pH,7.25216648,,,,,,,,,,,,,,,,,,,,,,
endosome687T,initRabContent,RabC,696.285904,RabB,8007.287896,,,,,,,,,,,,,,,,,,,,,,,,,,,,
endosome687T,initMembraneContent,,,,,,,,,,,,,,,,,,,,,,,,,,,,,,,,
endosome687T,initSolubleContent,protonEn,2.463739272,,,,,,,,,,,,,,,,,,,,,,,,,,,,,,
endosome688c,initOrgProp,area,7539.822369,volume,50265.48246,xcoor,22.80038013,ycoor,17.44393762,pH,7.692834657,,,,,,,,,,,,,,,,,,,,,,
endosome688c,initRabContent,RabE,6031.857895,RabF,1507.964474,,,,,,,,,,,,,,,,,,,,,,,,,,,,
endosome688c,initMembraneContent,EEA1,3.93E-04,exCxEn,7.33E-12,R-TfaEn,2.60E-42,oMHCIEn,6.37E-06,membraneMarker,0,M6PR,9.15E-05,cMHCIEn,2.01E-05,R-TfEn,1.47E-42,pepMHCIEn,0,REn,4.50E-07,imCxEn,7.33E-12,,,,,,,,,,
endosome688c,initSolubleContent,povaEn,0,NH3Cy,0,protonEn,0.019612611,FeEn,0,NH3En,0,NH4En,0,ovaEn,0,TfaEn,1.23E-09,solubleMarker,0,mvb,0,bead2,0,bead3,0,bead4,0,TfEn,0,pepEn,0,bead1,0
endosome689S,initOrgProp,area,12566.37061,volume,100530.9649,xcoor,18.04625891,ycoor,45.74087666,pH,7.303231498,,,,,,,,,,,,,,,,,,,,,,
endosome689S,initRabContent,RabC,1005.309649,RabB,11561.06097,,,,,,,,,,,,,,,,,,,,,,,,,,,,
endosome689S,initMembraneContent,,,,,,,,,,,,,,,,,,,,,,,,,,,,,,,,
endosome689S,initSolubleContent,protonEn,4.001132404,,,,,,,,,,,,,,,,,,,,,,,,,,,,,,
endosome690u,initOrgProp,area,16336.2818,volume,150796.4474,xcoor,21.76995177,ycoor,35.60775787,pH,7.352329338,,,,,,,,,,,,,,,,,,,,,,
endosome690u,initRabContent,RabD,3103.909296,RabA,13232.3725,,,,,,,,,,,,,,,,,,,,,,,,,,,,
endosome690u,initMembraneContent,EEA1,3.106875325,exCxEn,3.30E-10,R-TfaEn,2.89E-42,oMHCIEn,1.53E-05,membraneMarker,0,M6PR,4.078558927,cMHCIEn,2.26E-05,R-TfEn,1.63E-42,pepMHCIEn,0,REn,5.00E-07,imCxEn,3.30E-10,,,,,,,,,,
endosome690u,initSolubleContent,povaEn,0,NH3Cy,0,protonEn,5.699798971,FeEn,0,NH3En,0,NH4En,0,ovaEn,0,TfaEn,2.89E-07,solubleMarker,0,mvb,0,bead2,0,bead3,0,bead4,0,TfEn,0,pepEn,0,bead1,0
endosome691o,initOrgProp,area,7539.822369,volume,50265.48246,xcoor,21.3239663,ycoor,24.41012572,pH,7.483546493,,,,,,,,,,,,,,,,,,,,,,
endosome691o,initRabContent,RabD,753.9833244,RabA,6785.839044,,,,,,,,,,,,,,,,,,,,,,,,,,,,
endosome691o,initMembraneContent,EEA1,0.416318523,exCxEn,2.04E-13,R-TfaEn,1.11E-41,oMHCIEn,0.001666754,membraneMarker,0,M6PR,1.101681041,cMHCIEn,8.34E-05,R-TfEn,6.28E-42,pepMHCIEn,0,REn,1.92E-06,imCxEn,2.04E-13,,,,,,,,,,
endosome691o,initSolubleContent,povaEn,0,NH3Cy,0,protonEn,0.650909865,FeEn,0,NH3En,0,NH4En,0,ovaEn,0,TfaEn,6.15E-08,solubleMarker,0,mvb,0,bead2,0,bead3,0,bead4,0,TfEn,0,pepEn,0,bead1,0
endosome692Y,initOrgProp,area,7539.822369,volume,50265.48246,xcoor,21.24227466,ycoor,21.50318247,pH,7.692442142,,,,,,,,,,,,,,,,,,,,,,
endosome692Y,initRabContent,RabC,7539.822369,,,,,,,,,,,,,,,,,,,,,,,,,,,,,,
endosome692Y,initMembraneContent,EEA1,8.68E-04,exCxEn,5.47E-06,R-TfaEn,7.77E-40,oMHCIEn,0.00267688,membraneMarker,0,M6PR,8.92E-05,cMHCIEn,0.003859367,R-TfEn,3.76E-40,pepMHCIEn,0,REn,1.23E-04,imCxEn,5.47E-06,,,,,,,,,,
endosome692Y,initSolubleContent,povaEn,0,NH3Cy,0,protonEn,0.020534553,FeEn,0,NH3En,0,NH4En,0,ovaEn,0,TfaEn,7.94E-10,solubleMarker,0,mvb,0,bead2,0,bead3,0,bead4,0,TfEn,0,pepEn,0,bead1,0
endosome693A,initOrgProp,area,14420.02036,volume,119067.4624,xcoor,0.702736406,ycoor,4.161204428,pH,7.316965576,,,,,,,,,,,,,,,,,,,,,,
endosome693A,initRabContent,RabC,2214.915128,RabB,12205.10523,,,,,,,,,,,,,,,,,,,,,,,,,,,,
endosome693A,initMembraneContent,,,,,,,,,,,,,,,,,,,,,,,,,,,,,,,,
endosome693A,initSolubleContent,protonEn,4.738885003,,,,,,,,,,,,,,,,,,,,,,,,,,,,,,
endosome694n,initOrgProp,area,14420.02036,volume,119067.4624,xcoor,0.484944704,ycoor,4.06398818,pH,7.316965576,,,,,,,,,,,,,,,,,,,,,,
endosome694n,initRabContent,RabB,14420.02036,,,,,,,,,,,,,,,,,,,,,,,,,,,,,,
endosome694n,initMembraneContent,,,,,,,,,,,,,,,,,,,,,,,,,,,,,,,,
endosome694n,initSolubleContent,protonEn,4.738885003,,,,,,,,,,,,,,,,,,,,,,,,,,,,,,
endosome695A,initOrgProp,area,14420.02036,volume,119067.4624,xcoor,0.577220203,ycoor,8.906037989,pH,7.316965576,,,,,,,,,,,,,,,,,,,,,,
endosome695A,initRabContent,RabC,1153.601629,RabB,13266.41873,,,,,,,,,,,,,,,,,,,,,,,,,,,,
endosome695A,initMembraneContent,,,,,,,,,,,,,,,,,,,,,,,,,,,,,,,,
endosome695A,initSolubleContent,protonEn,4.738885003,,,,,,,,,,,,,,,,,,,,,,,,,,,,,,
endosome696A,initOrgProp,area,9881.637808,volume,83697.77311,xcoor,20.18580345,ycoor,20.55751356,pH,7.293476451,,,,,,,,,,,,,,,,,,,,,,
endosome696A,initRabContent,RabC,9881.637808,,,,,,,,,,,,,,,,,,,,,,,,,,,,,,
endosome696A,initMembraneContent,EEA1,0.00207659,exCxEn,0,R-TfaEn,6.22E-40,oMHCIEn,0.001241173,membraneMarker,0,M6PR,0.00973058,cMHCIEn,0.00501731,R-TfEn,3.52E-40,pepMHCIEn,0,REn,1.08E-04,imCxEn,0,,,,,,,,,,
endosome696A,initSolubleContent,povaEn,0,NH3Cy,0,protonEn,3.258311739,FeEn,0,NH3En,0,NH4En,0,ovaEn,0,TfaEn,1.19E-07,solubleMarker,0,mvb,0,bead2,0,bead3,0,bead4,0,TfEn,0,pepEn,0,bead1,0
endosome697v,initOrgProp,area,11949.61091,volume,101213.5683,xcoor,10.53572824,ycoor,10.99660474,pH,7.311494843,,,,,,,,,,,,,,,,,,,,,,
endosome697v,initRabContent,RabC,3388.993779,RabB,8560.617131,,,,,,,,,,,,,,,,,,,,,,,,,,,,
endosome697v,initMembraneContent,EEA1,0.002511167,exCxEn,0,R-TfaEn,7.52E-40,oMHCIEn,1.50E-06,membraneMarker,0,M6PR,0.011766941,cMHCIEn,0.006067305,R-TfEn,4.25E-40,pepMHCIEn,0,REn,1.30E-04,imCxEn,0,,,,,,,,,,
endosome697v,initSolubleContent,povaEn,0,NH3Cy,0,protonEn,3.940192736,FeEn,0,NH3En,0,NH4En,0,ovaEn,0,TfaEn,1.44E-07,solubleMarker,0,mvb,0,bead2,0,bead3,0,bead4,0,TfEn,0,pepEn,0,bead1,0
endosome698s,initOrgProp,area,11949.61091,volume,101213.5683,xcoor,0.740719528,ycoor,9.029263367,pH,7.311494843,,,,,,,,,,,,,,,,,,,,,,
endosome698s,initRabContent,RabC,955.9688728,RabB,10993.64204,,,,,,,,,,,,,,,,,,,,,,,,,,,,
endosome698s,initMembraneContent,EEA1,0.002511167,exCxEn,0,R-TfaEn,7.52E-40,oMHCIEn,1.50E-06,membraneMarker,0,M6PR,0.011766941,cMHCIEn,0.006067305,R-TfEn,4.25E-40,pepMHCIEn,0,REn,1.30E-04,imCxEn,0,,,,,,,,,,
endosome698s,initSolubleContent,povaEn,0,NH3Cy,0,protonEn,3.940192736,FeEn,0,NH3En,0,NH4En,0,ovaEn,0,TfaEn,1.44E-07,solubleMarker,0,mvb,0,bead2,0,bead3,0,bead4,0,TfEn,0,pepEn,0,bead1,0
endosome699Z,initOrgProp,area,7539.822369,volume,50265.48246,xcoor,33.3393801,ycoor,10.16074622,pH,7.224066642,,,,,,,,,,,,,,,,,,,,,,
endosome699Z,initRabContent,RabD,753.9968037,RabA,4750.077895,RabB,2035.747669,,,,,,,,,,,,,,,,,,,,,,,,,,
endosome699Z,initMembraneContent,EEA1,1.382242992,exCxEn,0,R-TfaEn,3.98E-43,oMHCIEn,6.88E-07,membraneMarker,0,M6PR,1.188250544,cMHCIEn,2.76E-06,R-TfEn,2.25E-43,pepMHCIEn,0,REn,6.89E-08,imCxEn,0,,,,,,,,,,
endosome699Z,initSolubleContent,povaEn,0,NH3Cy,0,protonEn,2.000566202,FeEn,0,NH3En,0,NH4En,0,ovaEn,0,TfaEn,5.42E-08,solubleMarker,0,mvb,0,bead2,0,bead3,0,bead4,0,TfEn,0,pepEn,0,bead1,0
endosome700x,initOrgProp,area,7539.822369,volume,50265.48246,xcoor,29.58826982,ycoor,20.8061382,pH,7.224066642,,,,,,,,,,,,,,,,,,,,,,
endosome700x,initRabContent,RabC,7539.822369,,,,,,,,,,,,,,,,,,,,,,,,,,,,,,
endosome700x,initMembraneContent,EEA1,0.001380862,exCxEn,0,R-TfaEn,3.98E-40,oMHCIEn,6.89E-04,membraneMarker,0,M6PR,0.002371758,cMHCIEn,0.002763132,R-TfEn,2.25E-40,pepMHCIEn,0,REn,6.90E-05,imCxEn,0,,,,,,,,,,
endosome700x,initSolubleContent,povaEn,0,NH3Cy,0,protonEn,2.000566202,FeEn,0,NH3En,0,NH4En,0,ovaEn,0,TfaEn,5.42E-08,solubleMarker,0,mvb,0,bead2,0,bead3,0,bead4,0,TfEn,0,pepEn,0,bead1,0
endosome701g,initOrgProp,area,9873.704727,volume,84970.53562,xcoor,21.49522542,ycoor,22.02240372,pH,7.912962108,,,,,,,,,,,,,,,,,,,,,,
endosome701g,initRabContent,RabC,2800.252171,RabB,7073.452555,,,,,,,,,,,,,,,,,,,,,,,,,,,,
endosome701g,initMembraneContent,EEA1,0.003772721,exCxEn,4.66E-06,R-TfaEn,7.85E-40,oMHCIEn,3.17E-06,membraneMarker,0,M6PR,4.83E-04,cMHCIEn,0.003823767,R-TfEn,3.65E-40,pepMHCIEn,0,REn,1.22E-04,imCxEn,4.66E-06,,,,,,,,,,
endosome701g,initSolubleContent,povaEn,0,NH3Cy,0,protonEn,0.0382603,FeEn,0,NH3En,0,NH4En,0,ovaEn,0,TfaEn,2.18E-09,solubleMarker,0,mvb,0,bead2,0,bead3,0,bead4,0,TfEn,0,pepEn,0,bead1,0
endosome702s,initOrgProp,area,13975.38175,volume,120268.5016,xcoor,22.25350712,ycoor,22.15906826,pH,8.057247768,,,,,,,,,,,,,,,,,,,,,,
endosome702s,initRabContent,RabC,13975.38175,,,,,,,,,,,,,,,,,,,,,,,,,,,,,,
endosome702s,initMembraneContent,EEA1,0.005339963,exCxEn,6.59E-06,R-TfaEn,1.11E-39,oMHCIEn,0.00448691,membraneMarker,0,M6PR,6.84E-04,cMHCIEn,0.005412213,R-TfEn,5.17E-40,pepMHCIEn,0,REn,1.73E-04,imCxEn,6.59E-06,,,,,,,,,,
endosome702s,initSolubleContent,povaEn,0,NH3Cy,0,protonEn,0.054154172,FeEn,0,NH3En,0,NH4En,0,ovaEn,0,TfaEn,3.09E-09,solubleMarker,0,mvb,0,bead2,0,bead3,0,bead4,0,TfEn,0,pepEn,0,bead1,0
endosome703Q,initOrgProp,area,7539.822369,volume,50265.48246,xcoor,23.2679007,ycoor,25.00453962,pH,7.646612951,,,,,,,,,,,,,,,,,,,,,,
endosome703Q,initRabContent,RabC,7539.822369,,,,,,,,,,,,,,,,,,,,,,,,,,,,,,
endosome703Q,initMembraneContent,EEA1,4.62E-05,exCxEn,3.46E-06,R-TfaEn,5.94E-40,oMHCIEn,0.00407331,membraneMarker,0,M6PR,1.84E-04,cMHCIEn,0.003755465,R-TfEn,3.12E-40,pepMHCIEn,0,REn,9.87E-05,imCxEn,3.46E-06,,,,,,,,,,
endosome703Q,initSolubleContent,povaEn,0,NH3Cy,0,protonEn,0.134114503,FeEn,0,NH3En,0,NH4En,0,ovaEn,0,TfaEn,4.68E-09,solubleMarker,0,mvb,0,bead2,0,bead3,0,bead4,0,TfEn,0,pepEn,0,bead1,0
endosome704G,initOrgProp,area,10388.19754,volume,88386.48025,xcoor,24.51345456,ycoor,20.15540189,pH,7.874502223,,,,,,,,,,,,,,,,,,,,,,
endosome704G,initRabContent,RabE,10388.19754,,,,,,,,,,,,,,,,,,,,,,,,,,,,,,
endosome704G,initMembraneContent,EEA1,0.011484654,exCxEn,8.27E-07,R-TfaEn,3.60E-42,oMHCIEn,1.05E-05,membraneMarker,0,M6PR,2.661633202,cMHCIEn,1.81E-05,R-TfEn,1.31E-42,pepMHCIEn,0,REn,4.97E-07,imCxEn,8.27E-07,,,,,,,,,,
endosome704G,initSolubleContent,povaEn,0,NH3Cy,0,protonEn,0.180004373,FeEn,0,NH3En,0,NH4En,0,ovaEn,0,TfaEn,8.76E-09,solubleMarker,0,mvb,0,bead2,0,bead3,0,bead4,0,TfEn,0,pepEn,0,bead1,0
endosome705E,initOrgProp,area,13099.41455,volume,111454.4791,xcoor,25.81434846,ycoor,21.37412306,pH,7.95825872,,,,,,,,,,,,,,,,,,,,,,
endosome705E,initRabContent,RabC,13099.41455,,,,,,,,,,,,,,,,,,,,,,,,,,,,,,
endosome705E,initMembraneContent,EEA1,0.014482035,exCxEn,1.05E-04,R-TfaEn,4.54E-39,oMHCIEn,0.013300484,membraneMarker,0,M6PR,0.00335294,cMHCIEn,0.022831903,R-TfEn,1.65E-39,pepMHCIEn,0,REn,6.28E-04,imCxEn,1.05E-04,,,,,,,,,,
endosome705E,initSolubleContent,povaEn,0,NH3Cy,0,protonEn,0.226983737,FeEn,0,NH3En,0,NH4En,0,ovaEn,0,TfaEn,1.10E-08,solubleMarker,0,mvb,0,bead2,0,bead3,0,bead4,0,TfEn,0,pepEn,0,bead1,0
endosome706r,initOrgProp,area,12566.37061,volume,100530.9649,xcoor,20.32856042,ycoor,21.45182414,pH,8.000197108,,,,,,,,,,,,,,,,,,,,,,
endosome706r,initRabContent,RabC,12566.37061,,,,,,,,,,,,,,,,,,,,,,,,,,,,,,
endosome706r,initMembraneContent,EEA1,0.003467469,exCxEn,1.43E-06,R-TfaEn,6.45E-40,oMHCIEn,0.003504741,membraneMarker,0,M6PR,8.64E-05,cMHCIEn,0.00314347,R-TfEn,3.00E-40,pepMHCIEn,0,REn,1.00E-04,imCxEn,1.43E-06,,,,,,,,,,
endosome706r,initSolubleContent,povaEn,0,NH3Cy,0,protonEn,0.004853486,FeEn,0,NH3En,0,NH4En,0,ovaEn,0,TfaEn,2.43E-10,solubleMarker,0,mvb,0,bead2,0,bead3,0,bead4,0,TfEn,0,pepEn,0,bead1,0
endosome707A,initOrgProp,area,7539.822369,volume,50265.48246,xcoor,27.87370438,ycoor,4.566299574,pH,7.224066642,,,,,,,,,,,,,,,,,,,,,,
endosome707A,initRabContent,RabC,603.1857895,RabB,6936.636579,,,,,,,,,,,,,,,,,,,,,,,,,,,,
endosome707A,initMembraneContent,,,,,,,,,,,,,,,,,,,,,,,,,,,,,,,,
endosome707A,initSolubleContent,protonEn,2.000566202,,,,,,,,,,,,,,,,,,,,,,,,,,,,,,
endosome708n,initOrgProp,area,12566.37061,volume,100530.9649,xcoor,9.437737237,ycoor,20.44495828,pH,7.86650829,,,,,,,,,,,,,,,,,,,,,,
endosome708n,initRabContent,RabC,12566.37061,,,,,,,,,,,,,,,,,,,,,,,,,,,,,,
endosome708n,initMembraneContent,EEA1,0.001145552,exCxEn,5.11E-06,R-TfaEn,8.92E-40,oMHCIEn,0.008978264,membraneMarker,0,M6PR,0.001668669,cMHCIEn,0.005653343,R-TfEn,4.70E-40,pepMHCIEn,0,REn,1.48E-04,imCxEn,5.11E-06,,,,,,,,,,
endosome708n,initSolubleContent,povaEn,0,NH3Cy,0,protonEn,0.367072544,FeEn,0,NH3En,0,NH4En,0,ovaEn,0,TfaEn,2.20E-08,solubleMarker,0,mvb,0,bead2,0,bead3,0,bead4,0,TfEn,0,pepEn,0,bead1,0
endosome709k,initOrgProp,area,9383.49378,volume,76785.01645,xcoor,26.94383966,ycoor,20.15365133,pH,7.806031785,,,,,,,,,,,,,,,,,,,,,,
endosome709k,initRabContent,RabB,3182.876834,RabC,6200.616946,,,,,,,,,,,,,,,,,,,,,,,,,,,,
endosome709k,initMembraneContent,EEA1,0.009210891,exCxEn,7.45E-05,R-TfaEn,2.79E-39,oMHCIEn,0.006070883,membraneMarker,0,M6PR,0.003247729,cMHCIEn,0.01383135,R-TfEn,1.05E-39,pepMHCIEn,0,REn,3.90E-04,imCxEn,7.45E-05,,,,,,,,,,
endosome709k,initSolubleContent,povaEn,0,NH3Cy,0,protonEn,0.200175333,FeEn,0,NH3En,0,NH4En,0,ovaEn,0,TfaEn,1.05E-08,solubleMarker,0,mvb,0,bead2,0,bead3,0,bead4,0,TfEn,0,pepEn,0,bead1,0
endosome710f,initOrgProp,area,11309.73355,volume,100530.9649,xcoor,21.38310499,ycoor,23.5956922,pH,7.754932179,,,,,,,,,,,,,,,,,,,,,,
endosome710f,initRabContent,RabC,1737.175074,RabB,9572.558479,,,,,,,,,,,,,,,,,,,,,,,,,,,,
endosome710f,initMembraneContent,EEA1,9.44E-04,exCxEn,3.76E-06,R-TfaEn,2.98E-39,oMHCIEn,4.67E-04,membraneMarker,0,M6PR,0.002007332,cMHCIEn,0.022664225,R-TfEn,1.66E-39,pepMHCIEn,0,REn,5.11E-04,imCxEn,3.76E-06,,,,,,,,,,
endosome710f,initSolubleContent,povaEn,0,NH3Cy,0,protonEn,0.767533575,FeEn,0,NH3En,0,NH4En,0,ovaEn,0,TfaEn,6.30E-08,solubleMarker,0,mvb,0,bead2,0,bead3,0,bead4,0,TfEn,0,pepEn,0,bead1,0
endosome711J,initOrgProp,area,9687.599053,volume,71743.24931,xcoor,1.663933234,ycoor,49.30937697,pH,7.269713703,,,,,,,,,,,,,,,,,,,,,,
endosome711J,initRabContent,RabA,1988.598098,RabB,6945.004042,RabD,753.9969131,,,,,,,,,,,,,,,,,,,,,,,,,,
endosome711J,initMembraneContent,,,,,,,,,,,,,,,,,,,,,,,,,,,,,,,,
endosome711J,initSolubleContent,protonEn,2.855381322,,,,,,,,,,,,,,,,,,,,,,,,,,,,,,
endosome712k,initOrgProp,area,7539.822369,volume,50265.48246,xcoor,25.55086307,ycoor,23.71734874,pH,7.258614712,,,,,,,,,,,,,,,,,,,,,,
endosome712k,initRabContent,RabG,1507.964474,RabF,6031.857895,,,,,,,,,,,,,,,,,,,,,,,,,,,,
endosome712k,initMembraneContent,EEA1,0.00110563,exCxEn,1.56E-07,R-TfaEn,9.45E-43,oMHCIEn,3.33E-06,membraneMarker,0,M6PR,0.081623358,cMHCIEn,4.90E-06,R-TfEn,4.47E-43,pepMHCIEn,0,REn,1.48E-07,imCxEn,1.56E-07,,,,,,,,,,
endosome712k,initSolubleContent,povaEn,0,NH3Cy,0,protonEn,1.77111879,FeEn,0,NH3En,0,NH4En,0,ovaEn,0,TfaEn,3.22E-09,solubleMarker,0,mvb,0,bead2,0,bead3,0,bead4,0,TfEn,0,pepEn,0,bead1,0
endosome713a,initOrgProp,area,7539.822369,volume,50265.48246,xcoor,25.63281226,ycoor,25.43379627,pH,7.258614712,,,,,,,,,,,,,,,,,,,,,,
endosome713a,initRabContent,RabE,6031.857895,RabF,1507.964474,,,,,,,,,,,,,,,,,,,,,,,,,,,,
endosome713a,initMembraneContent,EEA1,0.00110563,exCxEn,1.56E-07,R-TfaEn,9.45E-43,oMHCIEn,3.33E-06,membraneMarker,0,M6PR,0.081623358,cMHCIEn,4.90E-06,R-TfEn,4.47E-43,pepMHCIEn,0,REn,1.48E-07,imCxEn,1.56E-07,,,,,,,,,,
endosome713a,initSolubleContent,povaEn,0,NH3Cy,0,protonEn,1.77111879,FeEn,0,NH3En,0,NH4En,0,ovaEn,0,TfaEn,3.22E-09,solubleMarker,0,mvb,0,bead2,0,bead3,0,bead4,0,TfEn,0,pepEn,0,bead1,0
endosome714w,initOrgProp,area,7539.822369,volume,50265.48246,xcoor,38.16858641,ycoor,33.01876153,pH,7.245346981,,,,,,,,,,,,,,,,,,,,,,
endosome714w,initRabContent,RabA,7539.822369,,,,,,,,,,,,,,,,,,,,,,,,,,,,,,
endosome714w,initMembraneContent,EEA1,1.901845636,exCxEn,6.76E-12,R-TfaEn,1.20E-39,oMHCIEn,0.002938889,membraneMarker,0,M6PR,2.856373836,cMHCIEn,0.008919201,R-TfEn,6.77E-40,pepMHCIEn,0,REn,2.07E-04,imCxEn,6.76E-12,,,,,,,,,,
endosome714w,initSolubleContent,povaEn,0,NH3Cy,0,protonEn,1.857083112,FeEn,0,NH3En,0,NH4En,0,ovaEn,0,TfaEn,1.69E-07,solubleMarker,0,mvb,0,bead2,0,bead3,0,bead4,0,TfEn,0,pepEn,0,bead1,0
endosome715G,initOrgProp,area,9383.49378,volume,76785.01645,xcoor,25.08415269,ycoor,21.64463729,pH,7.806031785,,,,,,,,,,,,,,,,,,,,,,
endosome715G,initRabContent,RabC,9383.49378,,,,,,,,,,,,,,,,,,,,,,,,,,,,,,
endosome715G,initMembraneContent,EEA1,0.009210891,exCxEn,7.45E-05,R-TfaEn,2.79E-39,oMHCIEn,0.009182456,membraneMarker,0,M6PR,0.003247729,cMHCIEn,0.01383135,R-TfEn,1.05E-39,pepMHCIEn,0,REn,3.90E-04,imCxEn,7.45E-05,,,,,,,,,,
endosome715G,initSolubleContent,povaEn,0,NH3Cy,0,protonEn,0.200175333,FeEn,0,NH3En,0,NH4En,0,ovaEn,0,TfaEn,1.05E-08,solubleMarker,0,mvb,0,bead2,0,bead3,0,bead4,0,TfEn,0,pepEn,0,bead1,0
endosome716k,initOrgProp,area,9383.49378,volume,76785.01645,xcoor,25.44394375,ycoor,19.78693585,pH,7.806031785,,,,,,,,,,,,,,,,,,,,,,
endosome716k,initRabContent,RabC,9383.49378,,,,,,,,,,,,,,,,,,,,,,,,,,,,,,
endosome716k,initMembraneContent,EEA1,0.009210891,exCxEn,7.45E-05,R-TfaEn,2.79E-39,oMHCIEn,0.009182456,membraneMarker,0,M6PR,0.003247729,cMHCIEn,0.01383135,R-TfEn,1.05E-39,pepMHCIEn,0,REn,3.90E-04,imCxEn,7.45E-05,,,,,,,,,,
endosome716k,initSolubleContent,povaEn,0,NH3Cy,0,protonEn,0.200175333,FeEn,0,NH3En,0,NH4En,0,ovaEn,0,TfaEn,1.05E-08,solubleMarker,0,mvb,0,bead2,0,bead3,0,bead4,0,TfEn,0,pepEn,0,bead1,0
endosome717n,initOrgProp,area,9383.49378,volume,76785.01645,xcoor,24.23570669,ycoor,21.75019061,pH,7.806031785,,,,,,,,,,,,,,,,,,,,,,
endosome717n,initRabContent,RabC,9383.49378,,,,,,,,,,,,,,,,,,,,,,,,,,,,,,
endosome717n,initMembraneContent,EEA1,0.009210891,exCxEn,7.45E-05,R-TfaEn,2.79E-39,oMHCIEn,0.009182456,membraneMarker,0,M6PR,0.003247729,cMHCIEn,0.01383135,R-TfEn,1.05E-39,pepMHCIEn,0,REn,3.90E-04,imCxEn,7.45E-05,,,,,,,,,,
endosome717n,initSolubleContent,povaEn,0,NH3Cy,0,protonEn,0.200175333,FeEn,0,NH3En,0,NH4En,0,ovaEn,0,TfaEn,1.05E-08,solubleMarker,0,mvb,0,bead2,0,bead3,0,bead4,0,TfEn,0,pepEn,0,bead1,0
endosome718D,initOrgProp,area,9383.49378,volume,76785.01645,xcoor,26.2130507,ycoor,20.88862418,pH,7.806031785,,,,,,,,,,,,,,,,,,,,,,
endosome718D,initRabContent,RabC,9383.49378,,,,,,,,,,,,,,,,,,,,,,,,,,,,,,
endosome718D,initMembraneContent,EEA1,0.009210891,exCxEn,7.45E-05,R-TfaEn,2.79E-39,oMHCIEn,0.009182456,membraneMarker,0,M6PR,0.003247729,cMHCIEn,0.01383135,R-TfEn,1.05E-39,pepMHCIEn,0,REn,3.90E-04,imCxEn,7.45E-05,,,,,,,,,,
endosome718D,initSolubleContent,povaEn,0,NH3Cy,0,protonEn,0.200175333,FeEn,0,NH3En,0,NH4En,0,ovaEn,0,TfaEn,1.05E-08,solubleMarker,0,mvb,0,bead2,0,bead3,0,bead4,0,TfEn,0,pepEn,0,bead1,0
endosome719l,initOrgProp,area,9383.49378,volume,76785.01645,xcoor,25.2259463,ycoor,20.22829903,pH,7.806031785,,,,,,,,,,,,,,,,,,,,,,
endosome719l,initRabContent,RabC,9383.49378,,,,,,,,,,,,,,,,,,,,,,,,,,,,,,
endosome719l,initMembraneContent,EEA1,0.009210891,exCxEn,7.45E-05,R-TfaEn,2.79E-39,oMHCIEn,0.009182456,membraneMarker,0,M6PR,0.003247729,cMHCIEn,0.01383135,R-TfEn,1.05E-39,pepMHCIEn,0,REn,3.90E-04,imCxEn,7.45E-05,,,,,,,,,,
endosome719l,initSolubleContent,povaEn,0,NH3Cy,0,protonEn,0.200175333,FeEn,0,NH3En,0,NH4En,0,ovaEn,0,TfaEn,1.05E-08,solubleMarker,0,mvb,0,bead2,0,bead3,0,bead4,0,TfEn,0,pepEn,0,bead1,0
endosome720U,initOrgProp,area,9383.49378,volume,76785.01645,xcoor,25.69720975,ycoor,19.91308473,pH,7.806031785,,,,,,,,,,,,,,,,,,,,,,
endosome720U,initRabContent,RabC,9383.49378,,,,,,,,,,,,,,,,,,,,,,,,,,,,,,
endosome720U,initMembraneContent,EEA1,0.009210891,exCxEn,7.45E-05,R-TfaEn,2.79E-39,oMHCIEn,0.009182456,membraneMarker,0,M6PR,0.003247729,cMHCIEn,0.01383135,R-TfEn,1.05E-39,pepMHCIEn,0,REn,3.90E-04,imCxEn,7.45E-05,,,,,,,,,,
endosome720U,initSolubleContent,povaEn,0,NH3Cy,0,protonEn,0.200175333,FeEn,0,NH3En,0,NH4En,0,ovaEn,0,TfaEn,1.05E-08,solubleMarker,0,mvb,0,bead2,0,bead3,0,bead4,0,TfEn,0,pepEn,0,bead1,0
endosome721g,initOrgProp,area,9383.49378,volume,76785.01645,xcoor,25.28447977,ycoor,20.53676974,pH,7.806031785,,,,,,,,,,,,,,,,,,,,,,
endosome721g,initRabContent,RabC,9383.49378,,,,,,,,,,,,,,,,,,,,,,,,,,,,,,
endosome721g,initMembraneContent,EEA1,0.009210891,exCxEn,7.45E-05,R-TfaEn,2.79E-39,oMHCIEn,0.009182456,membraneMarker,0,M6PR,0.003247729,cMHCIEn,0.01383135,R-TfEn,1.05E-39,pepMHCIEn,0,REn,3.90E-04,imCxEn,7.45E-05,,,,,,,,,,
endosome721g,initSolubleContent,povaEn,0,NH3Cy,0,protonEn,0.200175333,FeEn,0,NH3En,0,NH4En,0,ovaEn,0,TfaEn,1.05E-08,solubleMarker,0,mvb,0,bead2,0,bead3,0,bead4,0,TfEn,0,pepEn,0,bead1,0
endosome722A,initOrgProp,area,9383.49378,volume,76785.01645,xcoor,25.31031467,ycoor,20.56756074,pH,7.806031785,,,,,,,,,,,,,,,,,,,,,,
endosome722A,initRabContent,RabC,9383.49378,,,,,,,,,,,,,,,,,,,,,,,,,,,,,,
endosome722A,initMembraneContent,EEA1,0.009210891,exCxEn,7.45E-05,R-TfaEn,2.79E-39,oMHCIEn,0.009182456,membraneMarker,0,M6PR,0.003247729,cMHCIEn,0.01383135,R-TfEn,1.05E-39,pepMHCIEn,0,REn,3.90E-04,imCxEn,7.45E-05,,,,,,,,,,
endosome722A,initSolubleContent,povaEn,0,NH3Cy,0,protonEn,0.200175333,FeEn,0,NH3En,0,NH4En,0,ovaEn,0,TfaEn,1.05E-08,solubleMarker,0,mvb,0,bead2,0,bead3,0,bead4,0,TfEn,0,pepEn,0,bead1,0
endosome723n,initOrgProp,area,9383.49378,volume,76785.01645,xcoor,25.37801442,ycoor,20.97860493,pH,7.806031785,,,,,,,,,,,,,,,,,,,,,,
endosome723n,initRabContent,RabC,9383.49378,,,,,,,,,,,,,,,,,,,,,,,,,,,,,,
endosome723n,initMembraneContent,EEA1,0.009210891,exCxEn,7.45E-05,R-TfaEn,2.79E-39,oMHCIEn,0.009182456,membraneMarker,0,M6PR,0.003247729,cMHCIEn,0.01383135,R-TfEn,1.05E-39,pepMHCIEn,0,REn,3.90E-04,imCxEn,7.45E-05,,,,,,,,,,
endosome723n,initSolubleContent,povaEn,0,NH3Cy,0,protonEn,0.200175333,FeEn,0,NH3En,0,NH4En,0,ovaEn,0,TfaEn,1.05E-08,solubleMarker,0,mvb,0,bead2,0,bead3,0,bead4,0,TfEn,0,pepEn,0,bead1,0
endosome724K,initOrgProp,area,9383.49378,volume,76785.01645,xcoor,25.51700931,ycoor,19.60640565,pH,7.806031785,,,,,,,,,,,,,,,,,,,,,,
endosome724K,initRabContent,RabC,9383.49378,,,,,,,,,,,,,,,,,,,,,,,,,,,,,,
endosome724K,initMembraneContent,EEA1,0.009210891,exCxEn,7.45E-05,R-TfaEn,2.79E-39,oMHCIEn,0.009182456,membraneMarker,0,M6PR,0.003247729,cMHCIEn,0.01383135,R-TfEn,1.05E-39,pepMHCIEn,0,REn,3.90E-04,imCxEn,7.45E-05,,,,,,,,,,
endosome724K,initSolubleContent,povaEn,0,NH3Cy,0,protonEn,0.200175333,FeEn,0,NH3En,0,NH4En,0,ovaEn,0,TfaEn,1.05E-08,solubleMarker,0,mvb,0,bead2,0,bead3,0,bead4,0,TfEn,0,pepEn,0,bead1,0
endosome725e,initOrgProp,area,9383.49378,volume,76785.01645,xcoor,25.75251627,ycoor,21.04227925,pH,7.806031785,,,,,,,,,,,,,,,,,,,,,,
endosome725e,initRabContent,RabC,9383.49378,,,,,,,,,,,,,,,,,,,,,,,,,,,,,,
endosome725e,initMembraneContent,EEA1,0.009210891,exCxEn,7.45E-05,R-TfaEn,2.79E-39,oMHCIEn,0.009182456,membraneMarker,0,M6PR,0.003247729,cMHCIEn,0.01383135,R-TfEn,1.05E-39,pepMHCIEn,0,REn,3.90E-04,imCxEn,7.45E-05,,,,,,,,,,
endosome725e,initSolubleContent,povaEn,0,NH3Cy,0,protonEn,0.200175333,FeEn,0,NH3En,0,NH4En,0,ovaEn,0,TfaEn,1.05E-08,solubleMarker,0,mvb,0,bead2,0,bead3,0,bead4,0,TfEn,0,pepEn,0,bead1,0
endosome726r,initOrgProp,area,7539.822369,volume,50265.48246,xcoor,25.08112076,ycoor,24.26089035,pH,7.258614712,,,,,,,,,,,,,,,,,,,,,,
endosome726r,initRabContent,RabF,7539.822369,,,,,,,,,,,,,,,,,,,,,,,,,,,,,,
endosome726r,initMembraneContent,EEA1,0.00110563,exCxEn,1.56E-07,R-TfaEn,9.45E-43,oMHCIEn,3.33E-06,membraneMarker,0,M6PR,0.081623358,cMHCIEn,4.90E-06,R-TfEn,4.47E-43,pepMHCIEn,0,REn,1.48E-07,imCxEn,1.56E-07,,,,,,,,,,
endosome726r,initSolubleContent,povaEn,0,NH3Cy,0,protonEn,1.77111879,FeEn,0,NH3En,0,NH4En,0,ovaEn,0,TfaEn,3.22E-09,solubleMarker,0,mvb,0,bead2,0,bead3,0,bead4,0,TfEn,0,pepEn,0,bead1,0
endosome727k,initOrgProp,area,7539.822369,volume,50265.48246,xcoor,2.230384771,ycoor,19.49153015,pH,7.663442325,,,,,,,,,,,,,,,,,,,,,,
endosome727k,initRabContent,RabC,1158.116716,RabB,6381.705653,,,,,,,,,,,,,,,,,,,,,,,,,,,,
endosome727k,initMembraneContent,EEA1,2.55E-04,exCxEn,2.66E-08,R-TfaEn,9.35E-41,oMHCIEn,7.94E-06,membraneMarker,0,M6PR,4.69E-04,cMHCIEn,6.37E-04,R-TfEn,5.27E-41,pepMHCIEn,0,REn,1.62E-05,imCxEn,2.66E-08,,,,,,,,,,
endosome727k,initSolubleContent,povaEn,0,NH3Cy,0,protonEn,0.091006983,FeEn,0,NH3En,0,NH4En,0,ovaEn,0,TfaEn,8.30E-09,solubleMarker,0,mvb,0,bead2,0,bead3,0,bead4,0,TfEn,0,pepEn,0,bead1,0
endosome728U,initOrgProp,area,7539.822369,volume,50265.48246,xcoor,25.35356709,ycoor,24.59786717,pH,7.258614712,,,,,,,,,,,,,,,,,,,,,,
endosome728U,initRabContent,RabE,6031.857895,RabF,1507.964474,,,,,,,,,,,,,,,,,,,,,,,,,,,,
endosome728U,initMembraneContent,EEA1,0.00110563,exCxEn,1.56E-07,R-TfaEn,9.45E-43,oMHCIEn,3.33E-06,membraneMarker,0,M6PR,0.081623358,cMHCIEn,4.90E-06,R-TfEn,4.47E-43,pepMHCIEn,0,REn,1.48E-07,imCxEn,1.56E-07,,,,,,,,,,
endosome728U,initSolubleContent,povaEn,0,NH3Cy,0,protonEn,1.77111879,FeEn,0,NH3En,0,NH4En,0,ovaEn,0,TfaEn,3.22E-09,solubleMarker,0,mvb,0,bead2,0,bead3,0,bead4,0,TfEn,0,pepEn,0,bead1,0
endosome729K,initOrgProp,area,7539.822369,volume,50265.48246,xcoor,0.999500768,ycoor,40.05339464,pH,7.239037024,,,,,,,,,,,,,,,,,,,,,,
endosome729K,initRabContent,RabC,603.1857895,RabB,6936.636579,,,,,,,,,,,,,,,,,,,,,,,,,,,,
endosome729K,initMembraneContent,EEA1,0.001738181,exCxEn,1.66E-07,R-TfaEn,1.79E-39,oMHCIEn,3.47E-05,membraneMarker,0,M6PR,0.005958758,cMHCIEn,0.013055,R-TfEn,1.01E-39,pepMHCIEn,0,REn,3.09E-04,imCxEn,1.66E-07,,,,,,,,,,
endosome729K,initSolubleContent,povaEn,0,NH3Cy,0,protonEn,1.898897312,FeEn,0,NH3En,0,NH4En,0,ovaEn,0,TfaEn,1.41E-07,solubleMarker,0,mvb,0,bead2,0,bead3,0,bead4,0,TfEn,0,pepEn,0,bead1,0
endosome730f,initOrgProp,area,11579.50382,volume,96341.99711,xcoor,25.10769225,ycoor,22.08807574,pH,7.885818943,,,,,,,,,,,,,,,,,,,,,,
endosome730f,initRabContent,RabE,11579.50382,,,,,,,,,,,,,,,,,,,,,,,,,,,,,,
endosome730f,initMembraneContent,EEA1,0.007364807,exCxEn,2.14E-06,R-TfaEn,3.69E-42,oMHCIEn,1.30E-05,membraneMarker,0,M6PR,4.474511671,cMHCIEn,1.77E-05,R-TfEn,1.35E-42,pepMHCIEn,0,REn,5.07E-07,imCxEn,2.14E-06,,,,,,,,,,
endosome730f,initSolubleContent,povaEn,0,NH3Cy,0,protonEn,0.253131658,FeEn,0,NH3En,0,NH4En,0,ovaEn,0,TfaEn,9.64E-09,solubleMarker,0,mvb,0,bead2,0,bead3,0,bead4,0,TfEn,0,pepEn,0,bead1,0
endosome731B,initOrgProp,area,11579.50382,volume,96341.99711,xcoor,25.68469315,ycoor,19.71793857,pH,7.885818943,,,,,,,,,,,,,,,,,,,,,,
endosome731B,initRabContent,RabE,11579.50382,,,,,,,,,,,,,,,,,,,,,,,,,,,,,,
endosome731B,initMembraneContent,EEA1,0.007364807,exCxEn,2.14E-06,R-TfaEn,3.69E-42,oMHCIEn,1.30E-05,membraneMarker,0,M6PR,4.474511671,cMHCIEn,1.77E-05,R-TfEn,1.35E-42,pepMHCIEn,0,REn,5.07E-07,imCxEn,2.14E-06,,,,,,,,,,
endosome731B,initSolubleContent,povaEn,0,NH3Cy,0,protonEn,0.253131658,FeEn,0,NH3En,0,NH4En,0,ovaEn,0,TfaEn,9.64E-09,solubleMarker,0,mvb,0,bead2,0,bead3,0,bead4,0,TfEn,0,pepEn,0,bead1,0
endosome732i,initOrgProp,area,11579.50382,volume,96341.99711,xcoor,26.10026981,ycoor,22.15691896,pH,7.885818943,,,,,,,,,,,,,,,,,,,,,,
endosome732i,initRabContent,RabE,11579.50382,,,,,,,,,,,,,,,,,,,,,,,,,,,,,,
endosome732i,initMembraneContent,EEA1,0.007364807,exCxEn,2.14E-06,R-TfaEn,3.69E-42,oMHCIEn,1.30E-05,membraneMarker,0,M6PR,4.474511671,cMHCIEn,1.77E-05,R-TfEn,1.35E-42,pepMHCIEn,0,REn,5.07E-07,imCxEn,2.14E-06,,,,,,,,,,
endosome732i,initSolubleContent,povaEn,0,NH3Cy,0,protonEn,0.253131658,FeEn,0,NH3En,0,NH4En,0,ovaEn,0,TfaEn,9.64E-09,solubleMarker,0,mvb,0,bead2,0,bead3,0,bead4,0,TfEn,0,pepEn,0,bead1,0
endosome733P,initOrgProp,area,7539.822369,volume,50265.48246,xcoor,19.50259693,ycoor,22.46050645,pH,7.310837423,,,,,,,,,,,,,,,,,,,,,,
endosome733P,initRabContent,RabD,7539.822369,,,,,,,,,,,,,,,,,,,,,,,,,,,,,,
endosome733P,initMembraneContent,EEA1,7.89E-04,exCxEn,0,R-TfaEn,1.83E-42,oMHCIEn,1.94E-05,membraneMarker,0,M6PR,1.855144838,cMHCIEn,1.41E-05,R-TfEn,1.04E-42,pepMHCIEn,0,REn,3.18E-07,imCxEn,0,,,,,,,,,,
endosome733P,initSolubleContent,povaEn,0,NH3Cy,0,protonEn,1.457154317,FeEn,0,NH3En,0,NH4En,0,ovaEn,0,TfaEn,9.08E-08,solubleMarker,0,mvb,0,bead2,0,bead3,0,bead4,0,TfEn,0,pepEn,0,bead1,0
endosome734r,initOrgProp,area,7539.822369,volume,50265.48246,xcoor,11.38229594,ycoor,13.43925683,pH,7.223874678,,,,,,,,,,,,,,,,,,,,,,
endosome734r,initRabContent,RabD,753.9968317,RabA,4750.077876,RabB,2035.747661,,,,,,,,,,,,,,,,,,,,,,,,,,
endosome734r,initMembraneContent,EEA1,3.27533695,exCxEn,0,R-TfaEn,9.37E-42,oMHCIEn,0.002989527,membraneMarker,0,M6PR,3.880540705,cMHCIEn,7.24E-05,R-TfEn,5.29E-42,pepMHCIEn,0,REn,1.62E-06,imCxEn,0,,,,,,,,,,
endosome734r,initSolubleContent,povaEn,0,NH3Cy,0,protonEn,2.001892787,FeEn,0,NH3En,0,NH4En,0,ovaEn,0,TfaEn,1.84E-07,solubleMarker,0,mvb,0,bead2,0,bead3,0,bead4,0,TfEn,0,pepEn,0,bead1,0
endosome735j,initOrgProp,area,7539.822369,volume,50265.48246,xcoor,4.47837182,ycoor,44.04008221,pH,7.224066642,,,,,,,,,,,,,,,,,,,,,,
endosome735j,initRabContent,RabC,603.1857895,RabB,6936.636579,,,,,,,,,,,,,,,,,,,,,,,,,,,,
endosome735j,initMembraneContent,,,,,,,,,,,,,,,,,,,,,,,,,,,,,,,,
endosome735j,initSolubleContent,protonEn,2.000566202,,,,,,,,,,,,,,,,,,,,,,,,,,,,,,
endosome736l,initOrgProp,area,12566.37061,volume,100530.9649,xcoor,6.705053318,ycoor,43.45734237,pH,7.500069697,,,,,,,,,,,,,,,,,,,,,,
endosome736l,initRabContent,RabD,1256.638598,RabA,11309.73202,,,,,,,,,,,,,,,,,,,,,,,,,,,,
endosome736l,initMembraneContent,EEA1,2.448938215,exCxEn,3.28E-08,R-TfaEn,2.33E-42,oMHCIEn,9.56E-07,membraneMarker,0,M6PR,2.270922941,cMHCIEn,1.57E-05,R-TfEn,1.30E-42,pepMHCIEn,0,REn,4.00E-07,imCxEn,3.28E-08,,,,,,,,,,
endosome736l,initSolubleContent,povaEn,0,NH3Cy,0,protonEn,2.1785581,FeEn,0,NH3En,0,NH4En,0,ovaEn,0,TfaEn,1.70E-07,solubleMarker,0,mvb,0,bead2,0,bead3,0,bead4,0,TfEn,0,pepEn,0,bead1,0
endosome737o,initOrgProp,area,7539.822369,volume,50265.48246,xcoor,25.80009956,ycoor,3.144769396,pH,7.224066642,,,,,,,,,,,,,,,,,,,,,,
endosome737o,initRabContent,RabC,603.1857895,RabB,6936.636579,,,,,,,,,,,,,,,,,,,,,,,,,,,,
endosome737o,initMembraneContent,,,,,,,,,,,,,,,,,,,,,,,,,,,,,,,,
endosome737o,initSolubleContent,protonEn,2.000566202,,,,,,,,,,,,,,,,,,,,,,,,,,,,,,
endosome738o,initOrgProp,area,12566.37061,volume,100530.9649,xcoor,48.39517444,ycoor,2.651548374,pH,7.303231498,,,,,,,,,,,,,,,,,,,,,,
endosome738o,initRabContent,RabC,12566.37061,,,,,,,,,,,,,,,,,,,,,,,,,,,,,,
endosome738o,initMembraneContent,,,,,,,,,,,,,,,,,,,,,,,,,,,,,,,,
endosome738o,initSolubleContent,protonEn,4.001132404,,,,,,,,,,,,,,,,,,,,,,,,,,,,,,
endosome739O,initOrgProp,area,7539.822369,volume,50265.48246,xcoor,48.65412266,ycoor,1.920148299,pH,7.224066642,,,,,,,,,,,,,,,,,,,,,,
endosome739O,initRabContent,RabB,7539.822369,,,,,,,,,,,,,,,,,,,,,,,,,,,,,,
endosome739O,initMembraneContent,,,,,,,,,,,,,,,,,,,,,,,,,,,,,,,,
endosome739O,initSolubleContent,protonEn,2.000566202,,,,,,,,,,,,,,,,,,,,,,,,,,,,,,
endosome740h,initOrgProp,area,12566.37061,volume,100530.9649,xcoor,10.34356877,ycoor,49.35242653,pH,7.303231498,,,,,,,,,,,,,,,,,,,,,,
endosome740h,initRabContent,RabC,1930.194526,RabB,10636.17609,,,,,,,,,,,,,,,,,,,,,,,,,,,,
endosome740h,initMembraneContent,,,,,,,,,,,,,,,,,,,,,,,,,,,,,,,,
endosome740h,initSolubleContent,protonEn,4.001132404,,,,,,,,,,,,,,,,,,,,,,,,,,,,,,
endosome741k,initOrgProp,area,11938.05208,volume,100530.9649,xcoor,23.050249,ycoor,17.04457593,pH,7.950861483,,,,,,,,,,,,,,,,,,,,,,
endosome741k,initRabContent,RabA,11938.05208,,,,,,,,,,,,,,,,,,,,,,,,,,,,,,
endosome741k,initMembraneContent,EEA1,1.680279964,exCxEn,1.33E-07,R-TfaEn,1.59E-41,oMHCIEn,3.90E-05,membraneMarker,0,M6PR,0.322636474,cMHCIEn,1.23E-04,R-TfEn,9.02E-42,pepMHCIEn,0,REn,2.76E-06,imCxEn,1.33E-07,,,,,,,,,,
endosome741k,initSolubleContent,povaEn,0,NH3Cy,0,protonEn,0.125740699,FeEn,0,NH3En,0,NH4En,0,ovaEn,0,TfaEn,1.18E-08,solubleMarker,0,mvb,0,bead2,0,bead3,0,bead4,0,TfEn,0,pepEn,0,bead1,0
endosome742j,initOrgProp,area,9598.664948,volume,83271.92277,xcoor,0.640131638,ycoor,4.674386159,pH,7.553914956,,,,,,,,,,,,,,,,,,,,,,
endosome742j,initRabContent,RabC,767.8931958,RabB,8830.771752,,,,,,,,,,,,,,,,,,,,,,,,,,,,
endosome742j,initMembraneContent,EEA1,0.00219294,exCxEn,1.27E-12,R-TfaEn,1.34E-41,oMHCIEn,1.04E-07,membraneMarker,0,M6PR,7.59E-04,cMHCIEn,8.82E-05,R-TfEn,7.58E-42,pepMHCIEn,0,REn,2.32E-06,imCxEn,1.27E-12,,,,,,,,,,
endosome742j,initSolubleContent,povaEn,0,NH3Cy,0,protonEn,1.325860357,FeEn,0,NH3En,0,NH4En,0,ovaEn,0,TfaEn,3.39E-09,solubleMarker,0,mvb,0,bead2,0,bead3,0,bead4,0,TfEn,0,pepEn,0,bead1,0
endosome743I,initOrgProp,area,7539.822369,volume,50265.48246,xcoor,10.82267628,ycoor,49.26706146,pH,7.224066642,,,,,,,,,,,,,,,,,,,,,,
endosome743I,initRabContent,RabC,1158.116716,RabB,6381.705653,,,,,,,,,,,,,,,,,,,,,,,,,,,,
endosome743I,initMembraneContent,,,,,,,,,,,,,,,,,,,,,,,,,,,,,,,,
endosome743I,initSolubleContent,protonEn,2.000566202,,,,,,,,,,,,,,,,,,,,,,,,,,,,,,
endosome744x,initOrgProp,area,7539.822369,volume,50265.48246,xcoor,20.25473625,ycoor,19.70870056,pH,7.240997316,,,,,,,,,,,,,,,,,,,,,,
endosome744x,initRabContent,RabC,7539.822369,,,,,,,,,,,,,,,,,,,,,,,,,,,,,,
endosome744x,initMembraneContent,EEA1,0.00143933,exCxEn,0,R-TfaEn,2.84E-40,oMHCIEn,7.85E-04,membraneMarker,0,M6PR,0.006949492,cMHCIEn,0.002290084,R-TfEn,1.60E-40,pepMHCIEn,0,REn,4.91E-05,imCxEn,0,,,,,,,,,,
endosome744x,initSolubleContent,povaEn,0,NH3Cy,0,protonEn,1.885841932,FeEn,0,NH3En,0,NH4En,0,ovaEn,0,TfaEn,5.70E-08,solubleMarker,0,mvb,0,bead2,0,bead3,0,bead4,0,TfEn,0,pepEn,0,bead1,0
endosome745q,initOrgProp,area,11309.73355,volume,99633.36701,xcoor,3.917298102,ycoor,0.664261218,pH,7.328944362,,,,,,,,,,,,,,,,,,,,,,
endosome745q,initRabContent,RabC,461.437129,RabA,5541.769441,RabB,5306.526983,,,,,,,,,,,,,,,,,,,,,,,,,,
endosome745q,initMembraneContent,EEA1,1.98742644,exCxEn,2.54E-18,R-TfaEn,3.05E-43,oMHCIEn,1.47E-06,membraneMarker,0,M6PR,4.804468058,cMHCIEn,2.12E-06,R-TfEn,1.72E-43,pepMHCIEn,0,REn,5.28E-08,imCxEn,2.54E-18,,,,,,,,,,
endosome745q,initSolubleContent,povaEn,0,NH3Cy,0,protonEn,3.671544015,FeEn,0,NH3En,0,NH4En,0,ovaEn,0,TfaEn,1.42E-07,solubleMarker,0,mvb,0,bead2,0,bead3,0,bead4,0,TfEn,0,pepEn,0,bead1,0
endosome746r,initOrgProp,area,11309.73355,volume,99633.36701,xcoor,3.770749986,ycoor,0.742389479,pH,7.328944362,,,,,,,,,,,,,,,,,,,,,,
endosome746r,initRabContent,RabA,5541.769441,RabB,5767.964112,,,,,,,,,,,,,,,,,,,,,,,,,,,,
endosome746r,initMembraneContent,EEA1,1.98742644,exCxEn,2.54E-18,R-TfaEn,3.05E-43,oMHCIEn,1.47E-06,membraneMarker,0,M6PR,4.804468058,cMHCIEn,2.12E-06,R-TfEn,1.72E-43,pepMHCIEn,0,REn,5.28E-08,imCxEn,2.54E-18,,,,,,,,,,
endosome746r,initSolubleContent,povaEn,0,NH3Cy,0,protonEn,3.671544015,FeEn,0,NH3En,0,NH4En,0,ovaEn,0,TfaEn,1.42E-07,solubleMarker,0,mvb,0,bead2,0,bead3,0,bead4,0,TfEn,0,pepEn,0,bead1,0
endosome747O,initOrgProp,area,15079.64474,volume,125663.7061,xcoor,3.453618659,ycoor,0.637728124,pH,7.320956168,,,,,,,,,,,,,,,,,,,,,,
endosome747O,initRabContent,RabC,1206.371579,RabB,13873.27316,,,,,,,,,,,,,,,,,,,,,,,,,,,,
endosome747O,initMembraneContent,,,,,,,,,,,,,,,,,,,,,,,,,,,,,,,,
endosome747O,initSolubleContent,protonEn,5.001415505,,,,,,,,,,,,,,,,,,,,,,,,,,,,,,
endosome748m,initOrgProp,area,12566.37061,volume,100530.9649,xcoor,23.74968569,ycoor,23.05397455,pH,7.999026891,,,,,,,,,,,,,,,,,,,,,,
endosome748m,initRabContent,RabI,2513.274123,RabG,8042.477193,RabH,2010.619298,,,,,,,,,,,,,,,,,,,,,,,,,,
endosome748m,initMembraneContent,EEA1,0.001773177,exCxEn,1.11E-04,R-TfaEn,3.28E-42,oMHCIEn,1.03E-05,membraneMarker,0,M6PR,7.91E-05,cMHCIEn,2.28E-05,R-TfEn,1.85E-42,pepMHCIEn,0,REn,5.68E-07,imCxEn,1.11E-04,,,,,,,,,,
endosome748m,initSolubleContent,povaEn,0,NH3Cy,0,protonEn,0.007564737,FeEn,0,NH3En,0,NH4En,0,ovaEn,0,TfaEn,2.94E-10,solubleMarker,0,mvb,0,bead2,0,bead3,0,bead4,0,TfEn,0,pepEn,0,bead1,0
endosome749P,initOrgProp,area,7539.822369,volume,50265.48246,xcoor,22.37532616,ycoor,18.063452,pH,7.680373215,,,,,,,,,,,,,,,,,,,,,,
endosome749P,initRabContent,RabC,7539.822369,,,,,,,,,,,,,,,,,,,,,,,,,,,,,,
endosome749P,initMembraneContent,EEA1,0.001168356,exCxEn,2.97E-05,R-TfaEn,3.32E-39,oMHCIEn,0.007828193,membraneMarker,0,M6PR,3.99E-04,cMHCIEn,0.024156025,R-TfEn,1.89E-39,pepMHCIEn,0,REn,5.77E-04,imCxEn,2.97E-05,,,,,,,,,,
endosome749P,initSolubleContent,povaEn,0,NH3Cy,0,protonEn,0.049292674,FeEn,0,NH3En,0,NH4En,0,ovaEn,0,TfaEn,4.56E-09,solubleMarker,0,mvb,0,bead2,0,bead3,0,bead4,0,TfEn,0,pepEn,0,bead1,0
endosome750I,initOrgProp,area,12774.3004,volume,102610.2628,xcoor,1.227277163,ycoor,39.86169754,pH,7.304994786,,,,,,,,,,,,,,,,,,,,,,
endosome750I,initRabContent,RabC,1021.944032,RabB,11752.35637,,,,,,,,,,,,,,,,,,,,,,,,,,,,
endosome750I,initMembraneContent,,,,,,,,,,,,,,,,,,,,,,,,,,,,,,,,
endosome750I,initSolubleContent,protonEn,4.08388846,,,,,,,,,,,,,,,,,,,,,,,,,,,,,,
endosome751U,initOrgProp,area,7539.822369,volume,50265.48246,xcoor,44.3706002,ycoor,42.0677534,pH,7.225815768,,,,,,,,,,,,,,,,,,,,,,
endosome751U,initRabContent,RabD,1432.592016,RabA,6107.230353,,,,,,,,,,,,,,,,,,,,,,,,,,,,
endosome751U,initMembraneContent,EEA1,3.56226622,exCxEn,7.78E-15,R-TfaEn,3.83E-42,oMHCIEn,2.22E-05,membraneMarker,0,M6PR,5.333971834,cMHCIEn,2.84E-05,R-TfEn,2.16E-42,pepMHCIEn,0,REn,6.63E-07,imCxEn,7.78E-15,,,,,,,,,,
endosome751U,initSolubleContent,povaEn,0,NH3Cy,0,protonEn,1.988505694,FeEn,0,NH3En,0,NH4En,0,ovaEn,0,TfaEn,1.45E-07,solubleMarker,0,mvb,0,bead2,0,bead3,0,bead4,0,TfEn,0,pepEn,0,bead1,0
endosome752l,initOrgProp,area,7539.822369,volume,50265.48246,xcoor,41.3510821,ycoor,49.01193727,pH,7.224066642,,,,,,,,,,,,,,,,,,,,,,
endosome752l,initRabContent,RabC,603.1857895,RabB,6936.636579,,,,,,,,,,,,,,,,,,,,,,,,,,,,
endosome752l,initMembraneContent,,,,,,,,,,,,,,,,,,,,,,,,,,,,,,,,
endosome752l,initSolubleContent,protonEn,2.000566202,,,,,,,,,,,,,,,,,,,,,,,,,,,,,,
endosome753H,initOrgProp,area,13823.00768,volume,113097.3355,xcoor,49.52976407,ycoor,2.286139423,pH,7.312989101,,,,,,,,,,,,,,,,,,,,,,
endosome753H,initRabContent,RabC,3059.197475,RabB,10763.8102,,,,,,,,,,,,,,,,,,,,,,,,,,,,
endosome753H,initMembraneContent,,,,,,,,,,,,,,,,,,,,,,,,,,,,,,,,
endosome753H,initSolubleContent,protonEn,4.501273954,,,,,,,,,,,,,,,,,,,,,,,,,,,,,,
endosome754U,initOrgProp,area,13823.00768,volume,113097.3355,xcoor,49.43249646,ycoor,2.466875928,pH,7.312989101,,,,,,,,,,,,,,,,,,,,,,
endosome754U,initRabContent,RabC,3059.197475,RabB,10763.8102,,,,,,,,,,,,,,,,,,,,,,,,,,,,
endosome754U,initMembraneContent,,,,,,,,,,,,,,,,,,,,,,,,,,,,,,,,
endosome754U,initSolubleContent,protonEn,4.501273954,,,,,,,,,,,,,,,,,,,,,,,,,,,,,,
endosome755K,initOrgProp,area,7539.822369,volume,50265.48246,xcoor,48.99349623,ycoor,2.542575144,pH,7.228196569,,,,,,,,,,,,,,,,,,,,,,
endosome755K,initRabContent,RabB,7539.822369,,,,,,,,,,,,,,,,,,,,,,,,,,,,,,
endosome755K,initMembraneContent,EEA1,0.003927961,exCxEn,0,R-TfaEn,3.83E-40,oMHCIEn,4.94E-07,membraneMarker,0,M6PR,0.006750784,cMHCIEn,0.002659346,R-TfEn,2.17E-40,pepMHCIEn,0,REn,6.64E-05,imCxEn,0,,,,,,,,,,
endosome755K,initSolubleContent,povaEn,0,NH3Cy,0,protonEn,1.972167534,FeEn,0,NH3En,0,NH4En,0,ovaEn,0,TfaEn,5.53E-08,solubleMarker,0,mvb,0,bead2,0,bead3,0,bead4,0,TfEn,0,pepEn,0,bead1,0
endosome756g,initOrgProp,area,12566.37061,volume,100530.9649,xcoor,17.17020205,ycoor,43.55419782,pH,7.303231498,,,,,,,,,,,,,,,,,,,,,,
endosome756g,initRabContent,RabC,1930.194526,RabB,10636.17609,,,,,,,,,,,,,,,,,,,,,,,,,,,,
endosome756g,initMembraneContent,,,,,,,,,,,,,,,,,,,,,,,,,,,,,,,,
endosome756g,initSolubleContent,protonEn,4.001132404,,,,,,,,,,,,,,,,,,,,,,,,,,,,,,
endosome757S,initOrgProp,area,7539.822369,volume,50265.48246,xcoor,11.50970844,ycoor,48.64338539,pH,7.224066642,,,,,,,,,,,,,,,,,,,,,,
endosome757S,initRabContent,RabC,1158.116716,RabB,6381.705653,,,,,,,,,,,,,,,,,,,,,,,,,,,,
endosome757S,initMembraneContent,,,,,,,,,,,,,,,,,,,,,,,,,,,,,,,,
endosome757S,initSolubleContent,protonEn,2.000566202,,,,,,,,,,,,,,,,,,,,,,,,,,,,,,
endosome758a,initOrgProp,area,10623.60709,volume,81103.3297,xcoor,1.512488973,ycoor,47.68539687,pH,7.282912692,,,,,,,,,,,,,,,,,,,,,,
endosome758a,initRabContent,RabC,1631.78605,RabB,8991.821044,,,,,,,,,,,,,,,,,,,,,,,,,,,,
endosome758a,initMembraneContent,,,,,,,,,,,,,,,,,,,,,,,,,,,,,,,,
endosome758a,initSolubleContent,protonEn,3.227912522,,,,,,,,,,,,,,,,,,,,,,,,,,,,,,
endosome759v,initOrgProp,area,17060.45674,volume,195880.6681,xcoor,35.00830705,ycoor,37.25781754,pH,7.363931054,,,,,,,,,,,,,,,,,,,,,,
endosome759v,initRabContent,RabA,11942.31972,RabB,5118.137021,,,,,,,,,,,,,,,,,,,,,,,,,,,,
endosome759v,initMembraneContent,EEA1,10.61539097,exCxEn,4.53E-12,R-TfaEn,3.84E-39,oMHCIEn,0.006276873,membraneMarker,0,M6PR,7.963466373,cMHCIEn,0.025441808,R-TfEn,2.17E-39,pepMHCIEn,0,REn,6.64E-04,imCxEn,4.53E-12,,,,,,,,,,
endosome759v,initSolubleContent,povaEn,0,NH3Cy,0,protonEn,7.473454908,FeEn,0,NH3En,0,NH4En,0,ovaEn,0,TfaEn,6.75E-07,solubleMarker,0,mvb,0.007361294,bead2,0,bead3,0,bead4,0,TfEn,0,pepEn,0,bead1,0
endosome760z,initOrgProp,area,32156.46592,volume,516298.6831,xcoor,5.363140975,ycoor,41.68353281,pH,7.421937202,,,,,,,,,,,,,,,,,,,,,,
endosome760z,initRabContent,RabD,3215.661257,RabA,20258.56327,RabB,8682.2414,,,,,,,,,,,,,,,,,,,,,,,,,,
endosome760z,initMembraneContent,EEA1,21.75620348,exCxEn,0,R-TfaEn,9.46E-39,oMHCIEn,0.015510298,membraneMarker,0,M6PR,14.78747604,cMHCIEn,0.062959629,R-TfEn,5.34E-39,pepMHCIEn,0,REn,0.001636232,imCxEn,0,,,,,,,,,,
endosome760z,initSolubleContent,povaEn,0,NH3Cy,0,protonEn,18.54176632,FeEn,0,NH3En,0,NH4En,0,ovaEn,0,TfaEn,1.76E-06,solubleMarker,0,mvb,0.021293406,bead2,0,bead3,0,bead4,0,TfEn,0,pepEn,0,bead1,0
endosome761H,initOrgProp,area,45042.13944,volume,871693.6367,xcoor,34.55096296,ycoor,42.72258204,pH,7.403399146,,,,,,,,,,,,,,,,,,,,,,
endosome761H,initRabContent,RabA,39274.17533,RabB,5306.526983,RabC,461.437129,,,,,,,,,,,,,,,,,,,,,,,,,,
endosome761H,initMembraneContent,EEA1,27.91926375,exCxEn,0,R-TfaEn,1.63E-38,oMHCIEn,0.026192011,membraneMarker,0,M6PR,20.49048027,cMHCIEn,0.108729426,R-TfEn,9.18E-39,pepMHCIEn,0,REn,0.002816023,imCxEn,0,,,,,,,,,,
endosome761H,initSolubleContent,povaEn,0,NH3Cy,0,protonEn,33.43219662,FeEn,0,NH3En,0,NH4En,0,ovaEn,0,TfaEn,3.15E-06,solubleMarker,0,mvb,0.035503423,bead2,0,bead3,0,bead4,0,TfEn,0,pepEn,0,bead1,0
endosome762O,initOrgProp,area,34511.22841,volume,472232.1798,xcoor,12.84547985,ycoor,15.22452422,pH,7.377603566,,,,,,,,,,,,,,,,,,,,,,
endosome762O,initRabContent,RabD,3451.137202,RabA,31060.09121,,,,,,,,,,,,,,,,,,,,,,,,,,,,
endosome762O,initMembraneContent,EEA1,22.18251589,exCxEn,0,R-TfaEn,1.15E-38,oMHCIEn,0.01896677,membraneMarker,0,M6PR,17.48354003,cMHCIEn,0.077100017,R-TfEn,6.46E-39,pepMHCIEn,0,REn,0.001980253,imCxEn,0,,,,,,,,,,
endosome762O,initSolubleContent,povaEn,0,NH3Cy,0,protonEn,18.79484076,FeEn,0,NH3En,0,NH4En,0,ovaEn,0,TfaEn,1.78E-06,solubleMarker,0,mvb,0.018961408,bead2,0,bead3,0,bead4,0,TfEn,0,pepEn,0,bead1,0
endosome763l,initOrgProp,area,18539.06435,volume,226308.081,xcoor,1.681086673,ycoor,30.80376182,pH,7.3493083,,,,,,,,,,,,,,,,,,,,,,
endosome763l,initRabContent,RabC,756.3938254,RabA,9084.141531,RabB,8698.528992,,,,,,,,,,,,,,,,,,,,,,,,,,
endosome763l,initMembraneContent,EEA1,10.72700745,exCxEn,0,R-TfaEn,6.11E-39,oMHCIEn,0.01018402,membraneMarker,0,M6PR,9.206356328,cMHCIEn,0.041432279,R-TfEn,3.45E-39,pepMHCIEn,0,REn,0.001056922,imCxEn,0,,,,,,,,,,
endosome763l,initSolubleContent,povaEn,0,NH3Cy,0,protonEn,9.124923763,FeEn,0,NH3En,0,NH4En,0,ovaEn,0,TfaEn,8.64E-07,solubleMarker,0,mvb,0.009205445,bead2,0,bead3,0,bead4,0,TfEn,0,pepEn,0,bead1,0
endosome764s,initOrgProp,area,24343.78584,volume,315907.1249,xcoor,45.47081167,ycoor,39.92678598,pH,7.366880258,,,,,,,,,,,,,,,,,,,,,,
endosome764s,initRabContent,RabA,16254.53212,RabB,1570.666586,RabC,4712.518722,RabD,1806.068419,,,,,,,,,,,,,,,,,,,,,,,,
endosome764s,initMembraneContent,EEA1,9.533526968,exCxEn,0,R-TfaEn,3.82E-39,oMHCIEn,0.014017432,membraneMarker,0,M6PR,8.811798712,cMHCIEn,0.026049852,R-TfEn,2.15E-39,pepMHCIEn,0,REn,6.61E-04,imCxEn,0,,,,,,,,,,
endosome764s,initSolubleContent,povaEn,0,NH3Cy,0,protonEn,12.57310357,FeEn,0,NH3En,0,NH4En,0,ovaEn,0,TfaEn,8.67E-07,solubleMarker,0,mvb,0.012179175,bead2,0,bead3,0,bead4,0,TfEn,0,pepEn,0,bead1,0
endosome765Y,initOrgProp,area,21987.53642,volume,292302.7413,xcoor,45.49545125,ycoor,41.53466495,pH,7.347960538,,,,,,,,,,,,,,,,,,,,,,
endosome765Y,initRabContent,RabA,15391.27549,RabB,6596.260925,,,,,,,,,,,,,,,,,,,,,,,,,,,,
endosome765Y,initMembraneContent,EEA1,11.1327015,exCxEn,0,R-TfaEn,7.19E-39,oMHCIEn,0.01207583,membraneMarker,0,M6PR,10.64691853,cMHCIEn,0.049180986,R-TfEn,4.06E-39,pepMHCIEn,0,REn,0.001243648,imCxEn,0,,,,,,,,,,
endosome765Y,initSolubleContent,povaEn,0,NH3Cy,0,protonEn,12.11814267,FeEn,0,NH3En,0,NH4En,0,ovaEn,0,TfaEn,1.15E-06,solubleMarker,0,mvb,0.012224598,bead2,0,bead3,0,bead4,0,TfEn,0,pepEn,0,bead1,0
endosome766K,initOrgProp,area,53455.79265,volume,1005623.031,xcoor,4.795522525,ycoor,2.150504506,pH,7.383749697,,,,,,,,,,,,,,,,,,,,,,
endosome766K,initRabContent,RabA,44214.4798,RabB,6783.325186,RabC,1930.194526,RabD,527.7931375,,,,,,,,,,,,,,,,,,,,,,,,
endosome766K,initMembraneContent,EEA1,18.77792373,exCxEn,0,R-TfaEn,8.71E-39,oMHCIEn,0.026381542,membraneMarker,0,M6PR,19.43801802,cMHCIEn,0.060232338,R-TfEn,4.91E-39,pepMHCIEn,0,REn,0.001505991,imCxEn,0,,,,,,,,,,
endosome766K,initSolubleContent,povaEn,0,NH3Cy,0,protonEn,40.56095456,FeEn,0,NH3En,0,NH4En,0,ovaEn,0,TfaEn,3.44E-06,solubleMarker,0,mvb,0.041246464,bead2,0,bead3,0,bead4,0,TfEn,0,pepEn,0,bead1,0
endosome767H,initOrgProp,area,51143.38715,volume,957379.1441,xcoor,45.43051783,ycoor,8.8183045,pH,7.388866222,,,,,,,,,,,,,,,,,,,,,,
endosome767H,initRabContent,RabA,51143.38715,,,,,,,,,,,,,,,,,,,,,,,,,,,,,,
endosome767H,initMembraneContent,EEA1,21.39943875,exCxEn,0,R-TfaEn,1.66E-38,oMHCIEn,0.028091363,membraneMarker,0,M6PR,23.90942068,cMHCIEn,0.11457769,R-TfEn,9.33E-39,pepMHCIEn,0,REn,0.002861879,imCxEn,0,,,,,,,,,,
endosome767H,initSolubleContent,povaEn,0,NH3Cy,0,protonEn,38.10368993,FeEn,0,NH3En,0,NH4En,0,ovaEn,0,TfaEn,3.61E-06,solubleMarker,0,mvb,0.03843529,bead2,0,bead3,0,bead4,0,TfEn,0,pepEn,0,bead1,0
endosome768q,initOrgProp,area,56008.09601,volume,1126582.127,xcoor,4.628712588,ycoor,29.75826934,pH,7.390537494,,,,,,,,,,,,,,,,,,,,,,
endosome768q,initRabContent,RabA,56008.09601,,,,,,,,,,,,,,,,,,,,,,,,,,,,,,
endosome768q,initMembraneContent,EEA1,21.51648307,exCxEn,0,R-TfaEn,1.80E-38,oMHCIEn,0.030764471,membraneMarker,0,M6PR,25.77654265,cMHCIEn,0.125563842,R-TfEn,1.02E-38,pepMHCIEn,0,REn,0.003119141,imCxEn,0,,,,,,,,,,
endosome768q,initSolubleContent,povaEn,0,NH3Cy,0,protonEn,44.83796867,FeEn,0,NH3En,0,NH4En,0,ovaEn,0,TfaEn,4.24E-06,solubleMarker,0,mvb,0.047244266,bead2,0,bead3,0,bead4,0,TfEn,0,pepEn,0,bead1,0
endosome769E,initOrgProp,area,53067.86478,volume,1127121.046,xcoor,27.80745433,ycoor,20.31477626,pH,7.458336391,,,,,,,,,,,,,,,,,,,,,,
endosome769E,initRabContent,RabA,28266.10431,RabB,20630.49,RabC,4171.270472,,,,,,,,,,,,,,,,,,,,,,,,,,
endosome769E,initMembraneContent,EEA1,9.758851616,exCxEn,2.08E-04,R-TfaEn,2.58E-38,oMHCIEn,0.025005795,membraneMarker,0,M6PR,12.77274022,cMHCIEn,0.163487052,R-TfEn,1.32E-38,pepMHCIEn,0,REn,0.004227214,imCxEn,2.08E-04,,,,,,,,,,
endosome769E,initSolubleContent,povaEn,0,NH3Cy,0,protonEn,38.23143264,FeEn,0,NH3En,0,NH4En,0,ovaEn,0,TfaEn,3.62E-06,solubleMarker,0,mvb,0.047284932,bead2,0,bead3,0,bead4,0,TfEn,0,pepEn,0,bead1,0
endosome770g,initOrgProp,area,20517.86685,volume,266594.7425,xcoor,19.14069541,ycoor,35.14802162,pH,7.836595641,,,,,,,,,,,,,,,,,,,,,,
endosome770g,initRabContent,RabA,14362.50679,RabB,6155.360055,,,,,,,,,,,,,,,,,,,,,,,,,,,,
endosome770g,initMembraneContent,EEA1,4.416252356,exCxEn,2.64E-08,R-TfaEn,1.00E-39,oMHCIEn,0.001752324,membraneMarker,0,M6PR,1.791387024,cMHCIEn,0.007080424,R-TfEn,5.64E-40,pepMHCIEn,0,REn,1.73E-04,imCxEn,2.64E-08,,,,,,,,,,
endosome770g,initSolubleContent,povaEn,0,NH3Cy,0,protonEn,2.883791794,FeEn,0,NH3En,0,NH4En,0,ovaEn,0,TfaEn,2.69E-07,solubleMarker,0,mvb,0.010763596,bead2,0,bead3,0,bead4,0,TfEn,0,pepEn,0,bead1,0
endosome771o,initOrgProp,area,33643.76222,volume,552754.1104,xcoor,17.013381,ycoor,39.97117395,pH,7.406008499,,,,,,,,,,,,,,,,,,,,,,
endosome771o,initRabContent,RabD,3364.391507,RabA,30279.37071,,,,,,,,,,,,,,,,,,,,,,,,,,,,
endosome771o,initMembraneContent,EEA1,8.791526428,exCxEn,0,R-TfaEn,9.73E-39,oMHCIEn,0.016861921,membraneMarker,0,M6PR,13.38659135,cMHCIEn,0.068977913,R-TfEn,5.48E-39,pepMHCIEn,0,REn,0.001681552,imCxEn,0,,,,,,,,,,
endosome771o,initSolubleContent,povaEn,0,NH3Cy,0,protonEn,20.70318548,FeEn,0,NH3En,0,NH4En,0,ovaEn,0,TfaEn,1.96E-06,solubleMarker,0,mvb,0.022837924,bead2,0,bead3,0,bead4,0,TfEn,0,pepEn,0,bead1,0
endosome772Z,initOrgProp,area,28408.50152,volume,337007.681,xcoor,4.457552747,ycoor,28.67822847,pH,7.368888254,,,,,,,,,,,,,,,,,,,,,,
endosome772Z,initRabContent,RabA,17368.60632,RabB,9627.182071,RabC,1412.713131,,,,,,,,,,,,,,,,,,,,,,,,,,
endosome772Z,initMembraneContent,EEA1,3.200638684,exCxEn,0,R-TfaEn,7.39E-39,oMHCIEn,0.012525583,membraneMarker,0,M6PR,5.100191999,cMHCIEn,0.052564767,R-TfEn,4.16E-39,pepMHCIEn,0,REn,0.001276806,imCxEn,0,,,,,,,,,,
endosome772Z,initSolubleContent,povaEn,0,NH3Cy,0,protonEn,13.4129057,FeEn,0,NH3En,0,NH4En,0,ovaEn,0,TfaEn,8.03E-07,solubleMarker,0,mvb,0.011547149,bead2,0,bead3,0,bead4,0,TfEn,0,pepEn,0,bead1,0
endosome773C,initOrgProp,area,29714.50852,volume,457221.5891,xcoor,46.36031094,ycoor,49.34152133,pH,7.588317222,,,,,,,,,,,,,,,,,,,,,,
endosome773C,initRabContent,RabA,14760.52749,RabB,8320.965098,RabC,6633.015934,,,,,,,,,,,,,,,,,,,,,,,,,,
endosome773C,initMembraneContent,EEA1,4.578221713,exCxEn,3.85E-06,R-TfaEn,6.39E-39,oMHCIEn,0.014925908,membraneMarker,0,M6PR,4.15005377,cMHCIEn,0.044695213,R-TfEn,3.58E-39,pepMHCIEn,0,REn,0.001100715,imCxEn,3.85E-06,,,,,,,,,,
endosome773C,initSolubleContent,povaEn,0,NH3Cy,0,protonEn,10.79803028,FeEn,0,NH3En,0,NH4En,0,ovaEn,0,TfaEn,7.76E-07,solubleMarker,0,mvb,0.013474195,bead2,0,bead3,0,bead4,0,TfEn,0,pepEn,0,bead1,0
endosome774S,initOrgProp,area,42668.45362,volume,744470.8591,xcoor,17.84547831,ycoor,5.828390305,pH,7.385701554,,,,,,,,,,,,,,,,,,,,,,
endosome774S,initRabContent,RabA,42668.45362,,,,,,,,,,,,,,,,,,,,,,,,,,,,,,
endosome774S,initMembraneContent,EEA1,10.62460562,exCxEn,0,R-TfaEn,1.34E-38,oMHCIEn,0.023409515,membraneMarker,0,M6PR,18.10967569,cMHCIEn,0.09586757,R-TfEn,7.55E-39,pepMHCIEn,0,REn,0.002315992,imCxEn,0,,,,,,,,,,
endosome774S,initSolubleContent,povaEn,0,NH3Cy,0,protonEn,29.62994019,FeEn,0,NH3En,0,NH4En,0,ovaEn,0,TfaEn,2.80E-06,solubleMarker,0,mvb,0.029881307,bead2,0,bead3,0,bead4,0,TfEn,0,pepEn,0,bead1,0
endosome775p,initOrgProp,area,37855.23857,volume,580448.8599,xcoor,29.1664625,ycoor,22.81424057,pH,7.451095755,,,,,,,,,,,,,,,,,,,,,,
endosome775p,initRabContent,RabA,37855.23857,,,,,,,,,,,,,,,,,,,,,,,,,,,,,,
endosome775p,initMembraneContent,EEA1,9.031554877,exCxEn,9.76E-10,R-TfaEn,7.73E-39,oMHCIEn,0.015138882,membraneMarker,0,M6PR,12.67757606,cMHCIEn,0.055560792,R-TfEn,4.36E-39,pepMHCIEn,0,REn,0.001336099,imCxEn,9.76E-10,,,,,,,,,,
endosome775p,initSolubleContent,povaEn,0,NH3Cy,0,protonEn,19.54320535,FeEn,0,NH3En,0,NH4En,0,ovaEn,0,TfaEn,1.85E-06,solubleMarker,0,mvb,0.024096477,bead2,0,bead3,0,bead4,0,TfEn,0,pepEn,0,bead1,0
endosome776g,initOrgProp,area,36950.91338,volume,620828.1872,xcoor,35.44455825,ycoor,35.19544235,pH,7.445886253,,,,,,,,,,,,,,,,,,,,,,
endosome776g,initRabContent,RabA,18602.61231,RabB,10263.44993,RabC,4063.114544,RabD,4021.736599,,,,,,,,,,,,,,,,,,,,,,,,
endosome776g,initMembraneContent,EEA1,4.188192593,exCxEn,1.33E-07,R-TfaEn,1.11E-38,oMHCIEn,0.019407626,membraneMarker,0,M6PR,7.464315988,cMHCIEn,0.079905998,R-TfEn,6.23E-39,pepMHCIEn,0,REn,0.001910587,imCxEn,1.33E-07,,,,,,,,,,
endosome776g,initSolubleContent,povaEn,0,NH3Cy,0,protonEn,21.23745968,FeEn,0,NH3En,0,NH4En,0,ovaEn,0,TfaEn,1.67E-06,solubleMarker,0,mvb,0.025053209,bead2,0,bead3,0,bead4,0,TfEn,0,pepEn,0,bead1,0
endosome777l,initOrgProp,area,59940.48114,volume,1193139.695,xcoor,11.89956113,ycoor,38.81904155,pH,7.41914345,,,,,,,,,,,,,,,,,,,,,,
endosome777l,initRabContent,RabA,54712.86825,RabB,3845.309408,RabD,1382.303487,,,,,,,,,,,,,,,,,,,,,,,,,,
endosome777l,initMembraneContent,EEA1,13.35878477,exCxEn,6.34E-09,R-TfaEn,1.49E-38,oMHCIEn,0.023555953,membraneMarker,0,M6PR,23.56640345,cMHCIEn,0.108373795,R-TfEn,8.41E-39,pepMHCIEn,0,REn,0.002580619,imCxEn,6.34E-09,,,,,,,,,,
endosome777l,initSolubleContent,povaEn,0,NH3Cy,0,protonEn,44.45146063,FeEn,0,NH3En,0,NH4En,0,ovaEn,0,TfaEn,4.11E-06,solubleMarker,0,mvb,0.048927252,bead2,0,bead3,0,bead4,0,TfEn,0,pepEn,0,bead1,0
endosome778e,initOrgProp,area,13396.84255,volume,135165.3386,xcoor,16.51240371,ycoor,7.18906981,pH,7.326073216,,,,,,,,,,,,,,,,,,,,,,
endosome778e,initRabContent,RabA,13396.84255,,,,,,,,,,,,,,,,,,,,,,,,,,,,,,
endosome778e,initMembraneContent,EEA1,2.309757453,exCxEn,0,R-TfaEn,4.11E-39,oMHCIEn,0.007341247,membraneMarker,0,M6PR,5.307583958,cMHCIEn,0.030150262,R-TfEn,2.32E-39,pepMHCIEn,0,REn,7.11E-04,imCxEn,0,,,,,,,,,,
endosome778e,initSolubleContent,povaEn,0,NH3Cy,0,protonEn,5.379580476,FeEn,0,NH3En,0,NH4En,0,ovaEn,0,TfaEn,5.09E-07,solubleMarker,0,mvb,0.005424411,bead2,0,bead3,0,bead4,0,TfEn,0,pepEn,0,bead1,0
endosome779k,initOrgProp,area,20097.67385,volume,213019.3209,xcoor,13.75632378,ycoor,31.17769819,pH,7.351694549,,,,,,,,,,,,,,,,,,,,,,
endosome779k,initRabContent,RabD,2009.778221,RabA,18087.89563,,,,,,,,,,,,,,,,,,,,,,,,,,,,
endosome779k,initMembraneContent,EEA1,3.390399142,exCxEn,0,R-TfaEn,6.17E-39,oMHCIEn,0.011013915,membraneMarker,0,M6PR,7.930112103,cMHCIEn,0.045241702,R-TfEn,3.48E-39,pepMHCIEn,0,REn,0.001065884,imCxEn,0,,,,,,,,,,
endosome779k,initSolubleContent,povaEn,0,NH3Cy,0,protonEn,8.478168971,FeEn,0,NH3En,0,NH4En,0,ovaEn,0,TfaEn,8.02E-07,solubleMarker,0,mvb,0.008548774,bead2,0,bead3,0,bead4,0,TfEn,0,pepEn,0,bead1,0
endosome780a,initOrgProp,area,18313.17511,volume,222170.1077,xcoor,32.73093246,ycoor,36.95711763,pH,7.338338715,,,,,,,,,,,,,,,,,,,,,,
endosome780a,initRabContent,RabA,18313.17511,,,,,,,,,,,,,,,,,,,,,,,,,,,,,,
endosome780a,initMembraneContent,EEA1,2.921359202,exCxEn,0,R-TfaEn,5.60E-39,oMHCIEn,0.010034566,membraneMarker,0,M6PR,7.1495787,cMHCIEn,0.041237195,R-TfEn,3.16E-39,pepMHCIEn,0,REn,9.68E-04,imCxEn,0,,,,,,,,,,
endosome780a,initSolubleContent,povaEn,0,NH3Cy,0,protonEn,9.194053559,FeEn,0,NH3En,0,NH4En,0,ovaEn,0,TfaEn,8.70E-07,solubleMarker,0,mvb,0.009270482,bead2,0,bead3,0,bead4,0,TfEn,0,pepEn,0,bead1,0
endosome781P,initOrgProp,area,49322.57783,volume,902682.5318,xcoor,25.2604416,ycoor,3.707864847,pH,7.480460895,,,,,,,,,,,,,,,,,,,,,,
endosome781P,initRabContent,RabD,4932.276239,RabA,31073.21111,RabB,13317.09048,,,,,,,,,,,,,,,,,,,,,,,,,,
endosome781P,initMembraneContent,EEA1,6.121952197,exCxEn,0,R-TfaEn,1.21E-38,oMHCIEn,0.021668949,membraneMarker,0,M6PR,15.35215916,cMHCIEn,0.089070185,R-TfEn,6.80E-39,pepMHCIEn,0,REn,0.002086645,imCxEn,0,,,,,,,,,,
endosome781P,initSolubleContent,povaEn,0,NH3Cy,0,protonEn,28.8589233,FeEn,0,NH3En,0,NH4En,0,ovaEn,0,TfaEn,2.73E-06,solubleMarker,0,mvb,0.036224972,bead2,0,bead3,0,bead4,0,TfEn,0,pepEn,0,bead1,0
endosome782H,initOrgProp,area,51414.03074,volume,969811.9143,xcoor,48.7800292,ycoor,16.75762335,pH,7.399150901,,,,,,,,,,,,,,,,,,,,,,
endosome782H,initRabContent,RabA,42021.6732,RabB,7532.528476,RabC,603.1857895,RabD,1256.643275,,,,,,,,,,,,,,,,,,,,,,,,
endosome782H,initMembraneContent,EEA1,9.060509223,exCxEn,1.30E-10,R-TfaEn,7.09E-39,oMHCIEn,0.031950539,membraneMarker,0,M6PR,20.72181792,cMHCIEn,0.052413439,R-TfEn,4.00E-39,pepMHCIEn,0,REn,0.001225616,imCxEn,1.30E-10,,,,,,,,,,
endosome782H,initSolubleContent,povaEn,0,NH3Cy,0,protonEn,37.68446674,FeEn,0,NH3En,0,NH4En,0,ovaEn,0,TfaEn,3.40E-06,solubleMarker,0,mvb,0.03892915,bead2,0,bead3,0,bead4,0,TfEn,0,pepEn,0,bead1,0
endosome783Z,initOrgProp,area,15958.54859,volume,164963.7252,xcoor,7.555710369,ycoor,24.67378386,pH,7.33854759,,,,,,,,,,,,,,,,,,,,,,
endosome783Z,initRabContent,RabA,15958.54859,,,,,,,,,,,,,,,,,,,,,,,,,,,,,,
endosome783Z,initMembraneContent,EEA1,1.920221701,exCxEn,0,R-TfaEn,4.80E-39,oMHCIEn,0.008739197,membraneMarker,0,M6PR,5.910059003,cMHCIEn,0.035993205,R-TfEn,2.71E-39,pepMHCIEn,0,REn,8.30E-04,imCxEn,0,,,,,,,,,,
endosome783Z,initSolubleContent,povaEn,0,NH3Cy,0,protonEn,6.565556264,FeEn,0,NH3En,0,NH4En,0,ovaEn,0,TfaEn,6.21E-07,solubleMarker,0,mvb,0.006619397,bead2,0,bead3,0,bead4,0,TfEn,0,pepEn,0,bead1,0
endosome784E,initOrgProp,area,51026.46145,volume,932774.3944,xcoor,18.44551764,ycoor,11.87129974,pH,7.435803963,,,,,,,,,,,,,,,,,,,,,,
endosome784E,initRabContent,RabA,39384.88508,RabB,7265.461242,RabD,4376.115132,,,,,,,,,,,,,,,,,,,,,,,,,,
endosome784E,initMembraneContent,EEA1,5.558818961,exCxEn,2.50E-09,R-TfaEn,5.99E-39,oMHCIEn,0.019810349,membraneMarker,0,M6PR,16.47653964,cMHCIEn,0.045362911,R-TfEn,3.38E-39,pepMHCIEn,0,REn,0.001036272,imCxEn,2.50E-09,,,,,,,,,,
endosome784E,initSolubleContent,povaEn,0,NH3Cy,0,protonEn,33.19579091,FeEn,0,NH3En,0,NH4En,0,ovaEn,0,TfaEn,3.00E-06,solubleMarker,0,mvb,0.039449474,bead2,0,bead3,0,bead4,0,TfEn,0,pepEn,0,bead1,0
endosome785t,initOrgProp,area,39156.59081,volume,659329.0623,xcoor,9.292821447,ycoor,20.1696635,pH,7.478232257,,,,,,,,,,,,,,,,,,,,,,
endosome785t,initRabContent,RabA,31716.81846,RabD,7439.772351,,,,,,,,,,,,,,,,,,,,,,,,,,,,
endosome785t,initMembraneContent,EEA1,3.164425119,exCxEn,0,R-TfaEn,9.26E-39,oMHCIEn,0.017042167,membraneMarker,0,M6PR,11.14365348,cMHCIEn,0.070291314,R-TfEn,5.22E-39,pepMHCIEn,0,REn,0.001600991,imCxEn,0,,,,,,,,,,
endosome785t,initSolubleContent,povaEn,0,NH3Cy,0,protonEn,20.92148455,FeEn,0,NH3En,0,NH4En,0,ovaEn,0,TfaEn,1.98E-06,solubleMarker,0,mvb,0.028485002,bead2,0,bead3,0,bead4,0,TfEn,0,pepEn,0,bead1,0
endosome786a,initOrgProp,area,9878.992706,volume,88209.37618,xcoor,18.13654674,ycoor,12.81845082,pH,7.275844416,,,,,,,,,,,,,,,,,,,,,,
endosome786a,initRabContent,RabA,9878.992706,,,,,,,,,,,,,,,,,,,,,,,,,,,,,,
endosome786a,initMembraneContent,EEA1,0.759117867,exCxEn,0,R-TfaEn,2.89E-39,oMHCIEn,0.00540467,membraneMarker,0,M6PR,3.366333609,cMHCIEn,0.022337082,R-TfEn,1.63E-39,pepMHCIEn,0,REn,5.00E-04,imCxEn,0,,,,,,,,,,
endosome786a,initSolubleContent,povaEn,0,NH3Cy,0,protonEn,3.67380227,FeEn,0,NH3En,0,NH4En,0,ovaEn,0,TfaEn,3.48E-07,solubleMarker,0,mvb,0.003703225,bead2,0,bead3,0,bead4,0,TfEn,0,pepEn,0,bead1,0
endosome787G,initOrgProp,area,15223.43173,volume,127101.576,xcoor,0.504041192,ycoor,2.331226334,pH,7.321775593,,,,,,,,,,,,,,,,,,,,,,
endosome787G,initRabContent,RabA,0,RabB,12205.49215,RabC,1761.302505,RabD,1256.637074,,,,,,,,,,,,,,,,,,,,,,,,
endosome787G,initMembraneContent,,,,,,,,,,,,,,,,,,,,,,,,,,,,,,,,
endosome787G,initSolubleContent,protonEn,5.058642726,,,,,,,,,,,,,,,,,,,,,,,,,,,,,,
endosome788W,initOrgProp,area,36030.35199,volume,639092.2455,xcoor,30.88328704,ycoor,5.974053026,pH,7.463518055,,,,,,,,,,,,,,,,,,,,,,
endosome788W,initRabContent,RabA,25074.15497,RabB,6976.15523,RabD,3980.041791,,,,,,,,,,,,,,,,,,,,,,,,,,
endosome788W,initMembraneContent,EEA1,3.551348719,exCxEn,2.01E-15,R-TfaEn,4.34E-39,oMHCIEn,0.009976671,membraneMarker,0,M6PR,12.44437864,cMHCIEn,0.033776019,R-TfEn,2.45E-39,pepMHCIEn,0,REn,7.50E-04,imCxEn,2.01E-15,,,,,,,,,,
endosome788W,initSolubleContent,povaEn,0,NH3Cy,0,protonEn,20.98090115,FeEn,0,NH3En,0,NH4En,0,ovaEn,0,TfaEn,1.95E-06,solubleMarker,0,mvb,0.02577572,bead2,0,bead3,0,bead4,0,TfEn,0,pepEn,0,bead1,0
endosome789D,initOrgProp,area,32861.73954,volume,534081.7466,xcoor,28.65687785,ycoor,26.19248864,pH,7.36894538,,,,,,,,,,,,,,,,,,,,,,
endosome789D,initRabContent,RabA,32861.73954,,,,,,,,,,,,,,,,,,,,,,,,,,,,,,
endosome789D,initMembraneContent,EEA1,2.090240244,exCxEn,0,R-TfaEn,9.52E-39,oMHCIEn,0.017980588,membraneMarker,0,M6PR,10.8128992,cMHCIEn,0.074422849,R-TfEn,5.37E-39,pepMHCIEn,0,REn,0.001646475,imCxEn,0,,,,,,,,,,
endosome789D,initSolubleContent,povaEn,0,NH3Cy,0,protonEn,21.83822543,FeEn,0,NH3En,0,NH4En,0,ovaEn,0,TfaEn,2.07E-06,solubleMarker,0,mvb,0.024027895,bead2,0,bead3,0,bead4,0,TfEn,0,pepEn,0,bead1,0
endosome790o,initOrgProp,area,9563.984905,volume,80743.41017,xcoor,39.3824439,ycoor,41.63763903,pH,7.282455048,,,,,,,,,,,,,,,,,,,,,,
endosome790o,initRabContent,RabA,0,RabB,0,RabC,9563.984905,,,,,,,,,,,,,,,,,,,,,,,,,,
endosome790o,initMembraneContent,EEA1,7.74E-04,exCxEn,0,R-TfaEn,7.54E-40,oMHCIEn,0.004697603,membraneMarker,0,M6PR,0.008697398,cMHCIEn,0.005934993,R-TfEn,4.25E-40,pepMHCIEn,0,REn,1.30E-04,imCxEn,0,,,,,,,,,,
endosome790o,initSolubleContent,povaEn,0,NH3Cy,0,protonEn,3.213587725,FeEn,0,NH3En,0,NH4En,0,ovaEn,0,TfaEn,8.71E-08,solubleMarker,0,mvb,0.007270087,bead2,0,bead3,0,bead4,0,TfEn,0,pepEn,0,bead1,0
endosome791f,initOrgProp,area,44368.42214,volume,718561.763,xcoor,7.924539815,ycoor,18.83593777,pH,7.430187663,,,,,,,,,,,,,,,,,,,,,,
endosome791f,initRabContent,RabA,44368.42214,,,,,,,,,,,,,,,,,,,,,,,,,,,,,,
endosome791f,initMembraneContent,EEA1,2.259586379,exCxEn,3.21E-10,R-TfaEn,9.15E-39,oMHCIEn,0.017495498,membraneMarker,0,M6PR,12.33640545,cMHCIEn,0.072163294,R-TfEn,5.16E-39,pepMHCIEn,0,REn,0.001582199,imCxEn,3.21E-10,,,,,,,,,,
endosome791f,initSolubleContent,povaEn,0,NH3Cy,0,protonEn,25.6855673,FeEn,0,NH3En,0,NH4En,0,ovaEn,0,TfaEn,2.43E-06,solubleMarker,0,mvb,0.028824363,bead2,0,bead3,0,bead4,0,TfEn,0,pepEn,0,bead1,0
endosome792c,initOrgProp,area,31688.92889,volume,463386.5924,xcoor,5.893826198,ycoor,44.76327549,pH,7.377143039,,,,,,,,,,,,,,,,,,,,,,
endosome792c,initRabContent,RabA,31688.92889,,,,,,,,,,,,,,,,,,,,,,,,,,,,,,
endosome792c,initMembraneContent,EEA1,1.157791083,exCxEn,1.05E-11,R-TfaEn,6.44E-39,oMHCIEn,0.012298834,membraneMarker,0,M6PR,7.116983582,cMHCIEn,0.050990981,R-TfEn,3.63E-39,pepMHCIEn,0,REn,0.0011126,imCxEn,1.05E-11,,,,,,,,,,
endosome792c,initSolubleContent,povaEn,0,NH3Cy,0,protonEn,18.44466317,FeEn,0,NH3En,0,NH4En,0,ovaEn,0,TfaEn,1.42E-06,solubleMarker,0,mvb,0.016680003,bead2,0,bead3,0,bead4,0,TfEn,0,pepEn,0,bead1,0
endosome793m,initOrgProp,area,29971.96863,volume,426964.7525,xcoor,44.25851838,ycoor,15.04414227,pH,7.375283685,,,,,,,,,,,,,,,,,,,,,,
endosome793m,initRabContent,RabA,29971.96863,,,,,,,,,,,,,,,,,,,,,,,,,,,,,,
endosome793m,initMembraneContent,EEA1,1.22742497,exCxEn,0,R-TfaEn,8.46E-39,oMHCIEn,0.016382452,membraneMarker,0,M6PR,9.079960786,cMHCIEn,0.068042531,R-TfEn,4.77E-39,pepMHCIEn,0,REn,0.001462986,imCxEn,0,,,,,,,,,,
endosome793m,initSolubleContent,povaEn,0,NH3Cy,0,protonEn,16.99319715,FeEn,0,NH3En,0,NH4En,0,ovaEn,0,TfaEn,1.61E-06,solubleMarker,0,mvb,0.017125308,bead2,0,bead3,0,bead4,0,TfEn,0,pepEn,0,bead1,0
endosome794M,initOrgProp,area,32149.94156,volume,516779.0446,xcoor,37.90313679,ycoor,44.91405408,pH,7.365198442,,,,,,,,,,,,,,,,,,,,,,
endosome794M,initRabContent,RabA,32149.94156,,,,,,,,,,,,,,,,,,,,,,,,,,,,,,
endosome794M,initMembraneContent,EEA1,1.179988415,exCxEn,0,R-TfaEn,9.02E-39,oMHCIEn,0.017571956,membraneMarker,0,M6PR,9.542786624,cMHCIEn,0.073045966,R-TfEn,5.08E-39,pepMHCIEn,0,REn,0.001559412,imCxEn,0,,,,,,,,,,
endosome794M,initSolubleContent,povaEn,0,NH3Cy,0,protonEn,21.28981441,FeEn,0,NH3En,0,NH4En,0,ovaEn,0,TfaEn,2.01E-06,solubleMarker,0,mvb,0.023470482,bead2,0,bead3,0,bead4,0,TfEn,0,pepEn,0,bead1,0
endosome795c,initOrgProp,area,22186.16937,volume,297068.7784,xcoor,23.25392583,ycoor,49.29635393,pH,7.350016079,,,,,,,,,,,,,,,,,,,,,,
endosome795c,initRabContent,RabA,6437.455879,RabB,13592.48739,RabC,603.1857895,RabD,1553.04031,,,,,,,,,,,,,,,,,,,,,,,,
endosome795c,initMembraneContent,EEA1,0.334017258,exCxEn,0,R-TfaEn,6.18E-39,oMHCIEn,0.01197545,membraneMarker,0,M6PR,3.319580168,cMHCIEn,0.050401159,R-TfEn,3.48E-39,pepMHCIEn,0,REn,0.001067864,imCxEn,0,,,,,,,,,,
endosome795c,initSolubleContent,povaEn,0,NH3Cy,0,protonEn,12.26908363,FeEn,0,NH3En,0,NH4En,0,ovaEn,0,TfaEn,9.98E-07,solubleMarker,0,mvb,0.012439004,bead2,0,bead3,0,bead4,0,TfEn,0,pepEn,0,bead1,0
endosome796q,initOrgProp,area,50364.37177,volume,1010472.703,xcoor,12.33683335,ycoor,9.484432762,pH,7.389754789,,,,,,,,,,,,,,,,,,,,,,
endosome796q,initRabContent,RabA,50364.37177,,,,,,,,,,,,,,,,,,,,,,,,,,,,,,
endosome796q,initMembraneContent,EEA1,2.110349543,exCxEn,4.19E-12,R-TfaEn,1.22E-38,oMHCIEn,0.026461353,membraneMarker,0,M6PR,14.87502483,cMHCIEn,0.099764428,R-TfEn,6.88E-39,pepMHCIEn,0,REn,0.002108743,imCxEn,4.19E-12,,,,,,,,,,
endosome796q,initSolubleContent,povaEn,0,NH3Cy,0,protonEn,40.18791394,FeEn,0,NH3En,0,NH4En,0,ovaEn,0,TfaEn,3.80E-06,solubleMarker,0,mvb,0.042541438,bead2,0,bead3,0,bead4,0,TfEn,0,pepEn,0,bead1,0
endosome797w,initOrgProp,area,20758.80626,volume,244392.8659,xcoor,19.75219076,ycoor,41.5058901,pH,7.376531815,,,,,,,,,,,,,,,,,,,,,,
endosome797w,initRabContent,RabA,11897.07994,RabB,6936.636579,RabC,603.1857895,RabD,1321.903949,,,,,,,,,,,,,,,,,,,,,,,,
endosome797w,initMembraneContent,EEA1,0.376257981,exCxEn,2.50E-06,R-TfaEn,6.18E-39,oMHCIEn,0.011205047,membraneMarker,0,M6PR,3.744023004,cMHCIEn,0.049703014,R-TfEn,3.47E-39,pepMHCIEn,0,REn,0.001066835,imCxEn,2.50E-06,,,,,,,,,,
endosome797w,initSolubleContent,povaEn,0,NH3Cy,0,protonEn,9.26967522,FeEn,0,NH3En,0,NH4En,0,ovaEn,0,TfaEn,7.71E-07,solubleMarker,0,mvb,0.009801066,bead2,0,bead3,0,bead4,0,TfEn,0,pepEn,0,bead1,0
endosome798a,initOrgProp,area,25681.92522,volume,328339.6443,xcoor,38.56241968,ycoor,47.76338351,pH,7.371905405,,,,,,,,,,,,,,,,,,,,,,
endosome798a,initRabContent,RabA,16478.66731,RabB,5881.057182,RabD,3322.200729,,,,,,,,,,,,,,,,,,,,,,,,,,
endosome798a,initMembraneContent,EEA1,2.103871652,exCxEn,3.95E-09,R-TfaEn,8.76E-39,oMHCIEn,0.012634426,membraneMarker,0,M6PR,7.680161857,cMHCIEn,0.071890588,R-TfEn,4.94E-39,pepMHCIEn,0,REn,0.001514885,imCxEn,3.95E-09,,,,,,,,,,
endosome798a,initSolubleContent,povaEn,0,NH3Cy,0,protonEn,12.94498074,FeEn,0,NH3En,0,NH4En,0,ovaEn,0,TfaEn,1.22E-06,solubleMarker,0,mvb,0.01316751,bead2,0,bead3,0,bead4,0,TfEn,0,pepEn,0,bead1,0
endosome799H,initOrgProp,area,36944.35511,volume,565000.9559,xcoor,25.39804353,ycoor,28.11489948,pH,7.406035901,,,,,,,,,,,,,,,,,,,,,,
endosome799H,initRabContent,RabD,3694.450336,RabA,33249.90478,,,,,,,,,,,,,,,,,,,,,,,,,,,,
endosome799H,initMembraneContent,EEA1,0.915761485,exCxEn,0,R-TfaEn,9.57E-39,oMHCIEn,0.01899597,membraneMarker,0,M6PR,9.701353539,cMHCIEn,0.079170999,R-TfEn,5.39E-39,pepMHCIEn,0,REn,0.001654259,imCxEn,0,,,,,,,,,,
endosome799H,initSolubleContent,povaEn,0,NH3Cy,0,protonEn,21.1826426,FeEn,0,NH3En,0,NH4En,0,ovaEn,0,TfaEn,2.00E-06,solubleMarker,0,mvb,0.022658086,bead2,0,bead3,0,bead4,0,TfEn,0,pepEn,0,bead1,0
endosome800P,initOrgProp,area,64729.15966,volume,1352290.249,xcoor,37.33822732,ycoor,30.70826722,pH,7.405019325,,,,,,,,,,,,,,,,,,,,,,
endosome800P,initRabContent,RabA,60066.28458,RabB,2616.797763,RabD,2046.077318,,,,,,,,,,,,,,,,,,,,,,,,,,
endosome800P,initMembraneContent,EEA1,2.906212211,exCxEn,0,R-TfaEn,1.95E-38,oMHCIEn,0.034466674,membraneMarker,0,M6PR,18.36450578,cMHCIEn,0.159272934,R-TfEn,1.10E-38,pepMHCIEn,0,REn,0.003375538,imCxEn,0,,,,,,,,,,
endosome800P,initSolubleContent,povaEn,0,NH3Cy,0,protonEn,52.21702489,FeEn,0,NH3En,0,NH4En,0,ovaEn,0,TfaEn,4.94E-06,solubleMarker,0,mvb,0.058265608,bead2,0,bead3,0,bead4,0,TfEn,0,pepEn,0,bead1,0
endosome801P,initOrgProp,area,34904.66395,volume,552768.5855,xcoor,48.41663012,ycoor,5.829467637,pH,7.388372966,,,,,,,,,,,,,,,,,,,,,,
endosome801P,initRabContent,RabA,25012.4785,RabB,6519.756652,RabC,3372.428794,,,,,,,,,,,,,,,,,,,,,,,,,,
endosome801P,initMembraneContent,EEA1,0.547965039,exCxEn,0,R-TfaEn,7.79E-39,oMHCIEn,0.013654657,membraneMarker,0,M6PR,7.71489586,cMHCIEn,0.05699001,R-TfEn,4.39E-39,pepMHCIEn,0,REn,0.001346453,imCxEn,0,,,,,,,,,,
endosome801P,initSolubleContent,povaEn,0,NH3Cy,0,protonEn,21.60322395,FeEn,0,NH3En,0,NH4En,0,ovaEn,0,TfaEn,1.71E-06,solubleMarker,0,mvb,1.018235676,bead2,0,bead3,0,bead4,0,TfEn,0,pepEn,0,bead1,0
endosome802z,initOrgProp,area,30867.40545,volume,418197.6075,xcoor,29.81458639,ycoor,9.122330939,pH,7.375571406,,,,,,,,,,,,,,,,,,,,,,
endosome802z,initRabContent,RabA,30867.40545,,,,,,,,,,,,,,,,,,,,,,,,,,,,,,
endosome802z,initMembraneContent,EEA1,2.667079392,exCxEn,1.67E-12,R-TfaEn,6.71E-39,oMHCIEn,0.013557421,membraneMarker,0,M6PR,9.150822912,cMHCIEn,0.056573062,R-TfEn,3.78E-39,pepMHCIEn,0,REn,0.001160419,imCxEn,1.67E-12,,,,,,,,,,
endosome802z,initSolubleContent,povaEn,0,NH3Cy,0,protonEn,16.61205927,FeEn,0,NH3En,0,NH4En,0,ovaEn,0,TfaEn,1.52E-06,solubleMarker,0,mvb,0.016768826,bead2,0,bead3,0,bead4,0,TfEn,0,pepEn,0,bead1,0
endosome803E,initOrgProp,area,7539.822369,volume,50265.48246,xcoor,19.84777135,ycoor,20.50494764,pH,7.224066642,,,,,,,,,,,,,,,,,,,,,,
endosome803E,initRabContent,RabD,753.9968037,RabA,6785.825565,,,,,,,,,,,,,,,,,,,,,,,,,,,,
endosome803E,initMembraneContent,EEA1,0.803811682,exCxEn,0,R-TfaEn,2.25E-39,oMHCIEn,0.004130737,membraneMarker,0,M6PR,2.731684167,cMHCIEn,0.017028913,R-TfEn,1.27E-39,pepMHCIEn,0,REn,3.89E-04,imCxEn,0,,,,,,,,,,
endosome803E,initSolubleContent,povaEn,0,NH3Cy,0,protonEn,2.000566202,FeEn,0,NH3En,0,NH4En,0,ovaEn,0,TfaEn,1.89E-07,solubleMarker,0,mvb,0,bead2,0,bead3,0,bead4,0,TfEn,0,pepEn,0,bead1,0
endosome804X,initOrgProp,area,7539.822369,volume,50265.48246,xcoor,34.51846475,ycoor,49.27492067,pH,7.224066642,,,,,,,,,,,,,,,,,,,,,,
endosome804X,initRabContent,RabA,5277.875658,RabB,2261.946711,,,,,,,,,,,,,,,,,,,,,,,,,,,,
endosome804X,initMembraneContent,EEA1,0.186543963,exCxEn,0,R-TfaEn,2.07E-39,oMHCIEn,0.004119815,membraneMarker,0,M6PR,2.079692989,cMHCIEn,0.017178921,R-TfEn,1.17E-39,pepMHCIEn,0,REn,3.57E-04,imCxEn,0,,,,,,,,,,
endosome804X,initSolubleContent,povaEn,0,NH3Cy,0,protonEn,2.000566202,FeEn,0,NH3En,0,NH4En,0,ovaEn,0,TfaEn,1.89E-07,solubleMarker,0,mvb,0,bead2,0,bead3,0,bead4,0,TfEn,0,pepEn,0,bead1,0
endosome805N,initOrgProp,area,7539.822369,volume,50265.48246,xcoor,20.84917832,ycoor,18.44357412,pH,7.224066642,,,,,,,,,,,,,,,,,,,,,,
endosome805N,initRabContent,RabD,2043.327259,RabA,5496.495109,,,,,,,,,,,,,,,,,,,,,,,,,,,,
endosome805N,initMembraneContent,EEA1,3.466041365,exCxEn,0,R-TfaEn,2.45E-39,oMHCIEn,0.004142448,membraneMarker,0,M6PR,3.586889522,cMHCIEn,0.016883774,R-TfEn,1.38E-39,pepMHCIEn,0,REn,4.24E-04,imCxEn,0,,,,,,,,,,
endosome805N,initSolubleContent,povaEn,0,NH3Cy,0,protonEn,2.000566202,FeEn,0,NH3En,0,NH4En,0,ovaEn,0,TfaEn,1.89E-07,solubleMarker,0,mvb,0,bead2,0,bead3,0,bead4,0,TfEn,0,pepEn,0,bead1,0
endosome806w,initOrgProp,area,7539.822369,volume,50265.48246,xcoor,11.2225671,ycoor,36.16944899,pH,7.224066642,,,,,,,,,,,,,,,,,,,,,,
endosome806w,initRabContent,RabD,753.9968037,RabA,6785.825565,,,,,,,,,,,,,,,,,,,,,,,,,,,,
endosome806w,initMembraneContent,EEA1,2.896553747,exCxEn,0,R-TfaEn,2.43E-39,oMHCIEn,0.00414152,membraneMarker,0,M6PR,3.470043917,cMHCIEn,0.016903432,R-TfEn,1.37E-39,pepMHCIEn,0,REn,4.20E-04,imCxEn,0,,,,,,,,,,
endosome806w,initSolubleContent,povaEn,0,NH3Cy,0,protonEn,2.000566202,FeEn,0,NH3En,0,NH4En,0,ovaEn,0,TfaEn,1.89E-07,solubleMarker,0,mvb,0,bead2,0,bead3,0,bead4,0,TfEn,0,pepEn,0,bead1,0
endosome807l,initOrgProp,area,7539.822369,volume,50265.48246,xcoor,31.06672236,ycoor,36.22157243,pH,7.224066642,,,,,,,,,,,,,,,,,,,,,,
endosome807l,initRabContent,RabA,5277.875658,RabB,2261.946711,,,,,,,,,,,,,,,,,,,,,,,,,,,,
endosome807l,initMembraneContent,EEA1,0.479586302,exCxEn,0,R-TfaEn,2.19E-39,oMHCIEn,0.00412548,membraneMarker,0,M6PR,2.480919769,cMHCIEn,0.017075635,R-TfEn,1.23E-39,pepMHCIEn,0,REn,3.78E-04,imCxEn,0,,,,,,,,,,
endosome807l,initSolubleContent,povaEn,0,NH3Cy,0,protonEn,2.000566202,FeEn,0,NH3En,0,NH4En,0,ovaEn,0,TfaEn,1.89E-07,solubleMarker,0,mvb,0,bead2,0,bead3,0,bead4,0,TfEn,0,pepEn,0,bead1,0
endosome808h,initOrgProp,area,7539.822369,volume,50265.48246,xcoor,1.312266388,ycoor,45.76733179,pH,7.224066642,,,,,,,,,,,,,,,,,,,,,,
endosome808h,initRabContent,RabC,603.1857895,RabB,6936.636579,,,,,,,,,,,,,,,,,,,,,,,,,,,,
endosome808h,initMembraneContent,,,,,,,,,,,,,,,,,,,,,,,,,,,,,,,,
endosome808h,initSolubleContent,protonEn,2.000566202,,,,,,,,,,,,,,,,,,,,,,,,,,,,,,
endosome809l,initOrgProp,area,7539.822369,volume,50265.48246,xcoor,26.98011002,ycoor,38.35813764,pH,7.306088725,,,,,,,,,,,,,,,,,,,,,,
endosome809l,initRabContent,RabA,7539.822369,,,,,,,,,,,,,,,,,,,,,,,,,,,,,,
endosome809l,initMembraneContent,EEA1,1.239894569,exCxEn,5.28E-09,R-TfaEn,5.76E-42,oMHCIEn,2.58E-04,membraneMarker,0,M6PR,2.457188324,cMHCIEn,4.80E-05,R-TfEn,3.24E-42,pepMHCIEn,0,REn,9.95E-07,imCxEn,5.28E-09,,,,,,,,,,
endosome809l,initSolubleContent,povaEn,0,NH3Cy,0,protonEn,1.484168957,FeEn,0,NH3En,0,NH4En,0,ovaEn,0,TfaEn,1.22E-07,solubleMarker,0,mvb,0,bead2,0,bead3,0,bead4,0,TfEn,0,pepEn,0,bead1,0
endosome810y,initOrgProp,area,14275.53515,volume,117622.6102,xcoor,1.660639016,ycoor,49.64151437,pH,7.316036983,,,,,,,,,,,,,,,,,,,,,,
endosome810y,initRabContent,RabA,0,RabB,9302.2349,RabC,3611.524754,RabD,1361.775491,,,,,,,,,,,,,,,,,,,,,,,,
endosome810y,initMembraneContent,,,,,,,,,,,,,,,,,,,,,,,,,,,,,,,,
endosome810y,initSolubleContent,protonEn,4.681379887,,,,,,,,,,,,,,,,,,,,,,,,,,,,,,
endosome811C,initOrgProp,area,7539.822369,volume,50265.48246,xcoor,3.353463171,ycoor,43.48878833,pH,7.237369153,,,,,,,,,,,,,,,,,,,,,,
endosome811C,initRabContent,RabA,7539.822369,,,,,,,,,,,,,,,,,,,,,,,,,,,,,,
endosome811C,initMembraneContent,EEA1,1.272497628,exCxEn,6.88E-12,R-TfaEn,1.72E-39,oMHCIEn,0.003071152,membraneMarker,0,M6PR,2.800462495,cMHCIEn,0.012593596,R-TfEn,9.71E-40,pepMHCIEn,0,REn,2.98E-04,imCxEn,6.88E-12,,,,,,,,,,
endosome811C,initSolubleContent,povaEn,0,NH3Cy,0,protonEn,1.910051686,FeEn,0,NH3En,0,NH4En,0,ovaEn,0,TfaEn,1.78E-07,solubleMarker,0,mvb,0,bead2,0,bead3,0,bead4,0,TfEn,0,pepEn,0,bead1,0
endosome812I,initOrgProp,area,7539.822369,volume,50265.48246,xcoor,15.55837717,ycoor,45.46830413,pH,7.224066642,,,,,,,,,,,,,,,,,,,,,,
endosome812I,initRabContent,RabB,7539.822369,,,,,,,,,,,,,,,,,,,,,,,,,,,,,,
endosome812I,initMembraneContent,,,,,,,,,,,,,,,,,,,,,,,,,,,,,,,,
endosome812I,initSolubleContent,protonEn,2.000566202,,,,,,,,,,,,,,,,,,,,,,,,,,,,,,
endosome813y,initOrgProp,area,9687.599053,volume,79135.03217,xcoor,19.62900196,ycoor,43.14251818,pH,7.362148651,,,,,,,,,,,,,,,,,,,,,,
endosome813y,initRabContent,RabA,6781.319337,RabB,2906.279716,,,,,,,,,,,,,,,,,,,,,,,,,,,,
endosome813y,initMembraneContent,EEA1,2.442044567,exCxEn,1.13E-09,R-TfaEn,2.98E-42,oMHCIEn,0.001046185,membraneMarker,0,M6PR,3.439965461,cMHCIEn,2.40E-05,R-TfEn,1.68E-42,pepMHCIEn,0,REn,5.15E-07,imCxEn,1.13E-09,,,,,,,,,,
endosome813y,initSolubleContent,povaEn,0,NH3Cy,0,protonEn,2.437321327,FeEn,0,NH3En,0,NH4En,0,ovaEn,0,TfaEn,1.65E-07,solubleMarker,0,mvb,0,bead2,0,bead3,0,bead4,0,TfEn,0,pepEn,0,bead1,0
endosome814v,initOrgProp,area,9687.599053,volume,79135.03217,xcoor,20.93490666,ycoor,48.89102668,pH,7.362148651,,,,,,,,,,,,,,,,,,,,,,
endosome814v,initRabContent,RabA,6781.319337,RabB,2906.279716,,,,,,,,,,,,,,,,,,,,,,,,,,,,
endosome814v,initMembraneContent,EEA1,2.442044567,exCxEn,1.13E-09,R-TfaEn,2.98E-42,oMHCIEn,0.001046185,membraneMarker,0,M6PR,3.439965461,cMHCIEn,2.40E-05,R-TfEn,1.68E-42,pepMHCIEn,0,REn,5.15E-07,imCxEn,1.13E-09,,,,,,,,,,
endosome814v,initSolubleContent,povaEn,0,NH3Cy,0,protonEn,2.437321327,FeEn,0,NH3En,0,NH4En,0,ovaEn,0,TfaEn,1.65E-07,solubleMarker,0,mvb,0,bead2,0,bead3,0,bead4,0,TfEn,0,pepEn,0,bead1,0
endosome815u,initOrgProp,area,7539.822369,volume,50265.48246,xcoor,11.62996579,ycoor,27.39211045,pH,7.630300575,,,,,,,,,,,,,,,,,,,,,,
endosome815u,initRabContent,RabA,7539.822369,,,,,,,,,,,,,,,,,,,,,,,,,,,,,,
endosome815u,initMembraneContent,EEA1,0.325122847,exCxEn,1.03E-08,R-TfaEn,8.79E-43,oMHCIEn,1.30E-04,membraneMarker,0,M6PR,0.373932013,cMHCIEn,6.21E-06,R-TfEn,4.89E-43,pepMHCIEn,0,REn,1.51E-07,imCxEn,1.03E-08,,,,,,,,,,
endosome815u,initSolubleContent,povaEn,0,NH3Cy,0,protonEn,0.177522679,FeEn,0,NH3En,0,NH4En,0,ovaEn,0,TfaEn,1.43E-08,solubleMarker,0,mvb,0,bead2,0,bead3,0,bead4,0,TfEn,0,pepEn,0,bead1,0
endosome816V,initOrgProp,area,7539.822369,volume,50265.48246,xcoor,47.54186029,ycoor,22.6022608,pH,7.224066642,,,,,,,,,,,,,,,,,,,,,,
endosome816V,initRabContent,RabA,3694.512961,RabB,3845.309408,,,,,,,,,,,,,,,,,,,,,,,,,,,,
endosome816V,initMembraneContent,EEA1,0.320381825,exCxEn,0,R-TfaEn,4.47E-42,oMHCIEn,0.002792786,membraneMarker,0,M6PR,2.297960665,cMHCIEn,3.59E-05,R-TfEn,2.52E-42,pepMHCIEn,0,REn,7.73E-07,imCxEn,0,,,,,,,,,,
endosome816V,initSolubleContent,povaEn,0,NH3Cy,0,protonEn,2.000566202,FeEn,0,NH3En,0,NH4En,0,ovaEn,0,TfaEn,1.45E-07,solubleMarker,0,mvb,0,bead2,0,bead3,0,bead4,0,TfEn,0,pepEn,0,bead1,0
endosome817I,initOrgProp,area,7539.822369,volume,50265.48246,xcoor,0.401613279,ycoor,39.76367982,pH,7.252586423,,,,,,,,,,,,,,,,,,,,,,
endosome817I,initRabContent,RabC,307.6247526,RabA,3694.512961,RabB,3537.684655,,,,,,,,,,,,,,,,,,,,,,,,,,
endosome817I,initMembraneContent,EEA1,0.942615091,exCxEn,1.33E-12,R-TfaEn,9.07E-42,oMHCIEn,1.35E-04,membraneMarker,0,M6PR,1.825737126,cMHCIEn,7.16E-05,R-TfEn,5.12E-42,pepMHCIEn,0,REn,1.57E-06,imCxEn,1.33E-12,,,,,,,,,,
endosome817I,initSolubleContent,povaEn,0,NH3Cy,0,protonEn,1.809851915,FeEn,0,NH3En,0,NH4En,0,ovaEn,0,TfaEn,1.41E-07,solubleMarker,0,mvb,0,bead2,0,bead3,0,bead4,0,TfEn,0,pepEn,0,bead1,0
endosome818q,initOrgProp,area,7539.822369,volume,50265.48246,xcoor,48.37556418,ycoor,24.34874008,pH,7.224066642,,,,,,,,,,,,,,,,,,,,,,
endosome818q,initRabContent,RabC,1668.653168,RabB,5871.169201,,,,,,,,,,,,,,,,,,,,,,,,,,,,
endosome818q,initMembraneContent,,,,,,,,,,,,,,,,,,,,,,,,,,,,,,,,
endosome818q,initSolubleContent,protonEn,2.000566202,,,,,,,,,,,,,,,,,,,,,,,,,,,,,,
endosome819P,initOrgProp,area,7539.822369,volume,50265.48246,xcoor,26.64317337,ycoor,20.07969415,pH,7.224066642,,,,,,,,,,,,,,,,,,,,,,
endosome819P,initRabContent,RabA,5277.875658,RabB,2261.946711,,,,,,,,,,,,,,,,,,,,,,,,,,,,
endosome819P,initMembraneContent,EEA1,2.600889469,exCxEn,0,R-TfaEn,2.41E-39,oMHCIEn,0.004140659,membraneMarker,0,M6PR,3.402061197,cMHCIEn,0.016913863,R-TfEn,1.36E-39,pepMHCIEn,0,REn,4.17E-04,imCxEn,0,,,,,,,,,,
endosome819P,initSolubleContent,povaEn,0,NH3Cy,0,protonEn,2.000566202,FeEn,0,NH3En,0,NH4En,0,ovaEn,0,TfaEn,1.89E-07,solubleMarker,0,mvb,0,bead2,0,bead3,0,bead4,0,TfEn,0,pepEn,0,bead1,0
endosome820Y,initOrgProp,area,7539.822369,volume,50265.48246,xcoor,23.35559104,ycoor,49.31031384,pH,7.237893599,,,,,,,,,,,,,,,,,,,,,,
endosome820Y,initRabContent,RabA,3694.512961,RabB,3845.309408,,,,,,,,,,,,,,,,,,,,,,,,,,,,
endosome820Y,initMembraneContent,EEA1,0.214487194,exCxEn,2.43E-08,R-TfaEn,6.17E-42,oMHCIEn,1.35E-04,membraneMarker,0,M6PR,2.133081236,cMHCIEn,4.96E-05,R-TfEn,3.46E-42,pepMHCIEn,0,REn,1.06E-06,imCxEn,2.43E-08,,,,,,,,,,
endosome820Y,initSolubleContent,povaEn,0,NH3Cy,0,protonEn,1.906539684,FeEn,0,NH3En,0,NH4En,0,ovaEn,0,TfaEn,1.59E-07,solubleMarker,0,mvb,0,bead2,0,bead3,0,bead4,0,TfEn,0,pepEn,0,bead1,0
endosome821Z,initOrgProp,area,15382.5131,volume,140043.3409,xcoor,8.034267091,ycoor,7.40204752,pH,7.336955358,,,,,,,,,,,,,,,,,,,,,,
endosome821Z,initRabContent,RabA,9875.891835,RabB,0,RabC,5506.621265,,,,,,,,,,,,,,,,,,,,,,,,,,
endosome821Z,initMembraneContent,EEA1,2.005092964,exCxEn,1.13E-18,R-TfaEn,1.08E-40,oMHCIEn,3.75E-04,membraneMarker,0,M6PR,5.582171335,cMHCIEn,8.57E-04,R-TfEn,6.09E-41,pepMHCIEn,0,REn,1.87E-05,imCxEn,1.13E-18,,,,,,,,,,
endosome821Z,initSolubleContent,povaEn,0,NH3Cy,0,protonEn,5.446249421,FeEn,0,NH3En,0,NH4En,0,ovaEn,0,TfaEn,1.31E-07,solubleMarker,0,mvb,0,bead2,0,bead3,0,bead4,0,TfEn,0,pepEn,0,bead1,0
endosome822x,initOrgProp,area,7539.822369,volume,50265.48246,xcoor,6.707395968,ycoor,8.418250782,pH,7.245070734,,,,,,,,,,,,,,,,,,,,,,
endosome822x,initRabContent,RabA,7539.822369,,,,,,,,,,,,,,,,,,,,,,,,,,,,,,
endosome822x,initMembraneContent,EEA1,0.461721351,exCxEn,8.23E-19,R-TfaEn,9.87E-44,oMHCIEn,5.58E-05,membraneMarker,0,M6PR,2.449767919,cMHCIEn,6.86E-07,R-TfEn,5.58E-44,pepMHCIEn,0,REn,1.71E-08,imCxEn,8.23E-19,,,,,,,,,,
endosome822x,initSolubleContent,povaEn,0,NH3Cy,0,protonEn,1.858901033,FeEn,0,NH3En,0,NH4En,0,ovaEn,0,TfaEn,6.45E-08,solubleMarker,0,mvb,0,bead2,0,bead3,0,bead4,0,TfEn,0,pepEn,0,bead1,0
endosome823O,initOrgProp,area,12566.37061,volume,100530.9649,xcoor,25.08184252,ycoor,19.6977842,pH,7.993068946,,,,,,,,,,,,,,,,,,,,,,
endosome823O,initRabContent,RabC,1005.309649,RabB,11561.06097,,,,,,,,,,,,,,,,,,,,,,,,,,,,
endosome823O,initMembraneContent,EEA1,8.69E-05,exCxEn,9.43E-06,R-TfaEn,1.61E-39,oMHCIEn,3.00E-07,membraneMarker,0,M6PR,0.001320755,cMHCIEn,0.007801969,R-TfEn,6.11E-40,pepMHCIEn,0,REn,2.26E-04,imCxEn,9.43E-06,,,,,,,,,,
endosome823O,initSolubleContent,povaEn,0,NH3Cy,0,protonEn,0.021482439,FeEn,0,NH3En,0,NH4En,0,ovaEn,0,TfaEn,6.79E-10,solubleMarker,0,mvb,0,bead2,0,bead3,0,bead4,0,TfEn,0,pepEn,0,bead1,0
endosome824M,initOrgProp,area,7539.822369,volume,50265.48246,xcoor,24.60111685,ycoor,20.19520916,pH,7.696658955,,,,,,,,,,,,,,,,,,,,,,
endosome824M,initRabContent,RabE,7539.822369,,,,,,,,,,,,,,,,,,,,,,,,,,,,,,
endosome824M,initMembraneContent,EEA1,5.21E-05,exCxEn,5.60E-08,R-TfaEn,9.94E-43,oMHCIEn,1.80E-07,membraneMarker,0,M6PR,0.817352853,cMHCIEn,4.68E-06,R-TfEn,3.77E-43,pepMHCIEn,0,REn,1.40E-07,imCxEn,5.60E-08,,,,,,,,,,
endosome824M,initSolubleContent,povaEn,0,NH3Cy,0,protonEn,0.01067355,FeEn,0,NH3En,0,NH4En,0,ovaEn,0,TfaEn,3.37E-10,solubleMarker,0,mvb,0,bead2,0,bead3,0,bead4,0,TfEn,0,pepEn,0,bead1,0
endosome825D,initOrgProp,area,7539.822369,volume,50265.48246,xcoor,21.20308832,ycoor,26.00695185,pH,7.701212152,,,,,,,,,,,,,,,,,,,,,,
endosome825D,initRabContent,RabD,753.9823602,RabA,6785.840008,,,,,,,,,,,,,,,,,,,,,,,,,,,,
endosome825D,initMembraneContent,EEA1,1.893686782,exCxEn,6.74E-11,R-TfaEn,1.58E-45,oMHCIEn,4.11E-08,membraneMarker,0,M6PR,0.006221077,cMHCIEn,7.70E-09,R-TfEn,7.38E-46,pepMHCIEn,0,REn,2.46E-10,imCxEn,6.74E-11,,,,,,,,,,
endosome825D,initSolubleContent,povaEn,0,NH3Cy,0,protonEn,1.33E-04,FeEn,0,NH3En,0,NH4En,0,ovaEn,0,TfaEn,6.23E-12,solubleMarker,0,mvb,0,bead2,0,bead3,0,bead4,0,TfEn,0,pepEn,0,bead1,0
endosome826V,initOrgProp,area,7539.822369,volume,50265.48246,xcoor,49.40344061,ycoor,25.30318279,pH,7.224066642,,,,,,,,,,,,,,,,,,,,,,
endosome826V,initRabContent,RabC,1158.116716,RabB,6381.705653,,,,,,,,,,,,,,,,,,,,,,,,,,,,
endosome826V,initMembraneContent,,,,,,,,,,,,,,,,,,,,,,,,,,,,,,,,
endosome826V,initSolubleContent,protonEn,2.000566202,,,,,,,,,,,,,,,,,,,,,,,,,,,,,,
endosome827R,initOrgProp,area,13720.75931,volume,112074.8519,xcoor,2.554332443,ycoor,1.838088816,pH,7.312269471,,,,,,,,,,,,,,,,,,,,,,
endosome827R,initRabContent,RabA,0,RabB,12623.09857,RabC,1097.660745,,,,,,,,,,,,,,,,,,,,,,,,,,
endosome827R,initMembraneContent,,,,,,,,,,,,,,,,,,,,,,,,,,,,,,,,
endosome827R,initSolubleContent,protonEn,4.460579106,,,,,,,,,,,,,,,,,,,,,,,,,,,,,,
endosome828N,initOrgProp,area,7539.822369,volume,50265.48246,xcoor,11.12639514,ycoor,22.55539983,pH,7.222995949,,,,,,,,,,,,,,,,,,,,,,
endosome828N,initRabContent,RabD,753.9969605,RabA,6785.825408,,,,,,,,,,,,,,,,,,,,,,,,,,,,
endosome828N,initMembraneContent,EEA1,0.320318946,exCxEn,0,R-TfaEn,2.12E-39,oMHCIEn,0.004132666,membraneMarker,0,M6PR,2.194393713,cMHCIEn,0.017163438,R-TfEn,1.20E-39,pepMHCIEn,0,REn,3.67E-04,imCxEn,0,,,,,,,,,,
endosome828N,initSolubleContent,povaEn,0,NH3Cy,0,protonEn,2.007972809,FeEn,0,NH3En,0,NH4En,0,ovaEn,0,TfaEn,1.90E-07,solubleMarker,0,mvb,0,bead2,0,bead3,0,bead4,0,TfEn,0,pepEn,0,bead1,0
endosome829M,initOrgProp,area,7539.822369,volume,50265.48246,xcoor,20.20609618,ycoor,20.50161557,pH,7.224102748,,,,,,,,,,,,,,,,,,,,,,
endosome829M,initRabContent,RabD,753.9967984,RabA,6785.82557,,,,,,,,,,,,,,,,,,,,,,,,,,,,
endosome829M,initMembraneContent,EEA1,0.884362692,exCxEn,5.00E-11,R-TfaEn,1.57E-41,oMHCIEn,0.003577913,membraneMarker,0,M6PR,2.779972212,cMHCIEn,1.18E-04,R-TfEn,8.86E-42,pepMHCIEn,0,REn,2.72E-06,imCxEn,5.00E-11,,,,,,,,,,
endosome829M,initSolubleContent,povaEn,0,NH3Cy,0,protonEn,2.000316758,FeEn,0,NH3En,0,NH4En,0,ovaEn,0,TfaEn,1.84E-07,solubleMarker,0,mvb,0,bead2,0,bead3,0,bead4,0,TfEn,0,pepEn,0,bead1,0
endosome830z,initOrgProp,area,12566.37061,volume,100530.9649,xcoor,25.35850242,ycoor,49.65425496,pH,7.303231498,,,,,,,,,,,,,,,,,,,,,,
endosome830z,initRabContent,RabC,12566.37061,,,,,,,,,,,,,,,,,,,,,,,,,,,,,,
endosome830z,initMembraneContent,,,,,,,,,,,,,,,,,,,,,,,,,,,,,,,,
endosome830z,initSolubleContent,protonEn,4.001132404,,,,,,,,,,,,,,,,,,,,,,,,,,,,,,
endosome831T,initOrgProp,area,12566.37061,volume,100530.9649,xcoor,25.17721786,ycoor,44.24302247,pH,7.303231498,,,,,,,,,,,,,,,,,,,,,,
endosome831T,initRabContent,RabC,12566.37061,,,,,,,,,,,,,,,,,,,,,,,,,,,,,,
endosome831T,initMembraneContent,,,,,,,,,,,,,,,,,,,,,,,,,,,,,,,,
endosome831T,initSolubleContent,protonEn,4.001132404,,,,,,,,,,,,,,,,,,,,,,,,,,,,,,
endosome832D,initOrgProp,area,7539.822369,volume,50265.48246,xcoor,44.42381116,ycoor,47.06217434,pH,7.223942297,,,,,,,,,,,,,,,,,,,,,,
endosome832D,initRabContent,RabA,5277.875658,RabB,2261.946711,,,,,,,,,,,,,,,,,,,,,,,,,,,,
endosome832D,initMembraneContent,EEA1,0.376523305,exCxEn,0,R-TfaEn,5.66E-41,oMHCIEn,0.004144083,membraneMarker,0,M6PR,2.300878413,cMHCIEn,4.62E-04,R-TfEn,3.20E-41,pepMHCIEn,0,REn,9.80E-06,imCxEn,0,,,,,,,,,,
endosome832D,initSolubleContent,povaEn,0,NH3Cy,0,protonEn,2.001425432,FeEn,0,NH3En,0,NH4En,0,ovaEn,0,TfaEn,1.89E-07,solubleMarker,0,mvb,0,bead2,0,bead3,0,bead4,0,TfEn,0,pepEn,0,bead1,0
endosome833p,initOrgProp,area,8732.439872,volume,62191.65749,xcoor,3.341328141,ycoor,4.239265845,pH,7.252748833,,,,,,,,,,,,,,,,,,,,,,
endosome833p,initRabContent,RabB,6799.846139,RabC,1932.593733,,,,,,,,,,,,,,,,,,,,,,,,,,,,
endosome833p,initMembraneContent,,,,,,,,,,,,,,,,,,,,,,,,,,,,,,,,
endosome833p,initSolubleContent,protonEn,2.475227968,,,,,,,,,,,,,,,,,,,,,,,,,,,,,,
endosome834D,initOrgProp,area,7539.822369,volume,50265.48246,xcoor,22.26968457,ycoor,24.0396672,pH,7.222755875,,,,,,,,,,,,,,,,,,,,,,
endosome834D,initRabContent,RabI,7539.822369,,,,,,,,,,,,,,,,,,,,,,,,,,,,,,
endosome834D,initMembraneContent,EEA1,0,exCxEn,1.08E-06,R-TfaEn,2.62E-46,oMHCIEn,3.40E-11,membraneMarker,0,M6PR,0.002671236,cMHCIEn,4.13E-09,R-TfEn,4.07E-47,pepMHCIEn,0,REn,6.30E-11,imCxEn,1.08E-06,,,,,,,,,,
endosome834D,initSolubleContent,povaEn,0,NH3Cy,0,protonEn,2.009636052,FeEn,0,NH3En,0,NH4En,0,ovaEn,0,TfaEn,1.03E-09,solubleMarker,0,mvb,0,bead2,0,bead3,0,bead4,0,TfEn,0,pepEn,0,bead1,0
endosome835Q,initOrgProp,area,14137.16694,volume,116238.9282,xcoor,47.38781845,ycoor,27.91689841,pH,7.31512799,,,,,,,,,,,,,,,,,,,,,,
endosome835Q,initRabContent,RabB,12220.04144,RabC,1917.125501,,,,,,,,,,,,,,,,,,,,,,,,,,,,
endosome835Q,initMembraneContent,EEA1,2.99E-04,exCxEn,0,R-TfaEn,1.87E-39,oMHCIEn,1.28E-04,membraneMarker,0,M6PR,0.004281491,cMHCIEn,0.014964924,R-TfEn,1.05E-39,pepMHCIEn,0,REn,3.23E-04,imCxEn,0,,,,,,,,,,
endosome835Q,initSolubleContent,povaEn,0,NH3Cy,0,protonEn,4.626309342,FeEn,0,NH3En,0,NH4En,0,ovaEn,0,TfaEn,1.37E-07,solubleMarker,0,mvb,0,bead2,0,bead3,0,bead4,0,TfEn,0,pepEn,0,bead1,0
endosome836i,initOrgProp,area,11938.05208,volume,100530.9649,xcoor,47.55016161,ycoor,29.3771162,pH,7.423158901,,,,,,,,,,,,,,,,,,,,,,
endosome836i,initRabContent,RabA,5277.875658,RabB,5637.173327,RabC,1023.003099,,,,,,,,,,,,,,,,,,,,,,,,,,
endosome836i,initMembraneContent,EEA1,1.444662714,exCxEn,2.69E-11,R-TfaEn,1.14E-39,oMHCIEn,2.75E-05,membraneMarker,0,M6PR,2.128690724,cMHCIEn,0.008352429,R-TfEn,6.43E-40,pepMHCIEn,0,REn,1.97E-04,imCxEn,2.69E-11,,,,,,,,,,
endosome836i,initSolubleContent,povaEn,0,NH3Cy,0,protonEn,2.794381115,FeEn,0,NH3En,0,NH4En,0,ovaEn,0,TfaEn,1.68E-07,solubleMarker,0,mvb,0,bead2,0,bead3,0,bead4,0,TfEn,0,pepEn,0,bead1,0
endosome837E,initOrgProp,area,7539.822369,volume,50265.48246,xcoor,41.70834207,ycoor,14.33730647,pH,7.232588922,,,,,,,,,,,,,,,,,,,,,,
endosome837E,initRabContent,RabA,7539.822369,,,,,,,,,,,,,,,,,,,,,,,,,,,,,,
endosome837E,initMembraneContent,EEA1,3.205232186,exCxEn,1.30E-14,R-TfaEn,3.25E-43,oMHCIEn,5.46E-07,membraneMarker,0,M6PR,3.206969712,cMHCIEn,2.25E-06,R-TfEn,1.84E-43,pepMHCIEn,0,REn,5.62E-08,imCxEn,1.30E-14,,,,,,,,,,
endosome837E,initSolubleContent,povaEn,0,NH3Cy,0,protonEn,1.942259224,FeEn,0,NH3En,0,NH4En,0,ovaEn,0,TfaEn,5.36E-08,solubleMarker,0,mvb,0,bead2,0,bead3,0,bead4,0,TfEn,0,pepEn,0,bead1,0
endosome838J,initOrgProp,area,7539.822369,volume,50265.48246,xcoor,48.62543415,ycoor,0.711625152,pH,7.224066642,,,,,,,,,,,,,,,,,,,,,,
endosome838J,initRabContent,RabC,1158.116716,RabB,6381.705653,,,,,,,,,,,,,,,,,,,,,,,,,,,,
endosome838J,initMembraneContent,,,,,,,,,,,,,,,,,,,,,,,,,,,,,,,,
endosome838J,initSolubleContent,protonEn,2.000566202,,,,,,,,,,,,,,,,,,,,,,,,,,,,,,
endosome839B,initOrgProp,area,7539.822369,volume,50265.48246,xcoor,43.066877,ycoor,24.21709574,pH,7.234588177,,,,,,,,,,,,,,,,,,,,,,
endosome839B,initRabContent,RabC,603.1857895,RabB,6936.636579,,,,,,,,,,,,,,,,,,,,,,,,,,,,
endosome839B,initMembraneContent,EEA1,0.004259619,exCxEn,3.44E-08,R-TfaEn,1.60E-39,oMHCIEn,3.56E-05,membraneMarker,0,M6PR,0.007965488,cMHCIEn,0.010237976,R-TfEn,9.08E-40,pepMHCIEn,0,REn,2.78E-04,imCxEn,3.44E-08,,,,,,,,,,
endosome839B,initSolubleContent,povaEn,0,NH3Cy,0,protonEn,1.928745795,FeEn,0,NH3En,0,NH4En,0,ovaEn,0,TfaEn,1.19E-07,solubleMarker,0,mvb,0,bead2,0,bead3,0,bead4,0,TfEn,0,pepEn,0,bead1,0
endosome840W,initOrgProp,area,11938.05208,volume,94247.77961,xcoor,49.28237649,ycoor,33.45917591,pH,7.297480464,,,,,,,,,,,,,,,,,,,,,,
endosome840W,initRabContent,RabC,1833.6848,RabB,10104.36728,,,,,,,,,,,,,,,,,,,,,,,,,,,,
endosome840W,initMembraneContent,,,,,,,,,,,,,,,,,,,,,,,,,,,,,,,,
endosome840W,initSolubleContent,protonEn,3.751061628,,,,,,,,,,,,,,,,,,,,,,,,,,,,,,
endosome841S,initOrgProp,area,7539.822369,volume,50265.48246,xcoor,24.39122219,ycoor,24.2688484,pH,7.394967581,,,,,,,,,,,,,,,,,,,,,,
endosome841S,initRabContent,RabE,6031.857895,RabF,1507.964474,,,,,,,,,,,,,,,,,,,,,,,,,,,,
endosome841S,initMembraneContent,EEA1,0.002088759,exCxEn,9.62E-08,R-TfaEn,1.69E-42,oMHCIEn,6.73E-06,membraneMarker,0,M6PR,0.002093931,cMHCIEn,1.00E-05,R-TfEn,8.95E-43,pepMHCIEn,0,REn,2.82E-07,imCxEn,9.62E-08,,,,,,,,,,
endosome841S,initSolubleContent,povaEn,0,NH3Cy,0,protonEn,1.024427713,FeEn,0,NH3En,0,NH4En,0,ovaEn,0,TfaEn,2.67E-08,solubleMarker,0,mvb,0,bead2,0,bead3,0,bead4,0,TfEn,0,pepEn,0,bead1,0
endosome842S,initOrgProp,area,7539.822369,volume,50265.48246,xcoor,28.48460883,ycoor,6.435342092,pH,7.346112745,,,,,,,,,,,,,,,,,,,,,,
endosome842S,initRabContent,RabA,5277.875658,RabB,2261.946711,,,,,,,,,,,,,,,,,,,,,,,,,,,,
endosome842S,initMembraneContent,EEA1,1.069663768,exCxEn,1.91E-09,R-TfaEn,4.58E-43,oMHCIEn,3.61E-06,membraneMarker,0,M6PR,0.8389489,cMHCIEn,3.28E-06,R-TfEn,2.59E-43,pepMHCIEn,0,REn,7.94E-08,imCxEn,1.91E-09,,,,,,,,,,
endosome842S,initSolubleContent,povaEn,0,NH3Cy,0,protonEn,1.265463711,FeEn,0,NH3En,0,NH4En,0,ovaEn,0,TfaEn,4.44E-08,solubleMarker,0,mvb,0,bead2,0,bead3,0,bead4,0,TfEn,0,pepEn,0,bead1,0
endosome843A,initOrgProp,area,7539.822369,volume,50265.48246,xcoor,14.46026571,ycoor,2.728813072,pH,7.241748028,,,,,,,,,,,,,,,,,,,,,,
endosome843A,initRabContent,RabA,7539.822369,,,,,,,,,,,,,,,,,,,,,,,,,,,,,,
endosome843A,initMembraneContent,EEA1,0.688766543,exCxEn,4.68E-12,R-TfaEn,1.69E-41,oMHCIEn,0.002591674,membraneMarker,0,M6PR,2.246175018,cMHCIEn,1.31E-04,R-TfEn,9.54E-42,pepMHCIEn,0,REn,2.93E-06,imCxEn,4.68E-12,,,,,,,,,,
endosome843A,initSolubleContent,povaEn,0,NH3Cy,0,protonEn,1.880857836,FeEn,0,NH3En,0,NH4En,0,ovaEn,0,TfaEn,1.67E-07,solubleMarker,0,mvb,0,bead2,0,bead3,0,bead4,0,TfEn,0,pepEn,0,bead1,0
endosome844h,initOrgProp,area,7539.822369,volume,50265.48246,xcoor,10.66258573,ycoor,16.16594809,pH,7.224066642,,,,,,,,,,,,,,,,,,,,,,
endosome844h,initRabContent,RabA,7539.822369,,,,,,,,,,,,,,,,,,,,,,,,,,,,,,
endosome844h,initMembraneContent,EEA1,1.76229326,exCxEn,0,R-TfaEn,1.44E-41,oMHCIEn,2.87E-04,membraneMarker,0,M6PR,2.807114247,cMHCIEn,1.03E-04,R-TfEn,8.12E-42,pepMHCIEn,0,REn,2.49E-06,imCxEn,0,,,,,,,,,,
endosome844h,initSolubleContent,povaEn,0,NH3Cy,0,protonEn,2.000566202,FeEn,0,NH3En,0,NH4En,0,ovaEn,0,TfaEn,1.61E-07,solubleMarker,0,mvb,0,bead2,0,bead3,0,bead4,0,TfEn,0,pepEn,0,bead1,0
endosome845l,initOrgProp,area,13742.42723,volume,118209.5312,xcoor,25.9303184,ycoor,24.30726865,pH,7.656952058,,,,,,,,,,,,,,,,,,,,,,
endosome845l,initRabContent,RabC,13742.42723,,,,,,,,,,,,,,,,,,,,,,,,,,,,,,
endosome845l,initMembraneContent,EEA1,0.004034574,exCxEn,2.02E-05,R-TfaEn,3.26E-39,oMHCIEn,0.013098759,membraneMarker,0,M6PR,0.002836961,cMHCIEn,0.01885594,R-TfEn,1.69E-39,pepMHCIEn,0,REn,5.38E-04,imCxEn,2.02E-05,,,,,,,,,,
endosome845l,initSolubleContent,povaEn,0,NH3Cy,0,protonEn,1.604356523,FeEn,0,NH3En,0,NH4En,0,ovaEn,0,TfaEn,6.42E-08,solubleMarker,0,mvb,0,bead2,0,bead3,0,bead4,0,TfEn,0,pepEn,0,bead1,0
endosome846W,initOrgProp,area,7539.822369,volume,50265.48246,xcoor,39.46692465,ycoor,24.95635295,pH,7.246187787,,,,,,,,,,,,,,,,,,,,,,
endosome846W,initRabContent,RabA,7539.822369,,,,,,,,,,,,,,,,,,,,,,,,,,,,,,
endosome846W,initMembraneContent,EEA1,3.150491666,exCxEn,2.04E-15,R-TfaEn,2.05E-39,oMHCIEn,0.003443048,membraneMarker,0,M6PR,3.015370207,cMHCIEn,0.014026416,R-TfEn,1.15E-39,pepMHCIEn,0,REn,3.54E-04,imCxEn,2.04E-15,,,,,,,,,,
endosome846W,initSolubleContent,povaEn,0,NH3Cy,0,protonEn,1.851557073,FeEn,0,NH3En,0,NH4En,0,ovaEn,0,TfaEn,1.75E-07,solubleMarker,0,mvb,0,bead2,0,bead3,0,bead4,0,TfEn,0,pepEn,0,bead1,0
endosome847e,initOrgProp,area,20106.19298,volume,251327.4123,xcoor,38.25314057,ycoor,34.54812517,pH,7.720570853,,,,,,,,,,,,,,,,,,,,,,
endosome847e,initRabContent,RabC,20106.19298,,,,,,,,,,,,,,,,,,,,,,,,,,,,,,
endosome847e,initMembraneContent,EEA1,0.005025621,exCxEn,5.13E-08,R-TfaEn,7.69E-40,oMHCIEn,6.36E-04,membraneMarker,0,M6PR,0.012851881,cMHCIEn,0.00507528,R-TfEn,4.36E-40,pepMHCIEn,0,REn,1.33E-04,imCxEn,5.13E-08,,,,,,,,,,
endosome847e,initSolubleContent,povaEn,0,NH3Cy,0,protonEn,3.782654483,FeEn,0,NH3En,0,NH4En,0,ovaEn,0,TfaEn,1.10E-07,solubleMarker,0,mvb,0,bead2,0,bead3,0,bead4,0,TfEn,0,pepEn,0,bead1,0
endosome848w,initOrgProp,area,7539.822369,volume,50265.48246,xcoor,32.55367813,ycoor,30.37055064,pH,7.456614062,,,,,,,,,,,,,,,,,,,,,,
endosome848w,initRabContent,RabC,7539.822369,,,,,,,,,,,,,,,,,,,,,,,,,,,,,,
endosome848w,initMembraneContent,EEA1,0.001884608,exCxEn,1.92E-08,R-TfaEn,2.89E-40,oMHCIEn,2.38E-04,membraneMarker,0,M6PR,0.004819455,cMHCIEn,0.00190323,R-TfEn,1.63E-40,pepMHCIEn,0,REn,5.00E-05,imCxEn,1.92E-08,,,,,,,,,,
endosome848w,initSolubleContent,povaEn,0,NH3Cy,0,protonEn,0.756530897,FeEn,0,NH3En,0,NH4En,0,ovaEn,0,TfaEn,2.19E-08,solubleMarker,0,mvb,0,bead2,0,bead3,0,bead4,0,TfEn,0,pepEn,0,bead1,0
endosome849E,initOrgProp,area,7539.822369,volume,50265.48246,xcoor,13.31830946,ycoor,13.26498424,pH,7.287218846,,,,,,,,,,,,,,,,,,,,,,
endosome849E,initRabContent,RabA,7539.822369,,,,,,,,,,,,,,,,,,,,,,,,,,,,,,
endosome849E,initMembraneContent,EEA1,1.433013911,exCxEn,0,R-TfaEn,3.81E-42,oMHCIEn,4.85E-05,membraneMarker,0,M6PR,2.250964497,cMHCIEn,2.91E-05,R-TfEn,2.15E-42,pepMHCIEn,0,REn,6.59E-07,imCxEn,0,,,,,,,,,,
endosome849E,initSolubleContent,povaEn,0,NH3Cy,0,protonEn,1.594484077,FeEn,0,NH3En,0,NH4En,0,ovaEn,0,TfaEn,1.18E-07,solubleMarker,0,mvb,0,bead2,0,bead3,0,bead4,0,TfEn,0,pepEn,0,bead1,0
endosome850J,initOrgProp,area,10208.24256,volume,76949.68438,xcoor,0.712555425,ycoor,2.274180538,pH,7.277403053,,,,,,,,,,,,,,,,,,,,,,
endosome850J,initRabContent,RabB,10208.24256,RabC,0,,,,,,,,,,,,,,,,,,,,,,,,,,,,
endosome850J,initMembraneContent,,,,,,,,,,,,,,,,,,,,,,,,,,,,,,,,
endosome850J,initSolubleContent,protonEn,3.062597438,,,,,,,,,,,,,,,,,,,,,,,,,,,,,,
endosome851n,initOrgProp,area,12566.37061,volume,100530.9649,xcoor,48.18244899,ycoor,49.25994403,pH,7.303231498,,,,,,,,,,,,,,,,,,,,,,
endosome851n,initRabContent,RabC,12566.37061,,,,,,,,,,,,,,,,,,,,,,,,,,,,,,
endosome851n,initMembraneContent,,,,,,,,,,,,,,,,,,,,,,,,,,,,,,,,
endosome851n,initSolubleContent,protonEn,4.001132404,,,,,,,,,,,,,,,,,,,,,,,,,,,,,,
endosome852r,initOrgProp,area,7539.822369,volume,50265.48246,xcoor,32.83898004,ycoor,30.53976896,pH,7.456614062,,,,,,,,,,,,,,,,,,,,,,
endosome852r,initRabContent,RabC,7539.822369,,,,,,,,,,,,,,,,,,,,,,,,,,,,,,
endosome852r,initMembraneContent,EEA1,0.001884608,exCxEn,1.92E-08,R-TfaEn,2.89E-40,oMHCIEn,2.38E-04,membraneMarker,0,M6PR,0.004819455,cMHCIEn,0.00190323,R-TfEn,1.63E-40,pepMHCIEn,0,REn,5.00E-05,imCxEn,1.92E-08,,,,,,,,,,
endosome852r,initSolubleContent,povaEn,0,NH3Cy,0,protonEn,0.756530897,FeEn,0,NH3En,0,NH4En,0,ovaEn,0,TfaEn,2.19E-08,solubleMarker,0,mvb,0,bead2,0,bead3,0,bead4,0,TfEn,0,pepEn,0,bead1,0
endosome853d,initOrgProp,area,11309.73355,volume,100530.9649,xcoor,12.73430763,ycoor,14.92290325,pH,8.002198759,,,,,,,,,,,,,,,,,,,,,,
endosome853d,initRabContent,RabD,11309.73355,,,,,,,,,,,,,,,,,,,,,,,,,,,,,,
endosome853d,initMembraneContent,EEA1,0.002373397,exCxEn,9.72E-11,R-TfaEn,2.48E-45,oMHCIEn,5.62E-08,membraneMarker,0,M6PR,0.008040592,cMHCIEn,1.21E-08,R-TfEn,1.16E-45,pepMHCIEn,0,REn,3.86E-10,imCxEn,9.72E-11,,,,,,,,,,
endosome853d,initSolubleContent,povaEn,0,NH3Cy,0,protonEn,2.33E-04,FeEn,0,NH3En,0,NH4En,0,ovaEn,0,TfaEn,1.09E-11,solubleMarker,0,mvb,0,bead2,0,bead3,0,bead4,0,TfEn,0,pepEn,0,bead1,0
endosome854t,initOrgProp,area,11309.73355,volume,100530.9649,xcoor,12.24196288,ycoor,15.37387174,pH,8.002198759,,,,,,,,,,,,,,,,,,,,,,
endosome854t,initRabContent,RabD,11309.73355,,,,,,,,,,,,,,,,,,,,,,,,,,,,,,
endosome854t,initMembraneContent,EEA1,0.002373397,exCxEn,9.72E-11,R-TfaEn,2.48E-45,oMHCIEn,5.62E-08,membraneMarker,0,M6PR,0.008040592,cMHCIEn,1.21E-08,R-TfEn,1.16E-45,pepMHCIEn,0,REn,3.86E-10,imCxEn,9.72E-11,,,,,,,,,,
endosome854t,initSolubleContent,povaEn,0,NH3Cy,0,protonEn,2.33E-04,FeEn,0,NH3En,0,NH4En,0,ovaEn,0,TfaEn,1.09E-11,solubleMarker,0,mvb,0,bead2,0,bead3,0,bead4,0,TfEn,0,pepEn,0,bead1,0
endosome855c,initOrgProp,area,11309.73355,volume,100530.9649,xcoor,10.69944166,ycoor,18.24534596,pH,8.002198759,,,,,,,,,,,,,,,,,,,,,,
endosome855c,initRabContent,RabD,11309.73355,,,,,,,,,,,,,,,,,,,,,,,,,,,,,,
endosome855c,initMembraneContent,EEA1,0.002373397,exCxEn,9.72E-11,R-TfaEn,2.48E-45,oMHCIEn,5.62E-08,membraneMarker,0,M6PR,0.008040592,cMHCIEn,1.21E-08,R-TfEn,1.16E-45,pepMHCIEn,0,REn,3.86E-10,imCxEn,9.72E-11,,,,,,,,,,
endosome855c,initSolubleContent,povaEn,0,NH3Cy,0,protonEn,2.33E-04,FeEn,0,NH3En,0,NH4En,0,ovaEn,0,TfaEn,1.09E-11,solubleMarker,0,mvb,0,bead2,0,bead3,0,bead4,0,TfEn,0,pepEn,0,bead1,0
endosome856g,initOrgProp,area,7539.822369,volume,50265.48246,xcoor,8.926914439,ycoor,16.45176655,pH,7.701219306,,,,,,,,,,,,,,,,,,,,,,
endosome856g,initRabContent,RabD,7539.822369,,,,,,,,,,,,,,,,,,,,,,,,,,,,,,
endosome856g,initMembraneContent,EEA1,0.001582264,exCxEn,6.48E-11,R-TfaEn,1.66E-45,oMHCIEn,3.74E-08,membraneMarker,0,M6PR,0.005360395,cMHCIEn,8.04E-09,R-TfEn,7.71E-46,pepMHCIEn,0,REn,2.57E-10,imCxEn,6.48E-11,,,,,,,,,,
endosome856g,initSolubleContent,povaEn,0,NH3Cy,0,protonEn,1.16E-04,FeEn,0,NH3En,0,NH4En,0,ovaEn,0,TfaEn,5.47E-12,solubleMarker,0,mvb,0,bead2,0,bead3,0,bead4,0,TfEn,0,pepEn,0,bead1,0
endosome857u,initOrgProp,area,9071.194247,volume,65579.20124,xcoor,0.479195198,ycoor,2.440960265,pH,7.25925264,,,,,,,,,,,,,,,,,,,,,,
endosome857u,initRabContent,RabC,2007.564141,RabB,7063.630105,,,,,,,,,,,,,,,,,,,,,,,,,,,,
endosome857u,initMembraneContent,,,,,,,,,,,,,,,,,,,,,,,,,,,,,,,,
endosome857u,initSolubleContent,protonEn,2.610052209,,,,,,,,,,,,,,,,,,,,,,,,,,,,,,
endosome858O,initOrgProp,area,9071.194247,volume,75541.16539,xcoor,9.638715137,ycoor,9.368135458,pH,7.275669808,,,,,,,,,,,,,,,,,,,,,,
endosome858O,initRabContent,RabB,9071.194247,,,,,,,,,,,,,,,,,,,,,,,,,,,,,,
endosome858O,initMembraneContent,EEA1,0.002704236,exCxEn,2.19E-18,R-TfaEn,2.82E-40,oMHCIEn,2.43E-07,membraneMarker,0,M6PR,0.011738759,cMHCIEn,0.002239287,R-TfEn,1.59E-40,pepMHCIEn,0,REn,4.87E-05,imCxEn,2.19E-18,,,,,,,,,,
endosome858O,initSolubleContent,povaEn,0,NH3Cy,0,protonEn,3.004182586,FeEn,0,NH3En,0,NH4En,0,ovaEn,0,TfaEn,5.33E-08,solubleMarker,0,mvb,0,bead2,0,bead3,0,bead4,0,TfEn,0,pepEn,0,bead1,0
endosome859i,initOrgProp,area,9071.194247,volume,75541.16539,xcoor,0.747212205,ycoor,2.295056662,pH,7.275669808,,,,,,,,,,,,,,,,,,,,,,
endosome859i,initRabContent,RabC,725.6955397,RabB,8345.498707,,,,,,,,,,,,,,,,,,,,,,,,,,,,
endosome859i,initMembraneContent,EEA1,0.002704236,exCxEn,2.19E-18,R-TfaEn,2.82E-40,oMHCIEn,2.43E-07,membraneMarker,0,M6PR,0.011738759,cMHCIEn,0.002239287,R-TfEn,1.59E-40,pepMHCIEn,0,REn,4.87E-05,imCxEn,2.19E-18,,,,,,,,,,
endosome859i,initSolubleContent,povaEn,0,NH3Cy,0,protonEn,3.004182586,FeEn,0,NH3En,0,NH4En,0,ovaEn,0,TfaEn,5.33E-08,solubleMarker,0,mvb,0,bead2,0,bead3,0,bead4,0,TfEn,0,pepEn,0,bead1,0
endosome860y,initOrgProp,area,11230.88466,volume,93526.17662,xcoor,8.289943604,ycoor,7.913579804,pH,7.297044077,,,,,,,,,,,,,,,,,,,,,,
endosome860y,initRabContent,RabC,898.4707724,RabB,10332.41388,,,,,,,,,,,,,,,,,,,,,,,,,,,,
endosome860y,initMembraneContent,EEA1,0.003348067,exCxEn,2.71E-18,R-TfaEn,3.49E-40,oMHCIEn,3.01E-07,membraneMarker,0,M6PR,0.01453355,cMHCIEn,0.002772421,R-TfEn,1.97E-40,pepMHCIEn,0,REn,6.03E-05,imCxEn,2.71E-18,,,,,,,,,,
endosome860y,initSolubleContent,povaEn,0,NH3Cy,0,protonEn,3.719425159,FeEn,0,NH3En,0,NH4En,0,ovaEn,0,TfaEn,6.59E-08,solubleMarker,0,mvb,0,bead2,0,bead3,0,bead4,0,TfEn,0,pepEn,0,bead1,0
endosome861B,initOrgProp,area,10997.46433,volume,84841.9021,xcoor,2.873124595,ycoor,2.109679524,pH,7.287462853,,,,,,,,,,,,,,,,,,,,,,
endosome861B,initRabContent,RabC,1689.210522,RabB,9308.253812,,,,,,,,,,,,,,,,,,,,,,,,,,,,
endosome861B,initMembraneContent,,,,,,,,,,,,,,,,,,,,,,,,,,,,,,,,
endosome861B,initSolubleContent,protonEn,3.376707704,,,,,,,,,,,,,,,,,,,,,,,,,,,,,,
endosome862e,initOrgProp,area,7539.822369,volume,50265.48246,xcoor,27.4880404,ycoor,23.27901554,pH,7.70107145,,,,,,,,,,,,,,,,,,,,,,
endosome862e,initRabContent,RabE,7539.822369,,,,,,,,,,,,,,,,,,,,,,,,,,,,,,
endosome862e,initMembraneContent,EEA1,5.11E-06,exCxEn,1.50E-09,R-TfaEn,5.15E-44,oMHCIEn,3.92E-07,membraneMarker,0,M6PR,0.043431005,cMHCIEn,2.68E-07,R-TfEn,2.84E-44,pepMHCIEn,0,REn,8.79E-09,imCxEn,1.50E-09,,,,,,,,,,
endosome862e,initSolubleContent,povaEn,0,NH3Cy,0,protonEn,4.57E-04,FeEn,0,NH3En,0,NH4En,0,ovaEn,0,TfaEn,2.29E-11,solubleMarker,0,mvb,0,bead2,0,bead3,0,bead4,0,TfEn,0,pepEn,0,bead1,0
endosome863j,initOrgProp,area,7539.822369,volume,50265.48246,xcoor,22.30938529,ycoor,17.54676511,pH,7.684623808,,,,,,,,,,,,,,,,,,,,,,
endosome863j,initRabContent,RabC,7539.822369,,,,,,,,,,,,,,,,,,,,,,,,,,,,,,
endosome863j,initMembraneContent,EEA1,6.64E-04,exCxEn,1.48E-07,R-TfaEn,3.38E-40,oMHCIEn,0.002388089,membraneMarker,0,M6PR,1.19E-04,cMHCIEn,0.002434318,R-TfEn,1.91E-40,pepMHCIEn,0,REn,5.86E-05,imCxEn,1.48E-07,,,,,,,,,,
endosome863j,initSolubleContent,povaEn,0,NH3Cy,0,protonEn,0.039072969,FeEn,0,NH3En,0,NH4En,0,ovaEn,0,TfaEn,1.41E-09,solubleMarker,0,mvb,0,bead2,0,bead3,0,bead4,0,TfEn,0,pepEn,0,bead1,0
endosome864x,initOrgProp,area,10681.41502,volume,87964.5943,xcoor,5.072636222,ycoor,39.8943982,pH,7.424979755,,,,,,,,,,,,,,,,,,,,,,
endosome864x,initRabContent,RabA,10681.41502,,,,,,,,,,,,,,,,,,,,,,,,,,,,,,
endosome864x,initMembraneContent,EEA1,1.821402083,exCxEn,1.35E-08,R-TfaEn,1.70E-43,oMHCIEn,1.82E-04,membraneMarker,0,M6PR,2.568179882,cMHCIEn,1.27E-06,R-TfEn,9.50E-44,pepMHCIEn,0,REn,2.92E-08,imCxEn,1.35E-08,,,,,,,,,,
endosome864x,initSolubleContent,povaEn,0,NH3Cy,0,protonEn,2.306192599,FeEn,0,NH3En,0,NH4En,0,ovaEn,0,TfaEn,1.88E-07,solubleMarker,0,mvb,0,bead2,0,bead3,0,bead4,0,TfEn,0,pepEn,0,bead1,0
endosome865f,initOrgProp,area,10681.41502,volume,87964.5943,xcoor,9.239539313,ycoor,48.35924808,pH,7.424979755,,,,,,,,,,,,,,,,,,,,,,
endosome865f,initRabContent,RabA,10681.41502,,,,,,,,,,,,,,,,,,,,,,,,,,,,,,
endosome865f,initMembraneContent,EEA1,1.821402083,exCxEn,1.35E-08,R-TfaEn,1.70E-43,oMHCIEn,1.82E-04,membraneMarker,0,M6PR,2.568179882,cMHCIEn,1.27E-06,R-TfEn,9.50E-44,pepMHCIEn,0,REn,2.92E-08,imCxEn,1.35E-08,,,,,,,,,,
endosome865f,initSolubleContent,povaEn,0,NH3Cy,0,protonEn,2.306192599,FeEn,0,NH3En,0,NH4En,0,ovaEn,0,TfaEn,1.88E-07,solubleMarker,0,mvb,0,bead2,0,bead3,0,bead4,0,TfEn,0,pepEn,0,bead1,0
endosome866N,initOrgProp,area,7539.822369,volume,50265.48246,xcoor,40.02769452,ycoor,40.28961346,pH,7.229711626,,,,,,,,,,,,,,,,,,,,,,
endosome866N,initRabContent,RabD,7539.822369,,,,,,,,,,,,,,,,,,,,,,,,,,,,,,
endosome866N,initMembraneContent,,,,,,,,,,,,,,,,,,,,,,,,,,,,,,,,
endosome866N,initSolubleContent,protonEn,1.961817053,,,,,,,,,,,,,,,,,,,,,,,,,,,,,,
endosome867z,initOrgProp,area,22619.46711,volume,289026.5241,xcoor,44.50598841,ycoor,33.73650147,pH,7.580995315,,,,,,,,,,,,,,,,,,,,,,
endosome867z,initRabContent,RabA,5026.548246,RabB,11098.76651,RabC,6494.152352,,,,,,,,,,,,,,,,,,,,,,,,,,
endosome867z,initMembraneContent,EEA1,0.011463352,exCxEn,7.60E-06,R-TfaEn,1.62E-39,oMHCIEn,4.70E-05,membraneMarker,0,M6PR,0.014403433,cMHCIEn,0.009917591,R-TfEn,8.60E-40,pepMHCIEn,0,REn,2.70E-04,imCxEn,7.60E-06,,,,,,,,,,
endosome867z,initSolubleContent,povaEn,0,NH3Cy,0,protonEn,6.584769463,FeEn,0,NH3En,0,NH4En,0,ovaEn,0,TfaEn,1.09E-07,solubleMarker,0,mvb,0,bead2,0,bead3,0,bead4,0,TfEn,0,pepEn,0,bead1,0
endosome868Z,initOrgProp,area,12566.37061,volume,100530.9649,xcoor,48.07971311,ycoor,36.91392564,pH,7.303231498,,,,,,,,,,,,,,,,,,,,,,
endosome868Z,initRabContent,RabC,1930.194526,RabB,10636.17609,,,,,,,,,,,,,,,,,,,,,,,,,,,,
endosome868Z,initMembraneContent,,,,,,,,,,,,,,,,,,,,,,,,,,,,,,,,
endosome868Z,initSolubleContent,protonEn,4.001132404,,,,,,,,,,,,,,,,,,,,,,,,,,,,,,
endosome869Q,initOrgProp,area,7539.822369,volume,50265.48246,xcoor,23.68957279,ycoor,26.00092298,pH,7.263783653,,,,,,,,,,,,,,,,,,,,,,
endosome869Q,initRabContent,RabC,7539.822369,,,,,,,,,,,,,,,,,,,,,,,,,,,,,,
endosome869Q,initMembraneContent,EEA1,9.17E-04,exCxEn,1.80E-11,R-TfaEn,1.06E-39,oMHCIEn,0.01499733,membraneMarker,0,M6PR,0.003405292,cMHCIEn,0.008216385,R-TfEn,5.98E-40,pepMHCIEn,0,REn,1.83E-04,imCxEn,1.80E-11,,,,,,,,,,
endosome869Q,initSolubleContent,povaEn,0,NH3Cy,0,protonEn,1.738332635,FeEn,0,NH3En,0,NH4En,0,ovaEn,0,TfaEn,7.90E-08,solubleMarker,0,mvb,0,bead2,0,bead3,0,bead4,0,TfEn,0,pepEn,0,bead1,0
endosome870L,initOrgProp,area,7539.822369,volume,50265.48246,xcoor,7.140756542,ycoor,37.17270875,pH,7.263783653,,,,,,,,,,,,,,,,,,,,,,
endosome870L,initRabContent,RabC,1158.116716,RabB,6381.705653,,,,,,,,,,,,,,,,,,,,,,,,,,,,
endosome870L,initMembraneContent,EEA1,9.17E-04,exCxEn,1.80E-11,R-TfaEn,1.06E-39,oMHCIEn,1.50E-05,membraneMarker,0,M6PR,0.003405292,cMHCIEn,0.008216385,R-TfEn,5.98E-40,pepMHCIEn,0,REn,1.83E-04,imCxEn,1.80E-11,,,,,,,,,,
endosome870L,initSolubleContent,povaEn,0,NH3Cy,0,protonEn,1.738332635,FeEn,0,NH3En,0,NH4En,0,ovaEn,0,TfaEn,7.90E-08,solubleMarker,0,mvb,0,bead2,0,bead3,0,bead4,0,TfEn,0,pepEn,0,bead1,0
endosome871L,initOrgProp,area,7539.822369,volume,50265.48246,xcoor,9.082855319,ycoor,0.657821619,pH,7.224066642,,,,,,,,,,,,,,,,,,,,,,
endosome871L,initRabContent,RabC,1158.116716,RabB,6381.705653,,,,,,,,,,,,,,,,,,,,,,,,,,,,
endosome871L,initMembraneContent,,,,,,,,,,,,,,,,,,,,,,,,,,,,,,,,
endosome871L,initSolubleContent,protonEn,2.000566202,,,,,,,,,,,,,,,,,,,,,,,,,,,,,,
endosome872d,initOrgProp,area,7539.822369,volume,50265.48246,xcoor,0.954403832,ycoor,1.700537545,pH,7.274197648,,,,,,,,,,,,,,,,,,,,,,
endosome872d,initRabContent,RabA,7539.822369,,,,,,,,,,,,,,,,,,,,,,,,,,,,,,
endosome872d,initMembraneContent,EEA1,1.812777827,exCxEn,8.09E-12,R-TfaEn,1.41E-43,oMHCIEn,4.15E-05,membraneMarker,0,M6PR,1.70145653,cMHCIEn,1.04E-06,R-TfEn,7.96E-44,pepMHCIEn,0,REn,2.44E-08,imCxEn,8.09E-12,,,,,,,,,,
endosome872d,initSolubleContent,povaEn,0,NH3Cy,0,protonEn,1.673450871,FeEn,0,NH3En,0,NH4En,0,ovaEn,0,TfaEn,8.14E-08,solubleMarker,0,mvb,0,bead2,0,bead3,0,bead4,0,TfEn,0,pepEn,0,bead1,0
endosome873Z,initOrgProp,area,7539.822369,volume,50265.48246,xcoor,36.19950877,ycoor,28.71802791,pH,7.687937396,,,,,,,,,,,,,,,,,,,,,,
endosome873Z,initRabContent,RabA,7539.822369,,,,,,,,,,,,,,,,,,,,,,,,,,,,,,
endosome873Z,initMembraneContent,EEA1,1.52995047,exCxEn,4.48E-10,R-TfaEn,3.19E-44,oMHCIEn,4.03E-07,membraneMarker,0,M6PR,0.071510666,cMHCIEn,1.90E-07,R-TfEn,1.78E-44,pepMHCIEn,0,REn,5.49E-09,imCxEn,4.48E-10,,,,,,,,,,
endosome873Z,initSolubleContent,povaEn,0,NH3Cy,0,protonEn,0.0311752,FeEn,0,NH3En,0,NH4En,0,ovaEn,0,TfaEn,6.02E-10,solubleMarker,0,mvb,0,bead2,0,bead3,0,bead4,0,TfEn,0,pepEn,0,bead1,0
endosome874V,initOrgProp,area,12566.37061,volume,126293.3503,xcoor,21.52167023,ycoor,33.38800019,pH,7.704367092,,,,,,,,,,,,,,,,,,,,,,
endosome874V,initRabContent,RabA,12566.37061,RabB,0,RabC,0,,,,,,,,,,,,,,,,,,,,,,,,,,
endosome874V,initMembraneContent,EEA1,2.976430646,exCxEn,9.30E-08,R-TfaEn,5.44E-42,oMHCIEn,1.67E-05,membraneMarker,0,M6PR,1.445146367,cMHCIEn,3.60E-05,R-TfEn,3.01E-42,pepMHCIEn,0,REn,9.30E-07,imCxEn,9.30E-08,,,,,,,,,,
endosome874V,initSolubleContent,povaEn,0,NH3Cy,0,protonEn,1.494671655,FeEn,0,NH3En,0,NH4En,0,ovaEn,0,TfaEn,1.09E-07,solubleMarker,0,mvb,0,bead2,0,bead3,0,bead4,0,TfEn,0,pepEn,0,bead1,0
endosome875T,initOrgProp,area,7539.822369,volume,50265.48246,xcoor,6.888499316,ycoor,0.501148803,pH,7.224066642,,,,,,,,,,,,,,,,,,,,,,
endosome875T,initRabContent,RabC,603.1857895,RabB,6936.636579,,,,,,,,,,,,,,,,,,,,,,,,,,,,
endosome875T,initMembraneContent,,,,,,,,,,,,,,,,,,,,,,,,,,,,,,,,
endosome875T,initSolubleContent,protonEn,2.000566202,,,,,,,,,,,,,,,,,,,,,,,,,,,,,,
endosome876P,initOrgProp,area,7539.822369,volume,50265.48246,xcoor,15.84440074,ycoor,14.65817571,pH,7.293207423,,,,,,,,,,,,,,,,,,,,,,
endosome876P,initRabContent,RabD,753.989533,RabA,4750.082985,RabB,2035.749851,,,,,,,,,,,,,,,,,,,,,,,,,,
endosome876P,initMembraneContent,EEA1,0.787335225,exCxEn,1.07E-07,R-TfaEn,4.44E-42,oMHCIEn,2.39E-05,membraneMarker,0,M6PR,2.401966219,cMHCIEn,2.98E-05,R-TfEn,2.33E-42,pepMHCIEn,0,REn,7.37E-07,imCxEn,1.07E-07,,,,,,,,,,
endosome876P,initSolubleContent,povaEn,0,NH3Cy,0,protonEn,1.558953725,FeEn,0,NH3En,0,NH4En,0,ovaEn,0,TfaEn,1.38E-07,solubleMarker,0,mvb,0,bead2,0,bead3,0,bead4,0,TfEn,0,pepEn,0,bead1,0
endosome877i,initOrgProp,area,14275.53515,volume,117622.6102,xcoor,1.805664897,ycoor,49.32436333,pH,7.316036983,,,,,,,,,,,,,,,,,,,,,,
endosome877i,initRabContent,RabC,1142.042812,RabB,13133.49233,,,,,,,,,,,,,,,,,,,,,,,,,,,,
endosome877i,initMembraneContent,,,,,,,,,,,,,,,,,,,,,,,,,,,,,,,,
endosome877i,initSolubleContent,protonEn,4.681379887,,,,,,,,,,,,,,,,,,,,,,,,,,,,,,
endosome878B,initOrgProp,area,14137.16694,volume,116238.9282,xcoor,47.97123868,ycoor,27.57205109,pH,7.31512799,,,,,,,,,,,,,,,,,,,,,,
endosome878B,initRabContent,RabC,1130.973355,RabB,13006.19359,,,,,,,,,,,,,,,,,,,,,,,,,,,,
endosome878B,initMembraneContent,,,,,,,,,,,,,,,,,,,,,,,,,,,,,,,,
endosome878B,initSolubleContent,protonEn,4.626309342,,,,,,,,,,,,,,,,,,,,,,,,,,,,,,
endosome879N,initOrgProp,area,13823.00768,volume,120443.1184,xcoor,25.54157395,ycoor,25.30360385,pH,7.764439605,,,,,,,,,,,,,,,,,,,,,,
endosome879N,initRabContent,RabB,0,RabC,13823.00768,,,,,,,,,,,,,,,,,,,,,,,,,,,,
endosome879N,initMembraneContent,EEA1,0.00331236,exCxEn,1.08E-05,R-TfaEn,2.87E-39,oMHCIEn,0.013020354,membraneMarker,0,M6PR,0.003665207,cMHCIEn,0.017275697,R-TfEn,1.54E-39,pepMHCIEn,0,REn,4.82E-04,imCxEn,1.08E-05,,,,,,,,,,
endosome879N,initSolubleContent,povaEn,0,NH3Cy,0,protonEn,1.071774035,FeEn,0,NH3En,0,NH4En,0,ovaEn,0,TfaEn,7.07E-08,solubleMarker,0,mvb,0,bead2,0,bead3,0,bead4,0,TfEn,0,pepEn,0,bead1,0
endosome880s,initOrgProp,area,12566.37061,volume,107135.9342,xcoor,9.508546509,ycoor,7.733272274,pH,7.308817636,,,,,,,,,,,,,,,,,,,,,,
endosome880s,initRabContent,RabC,12566.37061,,,,,,,,,,,,,,,,,,,,,,,,,,,,,,
endosome880s,initMembraneContent,EEA1,0.002484831,exCxEn,2.43E-18,R-TfaEn,6.08E-40,oMHCIEn,0.025575964,membraneMarker,0,M6PR,0.01147078,cMHCIEn,0.004839671,R-TfEn,3.43E-40,pepMHCIEn,0,REn,1.05E-04,imCxEn,2.43E-18,,,,,,,,,,
endosome880s,initSolubleContent,povaEn,0,NH3Cy,0,protonEn,4.261596322,FeEn,0,NH3En,0,NH4En,0,ovaEn,0,TfaEn,1.10E-07,solubleMarker,0,mvb,0,bead2,0,bead3,0,bead4,0,TfEn,0,pepEn,0,bead1,0
endosome881T,initOrgProp,area,10208.24256,volume,76949.68438,xcoor,1.19941108,ycoor,2.224276301,pH,7.277403053,,,,,,,,,,,,,,,,,,,,,,
endosome881T,initRabContent,RabB,10208.24256,,,,,,,,,,,,,,,,,,,,,,,,,,,,,,
endosome881T,initMembraneContent,,,,,,,,,,,,,,,,,,,,,,,,,,,,,,,,
endosome881T,initSolubleContent,protonEn,3.062597438,,,,,,,,,,,,,,,,,,,,,,,,,,,,,,
endosome882j,initOrgProp,area,10208.24256,volume,76949.68438,xcoor,3.7823162,ycoor,0.630263887,pH,7.277403053,,,,,,,,,,,,,,,,,,,,,,
endosome882j,initRabContent,RabC,816.6594049,RabB,9391.583156,,,,,,,,,,,,,,,,,,,,,,,,,,,,
endosome882j,initMembraneContent,,,,,,,,,,,,,,,,,,,,,,,,,,,,,,,,
endosome882j,initSolubleContent,protonEn,3.062597438,,,,,,,,,,,,,,,,,,,,,,,,,,,,,,
endosome883H,initOrgProp,area,10208.24256,volume,76949.68438,xcoor,3.801384442,ycoor,0.451120666,pH,7.277403053,,,,,,,,,,,,,,,,,,,,,,
endosome883H,initRabContent,RabC,816.6594049,RabB,9391.583156,,,,,,,,,,,,,,,,,,,,,,,,,,,,
endosome883H,initMembraneContent,,,,,,,,,,,,,,,,,,,,,,,,,,,,,,,,
endosome883H,initSolubleContent,protonEn,3.062597438,,,,,,,,,,,,,,,,,,,,,,,,,,,,,,
endosome884h,initOrgProp,area,10208.24256,volume,76949.68438,xcoor,0.671333003,ycoor,2.105427213,pH,7.277403053,,,,,,,,,,,,,,,,,,,,,,
endosome884h,initRabContent,RabC,816.6594049,RabB,9391.583156,,,,,,,,,,,,,,,,,,,,,,,,,,,,
endosome884h,initMembraneContent,,,,,,,,,,,,,,,,,,,,,,,,,,,,,,,,
endosome884h,initSolubleContent,protonEn,3.062597438,,,,,,,,,,,,,,,,,,,,,,,,,,,,,,
endosome885w,initOrgProp,area,10208.24256,volume,76949.68438,xcoor,0.723000543,ycoor,2.229010653,pH,7.277403053,,,,,,,,,,,,,,,,,,,,,,
endosome885w,initRabContent,RabC,816.6594049,RabB,9391.583156,,,,,,,,,,,,,,,,,,,,,,,,,,,,
endosome885w,initMembraneContent,,,,,,,,,,,,,,,,,,,,,,,,,,,,,,,,
endosome885w,initSolubleContent,protonEn,3.062597438,,,,,,,,,,,,,,,,,,,,,,,,,,,,,,
endosome886q,initOrgProp,area,10208.24256,volume,87031.46172,xcoor,1.600257501,ycoor,2.303473947,pH,7.290157293,,,,,,,,,,,,,,,,,,,,,,
endosome886q,initRabContent,RabC,816.6594049,RabB,9391.583156,,,,,,,,,,,,,,,,,,,,,,,,,,,,
endosome886q,initMembraneContent,EEA1,0.002018543,exCxEn,1.97E-18,R-TfaEn,4.94E-40,oMHCIEn,2.08E-05,membraneMarker,0,M6PR,0.009318244,cMHCIEn,0.003931488,R-TfEn,2.79E-40,pepMHCIEn,0,REn,8.54E-05,imCxEn,1.97E-18,,,,,,,,,,
endosome886q,initSolubleContent,povaEn,0,NH3Cy,0,protonEn,3.461891288,FeEn,0,NH3En,0,NH4En,0,ovaEn,0,TfaEn,8.94E-08,solubleMarker,0,mvb,0,bead2,0,bead3,0,bead4,0,TfEn,0,pepEn,0,bead1,0
endosome887x,initOrgProp,area,14274.61162,volume,129983.396,xcoor,24.31432542,ycoor,25.31341693,pH,7.506734853,,,,,,,,,,,,,,,,,,,,,,
endosome887x,initRabContent,RabA,14274.61162,,,,,,,,,,,,,,,,,,,,,,,,,,,,,,
endosome887x,initMembraneContent,EEA1,3.017435443,exCxEn,1.07E-07,R-TfaEn,2.03E-42,oMHCIEn,1.54E-05,membraneMarker,0,M6PR,3.690060252,cMHCIEn,1.21E-05,R-TfEn,1.08E-42,pepMHCIEn,0,REn,3.40E-07,imCxEn,1.07E-07,,,,,,,,,,
endosome887x,initSolubleContent,povaEn,0,NH3Cy,0,protonEn,3.047184719,FeEn,0,NH3En,0,NH4En,0,ovaEn,0,TfaEn,2.29E-07,solubleMarker,0,mvb,0,bead2,0,bead3,0,bead4,0,TfEn,0,pepEn,0,bead1,0
endosome888H,initOrgProp,area,14274.61162,volume,129983.396,xcoor,23.89467482,ycoor,25.6032938,pH,7.506734853,,,,,,,,,,,,,,,,,,,,,,
endosome888H,initRabContent,RabA,14274.61162,,,,,,,,,,,,,,,,,,,,,,,,,,,,,,
endosome888H,initMembraneContent,EEA1,3.017435443,exCxEn,1.07E-07,R-TfaEn,2.03E-42,oMHCIEn,1.54E-05,membraneMarker,0,M6PR,3.690060252,cMHCIEn,1.21E-05,R-TfEn,1.08E-42,pepMHCIEn,0,REn,3.40E-07,imCxEn,1.07E-07,,,,,,,,,,
endosome888H,initSolubleContent,povaEn,0,NH3Cy,0,protonEn,3.047184719,FeEn,0,NH3En,0,NH4En,0,ovaEn,0,TfaEn,2.29E-07,solubleMarker,0,mvb,0,bead2,0,bead3,0,bead4,0,TfEn,0,pepEn,0,bead1,0
endosome889c,initOrgProp,area,7539.822369,volume,50265.48246,xcoor,29.09400085,ycoor,20.36414238,pH,7.701269063,,,,,,,,,,,,,,,,,,,,,,
endosome889c,initRabContent,RabA,3694.512961,RabB,3845.309408,,,,,,,,,,,,,,,,,,,,,,,,,,,,
endosome889c,initMembraneContent,EEA1,0.720030108,exCxEn,6.85E-14,R-TfaEn,5.04E-48,oMHCIEn,1.15E-10,membraneMarker,0,M6PR,3.55E-04,cMHCIEn,2.76E-11,R-TfEn,2.64E-48,pepMHCIEn,0,REn,8.36E-13,imCxEn,6.85E-14,,,,,,,,,,
endosome889c,initSolubleContent,povaEn,0,NH3Cy,0,protonEn,1.82E-06,FeEn,0,NH3En,0,NH4En,0,ovaEn,0,TfaEn,8.96E-14,solubleMarker,0,mvb,0,bead2,0,bead3,0,bead4,0,TfEn,0,pepEn,0,bead1,0
endosome890Z,initOrgProp,area,7539.822369,volume,50265.48246,xcoor,25.34934107,ycoor,33.07028703,pH,7.363138705,,,,,,,,,,,,,,,,,,,,,,
endosome890Z,initRabContent,RabA,7539.822369,,,,,,,,,,,,,,,,,,,,,,,,,,,,,,
endosome890Z,initMembraneContent,EEA1,1.59380359,exCxEn,5.68E-08,R-TfaEn,1.07E-42,oMHCIEn,8.13E-06,membraneMarker,0,M6PR,1.949082719,cMHCIEn,6.40E-06,R-TfEn,5.71E-43,pepMHCIEn,0,REn,1.79E-07,imCxEn,5.68E-08,,,,,,,,,,
endosome890Z,initSolubleContent,povaEn,0,NH3Cy,0,protonEn,1.178367505,FeEn,0,NH3En,0,NH4En,0,ovaEn,0,TfaEn,8.86E-08,solubleMarker,0,mvb,0,bead2,0,bead3,0,bead4,0,TfEn,0,pepEn,0,bead1,0
endosome891a,initOrgProp,area,7539.822369,volume,50265.48246,xcoor,22.27171236,ycoor,24.45507806,pH,7.222542241,,,,,,,,,,,,,,,,,,,,,,
endosome891a,initRabContent,RabI,1507.964474,RabG,4825.486316,RabH,1206.371579,,,,,,,,,,,,,,,,,,,,,,,,,,
endosome891a,initMembraneContent,EEA1,0,exCxEn,1.08E-06,R-TfaEn,2.62E-46,oMHCIEn,3.40E-11,membraneMarker,0,M6PR,0.002671236,cMHCIEn,4.13E-09,R-TfEn,4.07E-47,pepMHCIEn,0,REn,6.30E-11,imCxEn,1.08E-06,,,,,,,,,,
endosome891a,initSolubleContent,povaEn,0,NH3Cy,0,protonEn,2.011116883,FeEn,0,NH3En,0,NH4En,0,ovaEn,0,TfaEn,1.04E-09,solubleMarker,0,mvb,0,bead2,0,bead3,0,bead4,0,TfEn,0,pepEn,0,bead1,0
endosome892j,initOrgProp,area,9110.618695,volume,74707.0733,xcoor,8.027305224,ycoor,49.05500861,pH,7.306166199,,,,,,,,,,,,,,,,,,,,,,
endosome892j,initRabContent,RabA,9110.618695,,,,,,,,,,,,,,,,,,,,,,,,,,,,,,
endosome892j,initMembraneContent,EEA1,1.109731486,R-TfaEn,3.67E-43,exCxEn,6.45E-14,oMHCIEn,1.55E-05,membraneMarker,0,M6PR,2.06482744,pepMHCIEn,0,R-TfEn,2.07E-43,cMHCIEn,2.85E-06,REn,6.35E-08,imCxEn,6.45E-14,,,,,,,,,,
endosome892j,initSolubleContent,povaEn,0,NH3Cy,0,protonEn,2.69143754,FeEn,0,NH3En,0,NH4En,0,ovaEn,0,solubleMarker,0,TfaEn,8.81E-08,bead2,0,mvb,0,bead3,0,bead4,0,TfEn,0,pepEn,0,bead1,0
endosome893E,initOrgProp,area,7539.822369,volume,50265.48246,xcoor,23.12909279,ycoor,17.50976196,pH,7.694423935,,,,,,,,,,,,,,,,,,,,,,
endosome893E,initRabContent,RabA,7539.822369,,,,,,,,,,,,,,,,,,,,,,,,,,,,,,
endosome893E,initMembraneContent,EEA1,1.009467216,exCxEn,4.22E-10,R-TfaEn,9.60E-44,oMHCIEn,6.75E-07,membraneMarker,0,M6PR,0.041531634,cMHCIEn,6.79E-07,R-TfEn,5.43E-44,pepMHCIEn,0,REn,1.66E-08,imCxEn,4.22E-10,,,,,,,,,,
endosome893E,initSolubleContent,povaEn,0,NH3Cy,0,protonEn,0.015888211,FeEn,0,NH3En,0,NH4En,0,ovaEn,0,TfaEn,5.68E-10,solubleMarker,0,mvb,0,bead2,0,bead3,0,bead4,0,TfEn,0,pepEn,0,bead1,0
endosome894K,initOrgProp,area,13823.00768,volume,113097.3355,xcoor,49.0495793,ycoor,29.49268992,pH,7.312989101,,,,,,,,,,,,,,,,,,,,,,
endosome894K,initRabContent,RabC,1105.840614,RabB,12717.16706,,,,,,,,,,,,,,,,,,,,,,,,,,,,
endosome894K,initMembraneContent,,,,,,,,,,,,,,,,,,,,,,,,,,,,,,,,
endosome894K,initSolubleContent,protonEn,4.501273954,,,,,,,,,,,,,,,,,,,,,,,,,,,,,,
endosome895n,initOrgProp,area,7539.822369,volume,50265.48246,xcoor,33.36504851,ycoor,22.13599933,pH,7.218910447,,,,,,,,,,,,,,,,,,,,,,
endosome895n,initRabContent,RabA,7539.822369,,,,,,,,,,,,,,,,,,,,,,,,,,,,,,
endosome895n,initMembraneContent,EEA1,1.136578602,exCxEn,0,R-TfaEn,5.73E-42,oMHCIEn,2.63E-05,membraneMarker,0,M6PR,2.599229868,cMHCIEn,4.26E-05,R-TfEn,3.24E-42,pepMHCIEn,0,REn,9.92E-07,imCxEn,0,,,,,,,,,,
endosome895n,initSolubleContent,povaEn,0,NH3Cy,0,protonEn,2.036402976,FeEn,0,NH3En,0,NH4En,0,ovaEn,0,TfaEn,1.59E-07,solubleMarker,0,mvb,0,bead2,0,bead3,0,bead4,0,TfEn,0,pepEn,0,bead1,0
endosome896W,initOrgProp,area,12566.37061,volume,100530.9649,xcoor,0.718749088,ycoor,45.4889206,pH,7.464588987,,,,,,,,,,,,,,,,,,,,,,
endosome896W,initRabContent,RabA,12566.37061,,,,,,,,,,,,,,,,,,,,,,,,,,,,,,
endosome896W,initMembraneContent,EEA1,2.466133627,exCxEn,5.74E-08,R-TfaEn,1.20E-41,oMHCIEn,3.67E-05,membraneMarker,0,M6PR,3.073325812,cMHCIEn,8.05E-05,R-TfEn,6.72E-42,pepMHCIEn,0,REn,2.06E-06,imCxEn,5.74E-08,,,,,,,,,,
endosome896W,initSolubleContent,povaEn,0,NH3Cy,0,protonEn,2.449140328,FeEn,0,NH3En,0,NH4En,0,ovaEn,0,TfaEn,1.94E-07,solubleMarker,0,mvb,0,bead2,0,bead3,0,bead4,0,TfEn,0,pepEn,0,bead1,0
endosome897K,initOrgProp,area,7539.822369,volume,50265.48246,xcoor,25.03036137,ycoor,24.39487344,pH,7.256640624,,,,,,,,,,,,,,,,,,,,,,
endosome897K,initRabContent,RabG,1507.964474,RabF,6031.857895,,,,,,,,,,,,,,,,,,,,,,,,,,,,
endosome897K,initMembraneContent,EEA1,9.96E-04,exCxEn,1.60E-07,R-TfaEn,8.57E-43,oMHCIEn,3.08E-06,membraneMarker,0,M6PR,0.06839924,cMHCIEn,4.46E-06,R-TfEn,4.10E-43,pepMHCIEn,0,REn,1.35E-07,imCxEn,1.60E-07,,,,,,,,,,
endosome897K,initSolubleContent,povaEn,0,NH3Cy,0,protonEn,1.783743599,FeEn,0,NH3En,0,NH4En,0,ovaEn,0,TfaEn,3.22E-09,solubleMarker,0,mvb,0,bead2,0,bead3,0,bead4,0,TfEn,0,pepEn,0,bead1,0
endosome898C,initOrgProp,area,7539.822369,volume,50265.48246,xcoor,5.641477981,ycoor,11.36761453,pH,7.264724317,,,,,,,,,,,,,,,,,,,,,,
endosome898C,initRabContent,RabC,603.1857895,RabB,6936.636579,,,,,,,,,,,,,,,,,,,,,,,,,,,,
endosome898C,initMembraneContent,EEA1,0.001810704,exCxEn,4.65E-10,R-TfaEn,2.51E-40,oMHCIEn,4.12E-05,membraneMarker,0,M6PR,0.003401678,cMHCIEn,0.001969545,R-TfEn,1.42E-40,pepMHCIEn,0,REn,4.34E-05,imCxEn,4.65E-10,,,,,,,,,,
endosome898C,initSolubleContent,povaEn,0,NH3Cy,0,protonEn,1.732407939,FeEn,0,NH3En,0,NH4En,0,ovaEn,0,TfaEn,7.85E-08,solubleMarker,0,mvb,0,bead2,0,bead3,0,bead4,0,TfEn,0,pepEn,0,bead1,0
endosome899g,initOrgProp,area,7539.822369,volume,50265.48246,xcoor,25.00468335,ycoor,24.46709903,pH,7.256640624,,,,,,,,,,,,,,,,,,,,,,
endosome899g,initRabContent,RabG,1206.371579,RabH,1507.964474,RabF,4825.486316,,,,,,,,,,,,,,,,,,,,,,,,,,
endosome899g,initMembraneContent,EEA1,9.96E-04,exCxEn,1.60E-07,R-TfaEn,8.57E-43,oMHCIEn,3.08E-06,membraneMarker,0,M6PR,0.06839924,cMHCIEn,4.46E-06,R-TfEn,4.10E-43,pepMHCIEn,0,REn,1.35E-07,imCxEn,1.60E-07,,,,,,,,,,
endosome899g,initSolubleContent,povaEn,0,NH3Cy,0,protonEn,1.783743599,FeEn,0,NH3En,0,NH4En,0,ovaEn,0,TfaEn,3.22E-09,solubleMarker,0,mvb,0,bead2,0,bead3,0,bead4,0,TfEn,0,pepEn,0,bead1,0
endosome900x,initOrgProp,area,9996.180319,volume,84324.98154,xcoor,45.64424024,ycoor,47.81328896,pH,7.288522106,,,,,,,,,,,,,,,,,,,,,,
endosome900x,initRabContent,RabB,3025.096561,RabC,6971.083759,,,,,,,,,,,,,,,,,,,,,,,,,,,,
endosome900x,initMembraneContent,,,,,,,,,,,,,,,,,,,,,,,,,,,,,,,,
endosome900x,initSolubleContent,protonEn,3.339444602,,,,,,,,,,,,,,,,,,,,,,,,,,,,,,
endosome901F,initOrgProp,area,12566.37061,volume,100530.9649,xcoor,27.87784608,ycoor,18.32644037,pH,8.001793911,,,,,,,,,,,,,,,,,,,,,,
endosome901F,initRabContent,RabA,8796.45943,RabB,3769.911184,,,,,,,,,,,,,,,,,,,,,,,,,,,,
endosome901F,initMembraneContent,EEA1,0.073971541,exCxEn,3.76E-12,R-TfaEn,1.59E-44,oMHCIEn,1.24E-06,membraneMarker,0,M6PR,0.0052317,R-TfEn,9.02E-45,cMHCIEn,1.25E-07,pepMHCIEn,0,REn,2.76E-09,imCxEn,3.76E-12,,,,,,,,,,
endosome901F,initSolubleContent,povaEn,0,NH3Cy,0,protonEn,0.001165648,FeEn,0,NH3En,0,NH4En,0,ovaEn,0,TfaEn,9.13E-11,solubleMarker,0,bead2,0,mvb,0,bead3,0,bead4,0,TfEn,0,pepEn,0,bead1,0
endosome902y,initOrgProp,area,9722.357067,volume,72090.82945,xcoor,2.899992053,ycoor,46.34509654,pH,7.270257158,,,,,,,,,,,,,,,,,,,,,,
endosome902y,initRabContent,RabC,1493.354046,RabB,8229.003022,,,,,,,,,,,,,,,,,,,,,,,,,,,,
endosome902y,initMembraneContent,,,,,,,,,,,,,,,,,,,,,,,,,,,,,,,,
endosome902y,initSolubleContent,protonEn,2.869215012,,,,,,,,,,,,,,,,,,,,,,,,,,,,,,
endosome903Y,initOrgProp,area,9722.357067,volume,75487.82459,xcoor,9.110262993,ycoor,41.31176367,pH,7.284836319,,,,,,,,,,,,,,,,,,,,,,
endosome903Y,initRabContent,RabC,1493.354046,RabB,8229.003022,,,,,,,,,,,,,,,,,,,,,,,,,,,,
endosome903Y,initMembraneContent,EEA1,0.001179455,R-TfaEn,8.08E-42,exCxEn,4.90E-13,oMHCIEn,6.67E-08,membraneMarker,0,M6PR,0.004370621,pepMHCIEn,0,R-TfEn,4.58E-42,cMHCIEn,5.64E-05,REn,1.40E-06,imCxEn,4.90E-13,,,,,,,,,,
endosome903Y,initSolubleContent,povaEn,0,NH3Cy,0,protonEn,2.917784931,FeEn,0,NH3En,0,NH4En,0,ovaEn,0,solubleMarker,0,TfaEn,2.32E-08,bead2,0,mvb,0,bead3,0,bead4,0,TfEn,0,pepEn,0,bead1,0
endosome904X,initOrgProp,area,9722.357067,volume,75487.82459,xcoor,1.286074197,ycoor,49.29215442,pH,7.284836319,,,,,,,,,,,,,,,,,,,,,,
endosome904X,initRabContent,RabC,777.7885654,RabB,8944.568502,,,,,,,,,,,,,,,,,,,,,,,,,,,,
endosome904X,initMembraneContent,EEA1,0.001179455,R-TfaEn,8.08E-42,exCxEn,4.90E-13,oMHCIEn,6.67E-08,membraneMarker,0,M6PR,0.004370621,pepMHCIEn,0,R-TfEn,4.58E-42,cMHCIEn,5.64E-05,REn,1.40E-06,imCxEn,4.90E-13,,,,,,,,,,
endosome904X,initSolubleContent,povaEn,0,NH3Cy,0,protonEn,2.917784931,FeEn,0,NH3En,0,NH4En,0,ovaEn,0,solubleMarker,0,TfaEn,2.32E-08,bead2,0,mvb,0,bead3,0,bead4,0,TfEn,0,pepEn,0,bead1,0
endosome905m,initOrgProp,area,11333.18398,volume,88602.97066,xcoor,4.912032334,ycoor,37.31237496,pH,7.295345515,,,,,,,,,,,,,,,,,,,,,,
endosome905m,initRabContent,RabD,1133.329133,RabA,10199.85485,,,,,,,,,,,,,,,,,,,,,,,,,,,,
endosome905m,initMembraneContent,EEA1,1.372007728,exCxEn,1.24E-15,R-TfaEn,2.04E-45,oMHCIEn,2.92E-08,membraneMarker,0,M6PR,2.536830091,cMHCIEn,1.43E-08,R-TfEn,1.16E-45,pepMHCIEn,0,REn,3.55E-10,imCxEn,1.24E-15,,,,,,,,,,
endosome905m,initSolubleContent,povaEn,0,NH3Cy,0,protonEn,3.488515896,FeEn,0,NH3En,0,NH4En,0,ovaEn,0,TfaEn,1.01E-08,solubleMarker,0,mvb,0,bead2,0,bead3,0,bead4,0,TfEn,0,pepEn,0,bead1,0
endosome906V,initOrgProp,area,14032.03932,volume,115187.652,xcoor,1.137244844,ycoor,48.26931505,pH,7.314424076,,,,,,,,,,,,,,,,,,,,,,
endosome906V,initRabContent,RabB,14032.03932,,,,,,,,,,,,,,,,,,,,,,,,,,,,,,
endosome906V,initMembraneContent,,,,,,,,,,,,,,,,,,,,,,,,,,,,,,,,
endosome906V,initSolubleContent,protonEn,4.584468548,,,,,,,,,,,,,,,,,,,,,,,,,,,,,,
endosome907X,initOrgProp,area,7539.822369,volume,50265.48246,xcoor,25.0260683,ycoor,23.94473358,pH,7.256640624,,,,,,,,,,,,,,,,,,,,,,
endosome907X,initRabContent,RabE,6031.857895,RabF,1507.964474,,,,,,,,,,,,,,,,,,,,,,,,,,,,
endosome907X,initMembraneContent,EEA1,9.96E-04,exCxEn,1.60E-07,R-TfaEn,8.57E-43,oMHCIEn,3.08E-06,membraneMarker,0,M6PR,0.06839924,cMHCIEn,4.46E-06,R-TfEn,4.10E-43,pepMHCIEn,0,REn,1.35E-07,imCxEn,1.60E-07,,,,,,,,,,
endosome907X,initSolubleContent,povaEn,0,NH3Cy,0,protonEn,1.783743599,FeEn,0,NH3En,0,NH4En,0,ovaEn,0,TfaEn,3.22E-09,solubleMarker,0,mvb,0,bead2,0,bead3,0,bead4,0,TfEn,0,pepEn,0,bead1,0
endosome908O,initOrgProp,area,11802.02199,volume,98836.20301,xcoor,47.98468716,ycoor,49.25581894,pH,7.304768643,,,,,,,,,,,,,,,,,,,,,,
endosome908O,initRabContent,RabB,11802.02199,,,,,,,,,,,,,,,,,,,,,,,,,,,,,,
endosome908O,initMembraneContent,,,,,,,,,,,,,,,,,,,,,,,,,,,,,,,,
endosome908O,initSolubleContent,protonEn,3.8994509,,,,,,,,,,,,,,,,,,,,,,,,,,,,,,
endosome909E,initOrgProp,area,7539.822369,volume,50265.48246,xcoor,49.62155987,ycoor,13.19924516,pH,7.224066642,,,,,,,,,,,,,,,,,,,,,,
endosome909E,initRabContent,RabB,7539.822369,,,,,,,,,,,,,,,,,,,,,,,,,,,,,,
endosome909E,initMembraneContent,,,,,,,,,,,,,,,,,,,,,,,,,,,,,,,,
endosome909E,initSolubleContent,protonEn,2.000566202,,,,,,,,,,,,,,,,,,,,,,,,,,,,,,
endosome910A,initOrgProp,area,12566.37061,volume,100530.9649,xcoor,43.45703036,ycoor,48.35304693,pH,7.303231498,,,,,,,,,,,,,,,,,,,,,,
endosome910A,initRabContent,RabB,12566.37061,,,,,,,,,,,,,,,,,,,,,,,,,,,,,,
endosome910A,initMembraneContent,,,,,,,,,,,,,,,,,,,,,,,,,,,,,,,,
endosome910A,initSolubleContent,protonEn,4.001132404,,,,,,,,,,,,,,,,,,,,,,,,,,,,,,
endosome911E,initOrgProp,area,9996.180319,volume,74829.06196,xcoor,46.22841697,ycoor,49.48786307,pH,7.274384052,,,,,,,,,,,,,,,,,,,,,,
endosome911E,initRabContent,RabB,9996.180319,,,,,,,,,,,,,,,,,,,,,,,,,,,,,,
endosome911E,initMembraneContent,,,,,,,,,,,,,,,,,,,,,,,,,,,,,,,,
endosome911E,initSolubleContent,protonEn,2.978196666,,,,,,,,,,,,,,,,,,,,,,,,,,,,,,
endosome912x,initOrgProp,area,9996.180319,volume,74829.06196,xcoor,46.24887668,ycoor,49.38471448,pH,7.274384052,,,,,,,,,,,,,,,,,,,,,,
endosome912x,initRabContent,RabC,1535.413297,RabB,8460.767022,,,,,,,,,,,,,,,,,,,,,,,,,,,,
endosome912x,initMembraneContent,,,,,,,,,,,,,,,,,,,,,,,,,,,,,,,,
endosome912x,initSolubleContent,protonEn,2.978196666,,,,,,,,,,,,,,,,,,,,,,,,,,,,,,
endosome913o,initOrgProp,area,9996.180319,volume,84324.98154,xcoor,38.74138221,ycoor,40.61891405,pH,7.288522106,,,,,,,,,,,,,,,,,,,,,,
endosome913o,initRabContent,RabC,9996.180319,,,,,,,,,,,,,,,,,,,,,,,,,,,,,,
endosome913o,initMembraneContent,,,,,,,,,,,,,,,,,,,,,,,,,,,,,,,,
endosome913o,initSolubleContent,protonEn,3.339444602,,,,,,,,,,,,,,,,,,,,,,,,,,,,,,
endosome914C,initOrgProp,area,14964.70979,volume,124514.3566,xcoor,0.645919547,ycoor,38.27090006,pH,7.320288702,,,,,,,,,,,,,,,,,,,,,,
endosome914C,initRabContent,RabB,14964.70979,,,,,,,,,,,,,,,,,,,,,,,,,,,,,,
endosome914C,initMembraneContent,,,,,,,,,,,,,,,,,,,,,,,,,,,,,,,,
endosome914C,initSolubleContent,protonEn,4.955671395,,,,,,,,,,,,,,,,,,,,,,,,,,,,,,
endosome915G,initOrgProp,area,7539.822369,volume,50265.48246,xcoor,12.207685,ycoor,32.70436011,pH,7.237272074,,,,,,,,,,,,,,,,,,,,,,
endosome915G,initRabContent,RabD,753.9950017,RabA,6785.827367,,,,,,,,,,,,,,,,,,,,,,,,,,,,
endosome915G,initMembraneContent,EEA1,4.299293664,exCxEn,2.22E-11,R-TfaEn,7.94E-43,oMHCIEn,7.96E-06,membraneMarker,0,M6PR,3.756027798,cMHCIEn,5.52E-06,R-TfEn,4.50E-43,pepMHCIEn,0,REn,1.38E-07,imCxEn,2.22E-11,,,,,,,,,,
endosome915G,initSolubleContent,povaEn,0,NH3Cy,0,protonEn,1.910702251,FeEn,0,NH3En,0,NH4En,0,ovaEn,0,TfaEn,8.10E-08,solubleMarker,0,mvb,0,bead2,0,bead3,0,bead4,0,TfEn,0,pepEn,0,bead1,0
endosome916U,initOrgProp,area,7539.822369,volume,50265.48246,xcoor,5.107413376,ycoor,10.62580649,pH,7.28247995,,,,,,,,,,,,,,,,,,,,,,
endosome916U,initRabContent,RabC,603.1857895,RabB,6936.636579,,,,,,,,,,,,,,,,,,,,,,,,,,,,
endosome916U,initMembraneContent,EEA1,0.001874691,exCxEn,0,R-TfaEn,2.07E-39,oMHCIEn,4.79E-05,membraneMarker,0,M6PR,0.006547657,cMHCIEn,0.015835375,R-TfEn,1.17E-39,pepMHCIEn,0,REn,3.58E-04,imCxEn,0,,,,,,,,,,
endosome916U,initSolubleContent,povaEn,0,NH3Cy,0,protonEn,1.622949358,FeEn,0,NH3En,0,NH4En,0,ovaEn,0,TfaEn,1.13E-07,solubleMarker,0,mvb,0,bead2,0,bead3,0,bead4,0,TfEn,0,pepEn,0,bead1,0
endosome917g,initOrgProp,area,7814.711726,volume,66430.76787,xcoor,23.74989816,ycoor,24.37038211,pH,7.491349603,,,,,,,,,,,,,,,,,,,,,,
endosome917g,initRabContent,RabA,7814.711726,,,,,,,,,,,,,,,,,,,,,,,,,,,,,,
endosome917g,initMembraneContent,EEA1,1.64765276,exCxEn,7.00E-08,R-TfaEn,1.53E-42,oMHCIEn,6.67E-06,membraneMarker,0,M6PR,2.180574935,cMHCIEn,9.33E-06,R-TfEn,8.18E-43,pepMHCIEn,0,REn,2.56E-07,imCxEn,7.00E-08,,,,,,,,,,
endosome917g,initSolubleContent,povaEn,0,NH3Cy,0,protonEn,1.142987656,FeEn,0,NH3En,0,NH4En,0,ovaEn,0,TfaEn,3.82E-08,solubleMarker,0,mvb,0,bead2,0,bead3,0,bead4,0,TfEn,0,pepEn,0,bead1,0
endosome918x,initOrgProp,area,7539.822369,volume,50265.48246,xcoor,0.401928441,ycoor,40.1692515,pH,7.224066642,,,,,,,,,,,,,,,,,,,,,,
endosome918x,initRabContent,RabB,7539.822369,,,,,,,,,,,,,,,,,,,,,,,,,,,,,,
endosome918x,initMembraneContent,,,,,,,,,,,,,,,,,,,,,,,,,,,,,,,,
endosome918x,initSolubleContent,protonEn,2.000566202,,,,,,,,,,,,,,,,,,,,,,,,,,,,,,
endosome919y,initOrgProp,area,12356.40032,volume,108356.6361,xcoor,18.08092727,ycoor,29.83680965,pH,7.586572934,,,,,,,,,,,,,,,,,,,,,,
endosome919y,initRabContent,RabC,12356.40032,,,,,,,,,,,,,,,,,,,,,,,,,,,,,,
endosome919y,initMembraneContent,EEA1,0.002602619,exCxEn,1.12E-05,R-TfaEn,2.42E-39,oMHCIEn,0.010554543,membraneMarker,0,M6PR,0.006881962,cMHCIEn,0.014773971,R-TfEn,1.29E-39,pepMHCIEn,0,REn,4.06E-04,imCxEn,1.12E-05,,,,,,,,,,
endosome919y,initSolubleContent,povaEn,0,NH3Cy,0,protonEn,1.807259631,FeEn,0,NH3En,0,NH4En,0,ovaEn,0,TfaEn,6.03E-08,solubleMarker,0,mvb,0,bead2,0,bead3,0,bead4,0,TfEn,0,pepEn,0,bead1,0
endosome920Z,initOrgProp,area,7539.822369,volume,50265.48246,xcoor,48.87227718,ycoor,35.84423564,pH,7.224066642,,,,,,,,,,,,,,,,,,,,,,
endosome920Z,initRabContent,RabC,1158.116716,RabB,6381.705653,,,,,,,,,,,,,,,,,,,,,,,,,,,,
endosome920Z,initMembraneContent,,,,,,,,,,,,,,,,,,,,,,,,,,,,,,,,
endosome920Z,initSolubleContent,protonEn,2.000566202,,,,,,,,,,,,,,,,,,,,,,,,,,,,,,
endosome921A,initOrgProp,area,11309.73355,volume,100530.9649,xcoor,24.19935628,ycoor,20.0133648,pH,7.993610324,,,,,,,,,,,,,,,,,,,,,,
endosome921A,initRabContent,RabE,11309.73355,,,,,,,,,,,,,,,,,,,,,,,,,,,,,,
endosome921A,initMembraneContent,EEA1,0.011338413,exCxEn,1.08E-08,R-TfaEn,2.53E-44,oMHCIEn,1.63E-07,membraneMarker,0,M6PR,1.497744624,cMHCIEn,1.23E-07,R-TfEn,9.69E-45,pepMHCIEn,0,REn,3.57E-09,imCxEn,1.08E-08,,,,,,,,,,
endosome921A,initSolubleContent,povaEn,0,NH3Cy,0,protonEn,0.020209884,FeEn,0,NH3En,0,NH4En,0,ovaEn,0,TfaEn,1.10E-09,solubleMarker,0,mvb,0,bead2,0,bead3,0,bead4,0,TfEn,0,pepEn,0,bead1,0
endosome922y,initOrgProp,area,7539.822369,volume,50265.48246,xcoor,25.89665528,ycoor,20.7974818,pH,7.696903359,,,,,,,,,,,,,,,,,,,,,,
endosome922y,initRabContent,RabE,6031.857895,RabF,1507.964474,,,,,,,,,,,,,,,,,,,,,,,,,,,,
endosome922y,initMembraneContent,EEA1,0.007558942,exCxEn,7.19E-09,R-TfaEn,1.69E-44,oMHCIEn,1.09E-07,membraneMarker,0,M6PR,9.97E-04,cMHCIEn,8.19E-08,R-TfEn,6.46E-45,pepMHCIEn,0,REn,2.38E-09,imCxEn,7.19E-09,,,,,,,,,,
endosome922y,initSolubleContent,povaEn,0,NH3Cy,0,protonEn,0.010104942,FeEn,0,NH3En,0,NH4En,0,ovaEn,0,TfaEn,5.48E-10,solubleMarker,0,mvb,0,bead2,0,bead3,0,bead4,0,TfEn,0,pepEn,0,bead1,0
endosome923O,initOrgProp,area,7539.822369,volume,50265.48246,xcoor,25.94237223,ycoor,20.95563907,pH,7.696903359,,,,,,,,,,,,,,,,,,,,,,
endosome923O,initRabContent,RabD,753.9823656,RabA,4750.088002,RabB,2035.752001,,,,,,,,,,,,,,,,,,,,,,,,,,
endosome923O,initMembraneContent,EEA1,7.566500814,exCxEn,7.19E-09,R-TfaEn,1.69E-44,oMHCIEn,1.09E-07,membraneMarker,0,M6PR,0.499746957,cMHCIEn,8.19E-08,R-TfEn,6.46E-45,pepMHCIEn,0,REn,2.38E-09,imCxEn,7.19E-09,,,,,,,,,,
endosome923O,initSolubleContent,povaEn,0,NH3Cy,0,protonEn,0.010104942,FeEn,0,NH3En,0,NH4En,0,ovaEn,0,TfaEn,5.48E-10,solubleMarker,0,mvb,0,bead2,0,bead3,0,bead4,0,TfEn,0,pepEn,0,bead1,0
endosome924z,initOrgProp,area,12566.37061,volume,100530.9649,xcoor,2.134324662,ycoor,2.043890856,pH,7.3528846,,,,,,,,,,,,,,,,,,,,,,
endosome924z,initRabContent,RabC,12566.37061,,,,,,,,,,,,,,,,,,,,,,,,,,,,,,
endosome924z,initMembraneContent,EEA1,0.00212586,exCxEn,9.81E-19,R-TfaEn,4.50E-40,oMHCIEn,0.001119481,membraneMarker,0,M6PR,0.010257677,cMHCIEn,0.003608704,R-TfEn,2.54E-40,pepMHCIEn,0,REn,7.78E-05,imCxEn,9.81E-19,,,,,,,,,,
endosome924z,initSolubleContent,povaEn,0,NH3Cy,0,protonEn,3.460825672,FeEn,0,NH3En,0,NH4En,0,ovaEn,0,TfaEn,9.86E-08,solubleMarker,0,mvb,0,bead2,0,bead3,0,bead4,0,TfEn,0,pepEn,0,bead1,0
endosome925g,initOrgProp,area,7539.822369,volume,50265.48246,xcoor,5.091586431,ycoor,3.018514478,pH,7.224066642,,,,,,,,,,,,,,,,,,,,,,
endosome925g,initRabContent,RabC,1158.116716,RabB,6381.705653,,,,,,,,,,,,,,,,,,,,,,,,,,,,
endosome925g,initMembraneContent,,,,,,,,,,,,,,,,,,,,,,,,,,,,,,,,
endosome925g,initSolubleContent,protonEn,2.000566202,,,,,,,,,,,,,,,,,,,,,,,,,,,,,,
endosome926g,initOrgProp,area,15060.81591,volume,137114.59,xcoor,1.680419152,ycoor,2.393149376,pH,7.335518686,,,,,,,,,,,,,,,,,,,,,,
endosome926g,initRabContent,RabC,2313.341323,RabB,12747.47458,,,,,,,,,,,,,,,,,,,,,,,,,,,,
endosome926g,initMembraneContent,EEA1,0.003053028,exCxEn,3.02E-18,R-TfaEn,2.94E-40,oMHCIEn,1.02E-06,membraneMarker,0,M6PR,0.016972841,cMHCIEn,0.002340689,R-TfEn,1.66E-40,pepMHCIEn,0,REn,5.09E-05,imCxEn,3.02E-18,,,,,,,,,,
endosome926g,initSolubleContent,povaEn,0,NH3Cy,0,protonEn,5.332351052,FeEn,0,NH3En,0,NH4En,0,ovaEn,0,TfaEn,1.29E-07,solubleMarker,0,mvb,0,bead2,0,bead3,0,bead4,0,TfEn,0,pepEn,0,bead1,0
endosome927y,initOrgProp,area,15382.5131,volume,140043.3409,xcoor,4.353315184,ycoor,9.408317809,pH,7.336955358,,,,,,,,,,,,,,,,,,,,,,
endosome927y,initRabContent,RabA,15382.5131,,,,,,,,,,,,,,,,,,,,,,,,,,,,,,
endosome927y,initMembraneContent,EEA1,3.121358388,exCxEn,3.06E-20,R-TfaEn,3.00E-43,oMHCIEn,1.05E-06,membraneMarker,0,M6PR,8.68502468,cMHCIEn,2.39E-06,R-TfEn,1.70E-43,pepMHCIEn,0,REn,5.20E-08,imCxEn,3.06E-20,,,,,,,,,,
endosome927y,initSolubleContent,povaEn,0,NH3Cy,0,protonEn,5.446249421,FeEn,0,NH3En,0,NH4En,0,ovaEn,0,TfaEn,1.31E-07,solubleMarker,0,mvb,0,bead2,0,bead3,0,bead4,0,TfEn,0,pepEn,0,bead1,0
endosome928R,initOrgProp,area,15060.81591,volume,137114.59,xcoor,3.2548386,ycoor,1.399120318,pH,7.335518686,,,,,,,,,,,,,,,,,,,,,,
endosome928R,initRabContent,RabB,15060.81591,,,,,,,,,,,,,,,,,,,,,,,,,,,,,,
endosome928R,initMembraneContent,EEA1,0.003053028,exCxEn,3.02E-18,R-TfaEn,2.94E-40,oMHCIEn,1.02E-06,membraneMarker,0,M6PR,0.016972841,cMHCIEn,0.002340689,R-TfEn,1.66E-40,pepMHCIEn,0,REn,5.09E-05,imCxEn,3.02E-18,,,,,,,,,,
endosome928R,initSolubleContent,povaEn,0,NH3Cy,0,protonEn,5.332351052,FeEn,0,NH3En,0,NH4En,0,ovaEn,0,TfaEn,1.29E-07,solubleMarker,0,mvb,0,bead2,0,bead3,0,bead4,0,TfEn,0,pepEn,0,bead1,0
endosome929j,initOrgProp,area,10149.45898,volume,77396.46975,xcoor,46.66338387,ycoor,44.591506,pH,7.335354591,,,,,,,,,,,,,,,,,,,,,,
endosome929j,initRabContent,RabA,8920.447722,RabB,0,RabD,1229.011255,,,,,,,,,,,,,,,,,,,,,,,,,,
endosome929j,initMembraneContent,EEA1,3.251657612,exCxEn,2.24E-12,R-TfaEn,4.82E-43,oMHCIEn,1.76E-05,membraneMarker,0,M6PR,3.946272648,cMHCIEn,3.76E-06,R-TfEn,2.73E-43,pepMHCIEn,0,REn,8.35E-08,imCxEn,2.24E-12,,,,,,,,,,
endosome929j,initSolubleContent,povaEn,0,NH3Cy,0,protonEn,2.575745175,FeEn,0,NH3En,0,NH4En,0,ovaEn,0,TfaEn,8.49E-08,solubleMarker,0,mvb,0,bead2,0,bead3,0,bead4,0,TfEn,0,pepEn,0,bead1,0
endosome930q,initOrgProp,area,7539.822369,volume,50265.48246,xcoor,15.5803734,ycoor,38.79711922,pH,7.229158922,,,,,,,,,,,,,,,,,,,,,,
endosome930q,initRabContent,RabA,7539.822369,,,,,,,,,,,,,,,,,,,,,,,,,,,,,,
endosome930q,initMembraneContent,EEA1,4.471754875,exCxEn,5.13E-18,R-TfaEn,2.00E-39,oMHCIEn,0.003628674,membraneMarker,0,M6PR,3.656374218,cMHCIEn,0.013430003,R-TfEn,1.13E-39,pepMHCIEn,0,REn,3.46E-04,imCxEn,5.13E-18,,,,,,,,,,
endosome930q,initSolubleContent,povaEn,0,NH3Cy,0,protonEn,1.965588806,FeEn,0,NH3En,0,NH4En,0,ovaEn,0,TfaEn,1.83E-07,solubleMarker,0,mvb,0,bead2,0,bead3,0,bead4,0,TfEn,0,pepEn,0,bead1,0
endosome931O,initOrgProp,area,14451.32621,volume,125663.7061,xcoor,17.68119551,ycoor,28.31252633,pH,7.662824524,,,,,,,,,,,,,,,,,,,,,,
endosome931O,initRabContent,RabA,14451.32621,,,,,,,,,,,,,,,,,,,,,,,,,,,,,,
endosome931O,initMembraneContent,EEA1,3.279758997,exCxEn,2.08E-08,R-TfaEn,1.12E-39,oMHCIEn,0.001945933,membraneMarker,0,M6PR,1.841962764,cMHCIEn,0.007906509,R-TfEn,6.30E-40,pepMHCIEn,0,REn,1.93E-04,imCxEn,2.08E-08,,,,,,,,,,
endosome931O,initSolubleContent,povaEn,0,NH3Cy,0,protonEn,1.73140022,FeEn,0,NH3En,0,NH4En,0,ovaEn,0,TfaEn,1.62E-07,solubleMarker,0,mvb,0,bead2,0,bead3,0,bead4,0,TfEn,0,pepEn,0,bead1,0
endosome932c,initOrgProp,area,7539.822369,volume,50265.48246,xcoor,46.57128327,ycoor,8.770817945,pH,7.224066642,,,,,,,,,,,,,,,,,,,,,,
endosome932c,initRabContent,RabA,7539.822369,,,,,,,,,,,,,,,,,,,,,,,,,,,,,,
endosome932c,initMembraneContent,EEA1,0.553986744,exCxEn,0,R-TfaEn,1.36E-41,oMHCIEn,1.12E-04,membraneMarker,0,M6PR,2.547972062,cMHCIEn,1.05E-04,R-TfEn,7.64E-42,pepMHCIEn,0,REn,2.34E-06,imCxEn,0,,,,,,,,,,
endosome932c,initSolubleContent,povaEn,0,NH3Cy,0,protonEn,2.000566202,FeEn,0,NH3En,0,NH4En,0,ovaEn,0,TfaEn,1.79E-07,solubleMarker,0,mvb,0,bead2,0,bead3,0,bead4,0,TfEn,0,pepEn,0,bead1,0
endosome933F,initOrgProp,area,12330.75117,volume,107800.6606,xcoor,16.16725151,ycoor,45.1302487,pH,7.549433444,,,,,,,,,,,,,,,,,,,,,,
endosome933F,initRabContent,RabA,1492.25651,RabB,10838.49465,RabC,0,,,,,,,,,,,,,,,,,,,,,,,,,,
endosome933F,initMembraneContent,EEA1,0.355498487,exCxEn,5.84E-06,R-TfaEn,3.92E-39,oMHCIEn,1.45E-05,membraneMarker,0,M6PR,0.177025697,cMHCIEn,0.026593757,R-TfEn,2.17E-39,pepMHCIEn,0,REn,6.71E-04,imCxEn,5.84E-06,,,,,,,,,,
endosome933F,initSolubleContent,povaEn,0,NH3Cy,0,protonEn,2.042201517,FeEn,0,NH3En,0,NH4En,0,ovaEn,0,TfaEn,1.24E-07,solubleMarker,0,mvb,0,bead2,0,bead3,0,bead4,0,TfEn,0,pepEn,0,bead1,0
endosome934S,initOrgProp,area,12566.37061,volume,100530.9649,xcoor,10.76398973,ycoor,49.31947201,pH,7.303231498,,,,,,,,,,,,,,,,,,,,,,
endosome934S,initRabContent,RabC,12566.37061,,,,,,,,,,,,,,,,,,,,,,,,,,,,,,
endosome934S,initMembraneContent,,,,,,,,,,,,,,,,,,,,,,,,,,,,,,,,
endosome934S,initSolubleContent,protonEn,4.001132404,,,,,,,,,,,,,,,,,,,,,,,,,,,,,,
endosome935b,initOrgProp,area,10535.12713,volume,81789.32643,xcoor,49.30268917,ycoor,44.59886498,pH,7.334998408,,,,,,,,,,,,,,,,,,,,,,
endosome935b,initRabContent,RabC,842.8101706,RabB,9692.316962,,,,,,,,,,,,,,,,,,,,,,,,,,,,
endosome935b,initMembraneContent,EEA1,0.001676048,exCxEn,1.97E-10,R-TfaEn,4.17E-40,oMHCIEn,6.18E-06,membraneMarker,0,M6PR,0.004394601,cMHCIEn,0.003260897,R-TfEn,2.36E-40,pepMHCIEn,0,REn,7.23E-05,imCxEn,1.97E-10,,,,,,,,,,
endosome935b,initSolubleContent,povaEn,0,NH3Cy,0,protonEn,2.781797095,FeEn,0,NH3En,0,NH4En,0,ovaEn,0,TfaEn,4.94E-08,solubleMarker,0,mvb,0,bead2,0,bead3,0,bead4,0,TfEn,0,pepEn,0,bead1,0
endosome936P,initOrgProp,area,11309.73355,volume,100530.9649,xcoor,42.32552752,ycoor,32.33213499,pH,7.485057147,,,,,,,,,,,,,,,,,,,,,,
endosome936P,initRabContent,RabC,904.7786842,RabB,10404.95487,,,,,,,,,,,,,,,,,,,,,,,,,,,,
endosome936P,initMembraneContent,EEA1,2.57E-05,exCxEn,4.87E-06,R-TfaEn,1.04E-39,oMHCIEn,9.58E-08,membraneMarker,0,M6PR,6.42E-05,cMHCIEn,0.006373775,R-TfEn,5.52E-40,pepMHCIEn,0,REn,1.74E-04,imCxEn,4.87E-06,,,,,,,,,,
endosome936P,initSolubleContent,povaEn,0,NH3Cy,0,protonEn,2.290354596,FeEn,0,NH3En,0,NH4En,0,ovaEn,0,TfaEn,3.79E-08,solubleMarker,0,mvb,0,bead2,0,bead3,0,bead4,0,TfEn,0,pepEn,0,bead1,0
endosome937p,initOrgProp,area,7539.822369,volume,50265.48246,xcoor,40.83628941,ycoor,31.15932003,pH,7.369806663,,,,,,,,,,,,,,,,,,,,,,
endosome937p,initRabContent,RabC,603.1857895,RabB,6936.636579,,,,,,,,,,,,,,,,,,,,,,,,,,,,
endosome937p,initMembraneContent,EEA1,1.71E-05,exCxEn,3.25E-06,R-TfaEn,6.92E-40,oMHCIEn,6.38E-08,membraneMarker,0,M6PR,4.28E-05,cMHCIEn,0.004249183,R-TfEn,3.68E-40,pepMHCIEn,0,REn,1.16E-04,imCxEn,3.25E-06,,,,,,,,,,
endosome937p,initSolubleContent,povaEn,0,NH3Cy,0,protonEn,1.145177298,FeEn,0,NH3En,0,NH4En,0,ovaEn,0,TfaEn,1.89E-08,solubleMarker,0,mvb,0,bead2,0,bead3,0,bead4,0,TfEn,0,pepEn,0,bead1,0
endosome938x,initOrgProp,area,11309.73355,volume,87964.5943,xcoor,49.42297257,ycoor,36.75892251,pH,7.290999774,,,,,,,,,,,,,,,,,,,,,,
endosome938x,initRabContent,RabC,1737.175074,RabB,9572.558479,,,,,,,,,,,,,,,,,,,,,,,,,,,,
endosome938x,initMembraneContent,,,,,,,,,,,,,,,,,,,,,,,,,,,,,,,,
endosome938x,initSolubleContent,protonEn,3.500990853,,,,,,,,,,,,,,,,,,,,,,,,,,,,,,
endosome939d,initOrgProp,area,7539.822369,volume,50265.48246,xcoor,49.53245527,ycoor,33.51020489,pH,7.224066642,,,,,,,,,,,,,,,,,,,,,,
endosome939d,initRabContent,RabC,603.1857895,RabB,6936.636579,,,,,,,,,,,,,,,,,,,,,,,,,,,,
endosome939d,initMembraneContent,,,,,,,,,,,,,,,,,,,,,,,,,,,,,,,,
endosome939d,initSolubleContent,protonEn,2.000566202,,,,,,,,,,,,,,,,,,,,,,,,,,,,,,
endosome940P,initOrgProp,area,7539.822369,volume,50265.48246,xcoor,3.768442423,ycoor,5.6250455,pH,7.238104683,,,,,,,,,,,,,,,,,,,,,,
endosome940P,initRabContent,RabA,7539.822369,,,,,,,,,,,,,,,,,,,,,,,,,,,,,,
endosome940P,initMembraneContent,EEA1,1.230277019,exCxEn,1.91E-12,R-TfaEn,6.75E-42,oMHCIEn,0.001569895,membraneMarker,0,M6PR,3.298826377,cMHCIEn,5.21E-05,R-TfEn,3.80E-42,pepMHCIEn,0,REn,1.17E-06,imCxEn,1.91E-12,,,,,,,,,,
endosome940P,initSolubleContent,povaEn,0,NH3Cy,0,protonEn,1.90512733,FeEn,0,NH3En,0,NH4En,0,ovaEn,0,TfaEn,1.36E-07,solubleMarker,0,mvb,0,bead2,0,bead3,0,bead4,0,TfEn,0,pepEn,0,bead1,0
endosome941z,initOrgProp,area,13823.00768,volume,121121.0293,xcoor,25.57196201,ycoor,21.0463078,pH,8.027947299,,,,,,,,,,,,,,,,,,,,,,
endosome941z,initRabContent,RabC,13823.00768,,,,,,,,,,,,,,,,,,,,,,,,,,,,,,
endosome941z,initMembraneContent,EEA1,0.008061688,exCxEn,4.53E-05,R-TfaEn,2.82E-39,oMHCIEn,0.011196648,membraneMarker,0,M6PR,0.003037497,cMHCIEn,0.014187634,R-TfEn,1.04E-39,pepMHCIEn,0,REn,3.92E-04,imCxEn,4.53E-05,,,,,,,,,,
endosome941z,initSolubleContent,povaEn,0,NH3Cy,0,protonEn,0.135722563,FeEn,0,NH3En,0,NH4En,0,ovaEn,0,TfaEn,6.03E-09,solubleMarker,0,mvb,0,bead2,0,bead3,0,bead4,0,TfEn,0,pepEn,0,bead1,0
endosome942a,initOrgProp,area,9676.195015,volume,83338.12599,xcoor,21.90835591,ycoor,24.65293705,pH,7.902578632,,,,,,,,,,,,,,,,,,,,,,
endosome942a,initRabContent,RabD,9676.195015,,,,,,,,,,,,,,,,,,,,,,,,,,,,,,
endosome942a,initMembraneContent,EEA1,9.77E-04,exCxEn,1.02E-08,R-TfaEn,9.67E-43,oMHCIEn,3.00E-05,membraneMarker,0,M6PR,0.075644127,cMHCIEn,7.32E-06,R-TfEn,5.40E-43,pepMHCIEn,0,REn,1.66E-07,imCxEn,1.02E-08,,,,,,,,,,
endosome942a,initSolubleContent,povaEn,0,NH3Cy,0,protonEn,0.042953867,FeEn,0,NH3En,0,NH4En,0,ovaEn,0,TfaEn,3.48E-09,solubleMarker,0,mvb,0,bead2,0,bead3,0,bead4,0,TfEn,0,pepEn,0,bead1,0
endosome943J,initOrgProp,area,7539.822369,volume,50265.48246,xcoor,18.89497433,ycoor,31.4243766,pH,7.681247654,,,,,,,,,,,,,,,,,,,,,,
endosome943J,initRabContent,RabA,7539.822369,,,,,,,,,,,,,,,,,,,,,,,,,,,,,,
endosome943J,initMembraneContent,EEA1,0.409430863,exCxEn,1.71E-08,R-TfaEn,1.37E-42,oMHCIEn,3.55E-05,membraneMarker,0,M6PR,0.080463945,cMHCIEn,1.04E-05,R-TfEn,7.64E-43,pepMHCIEn,0,REn,2.36E-07,imCxEn,1.71E-08,,,,,,,,,,
endosome943J,initSolubleContent,povaEn,0,NH3Cy,0,protonEn,0.047182079,FeEn,0,NH3En,0,NH4En,0,ovaEn,0,TfaEn,3.85E-09,solubleMarker,0,mvb,0,bead2,0,bead3,0,bead4,0,TfEn,0,pepEn,0,bead1,0
endosome944s,initOrgProp,area,12254.92193,volume,107381.0268,xcoor,24.22799734,ycoor,21.05012056,pH,7.981583076,,,,,,,,,,,,,,,,,,,,,,
endosome944s,initRabContent,RabE,12254.92193,,,,,,,,,,,,,,,,,,,,,,,,,,,,,,
endosome944s,initMembraneContent,EEA1,0.007147168,exCxEn,3.98E-07,R-TfaEn,2.50E-42,oMHCIEn,9.92E-06,membraneMarker,0,M6PR,2.695615673,cMHCIEn,1.26E-05,R-TfEn,9.18E-43,pepMHCIEn,0,REn,3.47E-07,imCxEn,3.98E-07,,,,,,,,,,
endosome944s,initSolubleContent,povaEn,0,NH3Cy,0,protonEn,0.120326159,FeEn,0,NH3En,0,NH4En,0,ovaEn,0,TfaEn,5.34E-09,solubleMarker,0,mvb,0,bead2,0,bead3,0,bead4,0,TfEn,0,pepEn,0,bead1,0
endosome945d,initOrgProp,area,12254.92193,volume,107381.0268,xcoor,25.46558181,ycoor,20.23079773,pH,7.981583076,,,,,,,,,,,,,,,,,,,,,,
endosome945d,initRabContent,RabE,12254.92193,,,,,,,,,,,,,,,,,,,,,,,,,,,,,,
endosome945d,initMembraneContent,EEA1,0.007147168,exCxEn,3.98E-07,R-TfaEn,2.50E-42,oMHCIEn,9.92E-06,membraneMarker,0,M6PR,2.695615673,cMHCIEn,1.26E-05,R-TfEn,9.18E-43,pepMHCIEn,0,REn,3.47E-07,imCxEn,3.98E-07,,,,,,,,,,
endosome945d,initSolubleContent,povaEn,0,NH3Cy,0,protonEn,0.120326159,FeEn,0,NH3En,0,NH4En,0,ovaEn,0,TfaEn,5.34E-09,solubleMarker,0,mvb,0,bead2,0,bead3,0,bead4,0,TfEn,0,pepEn,0,bead1,0
endosome946H,initOrgProp,area,12254.92193,volume,107381.0268,xcoor,25.39285487,ycoor,20.82931383,pH,7.981583076,,,,,,,,,,,,,,,,,,,,,,
endosome946H,initRabContent,RabE,12254.92193,,,,,,,,,,,,,,,,,,,,,,,,,,,,,,
endosome946H,initMembraneContent,EEA1,0.007147168,exCxEn,3.98E-07,R-TfaEn,2.50E-42,oMHCIEn,9.92E-06,membraneMarker,0,M6PR,2.695615673,cMHCIEn,1.26E-05,R-TfEn,9.18E-43,pepMHCIEn,0,REn,3.47E-07,imCxEn,3.98E-07,,,,,,,,,,
endosome946H,initSolubleContent,povaEn,0,NH3Cy,0,protonEn,0.120326159,FeEn,0,NH3En,0,NH4En,0,ovaEn,0,TfaEn,5.34E-09,solubleMarker,0,mvb,0,bead2,0,bead3,0,bead4,0,TfEn,0,pepEn,0,bead1,0
endosome947s,initOrgProp,area,12281.31263,volume,97680.38509,xcoor,1.530118823,ycoor,46.81822991,pH,7.300704658,,,,,,,,,,,,,,,,,,,,,,
endosome947s,initRabContent,RabA,0,RabB,7836.182065,RabC,4445.130567,,,,,,,,,,,,,,,,,,,,,,,,,,
endosome947s,initMembraneContent,,,,,,,,,,,,,,,,,,,,,,,,,,,,,,,,
endosome947s,initSolubleContent,protonEn,3.887679327,,,,,,,,,,,,,,,,,,,,,,,,,,,,,,
endosome948b,initOrgProp,area,8740.331341,volume,69076.38521,xcoor,3.03895642,ycoor,45.21612312,pH,7.303691365,,,,,,,,,,,,,,,,,,,,,,
endosome948b,initRabContent,RabD,1424.68589,RabA,3469.030792,RabB,3846.61466,,,,,,,,,,,,,,,,,,,,,,,,,,
endosome948b,initMembraneContent,EEA1,2.047399998,R-TfaEn,2.39E-43,exCxEn,3.07E-10,oMHCIEn,6.20E-06,membraneMarker,0,M6PR,2.530225733,pepMHCIEn,0,R-TfEn,1.35E-43,cMHCIEn,1.78E-06,REn,4.14E-08,imCxEn,3.07E-10,,,,,,,,,,
endosome948b,initSolubleContent,povaEn,0,NH3Cy,0,protonEn,2.432718873,FeEn,0,NH3En,0,NH4En,0,ovaEn,0,solubleMarker,0,TfaEn,6.00E-08,bead2,0,mvb,0,bead3,0,bead4,0,TfEn,0,pepEn,0,bead1,0
endosome949M,initOrgProp,area,8740.331341,volume,69076.38521,xcoor,7.629400315,ycoor,47.69096817,pH,7.303691365,,,,,,,,,,,,,,,,,,,,,,
endosome949M,initRabContent,RabA,8740.331341,,,,,,,,,,,,,,,,,,,,,,,,,,,,,,
endosome949M,initMembraneContent,EEA1,2.047399998,R-TfaEn,2.39E-43,exCxEn,3.07E-10,oMHCIEn,6.20E-06,membraneMarker,0,M6PR,2.530225733,pepMHCIEn,0,R-TfEn,1.35E-43,cMHCIEn,1.78E-06,REn,4.14E-08,imCxEn,3.07E-10,,,,,,,,,,
endosome949M,initSolubleContent,povaEn,0,NH3Cy,0,protonEn,2.432718873,FeEn,0,NH3En,0,NH4En,0,ovaEn,0,solubleMarker,0,TfaEn,6.00E-08,bead2,0,mvb,0,bead3,0,bead4,0,TfEn,0,pepEn,0,bead1,0
endosome950r,initOrgProp,area,12281.31263,volume,97680.38509,xcoor,0.580239001,ycoor,47.50986748,pH,7.300704658,,,,,,,,,,,,,,,,,,,,,,
endosome950r,initRabContent,RabB,12281.31263,,,,,,,,,,,,,,,,,,,,,,,,,,,,,,
endosome950r,initMembraneContent,,,,,,,,,,,,,,,,,,,,,,,,,,,,,,,,
endosome950r,initSolubleContent,protonEn,3.887679327,,,,,,,,,,,,,,,,,,,,,,,,,,,,,,
endosome951D,initOrgProp,area,12281.31263,volume,97061.38694,xcoor,1.565612823,ycoor,49.3544112,pH,7.341792345,,,,,,,,,,,,,,,,,,,,,,
endosome951D,initRabContent,RabC,982.5050105,RabB,11298.80762,,,,,,,,,,,,,,,,,,,,,,,,,,,,
endosome951D,initMembraneContent,EEA1,0.002873992,R-TfaEn,3.36E-40,exCxEn,4.36E-08,oMHCIEn,8.71E-06,membraneMarker,0,M6PR,0.007096406,pepMHCIEn,0,R-TfEn,1.90E-40,cMHCIEn,0.002499556,REn,5.82E-05,imCxEn,4.36E-08,,,,,,,,,,
endosome951D,initSolubleContent,povaEn,0,NH3Cy,0,protonEn,3.418289291,FeEn,0,NH3En,0,NH4En,0,ovaEn,0,solubleMarker,0,TfaEn,8.42E-08,bead2,0,mvb,0,bead3,0,bead4,0,TfEn,0,pepEn,0,bead1,0
endosome952Y,initOrgProp,area,8740.331341,volume,69076.38521,xcoor,3.370241007,ycoor,45.07381309,pH,7.303691365,,,,,,,,,,,,,,,,,,,,,,
endosome952Y,initRabContent,RabA,6118.231939,RabB,2622.099402,,,,,,,,,,,,,,,,,,,,,,,,,,,,
endosome952Y,initMembraneContent,EEA1,2.047399998,R-TfaEn,2.39E-43,exCxEn,3.07E-10,oMHCIEn,6.20E-06,membraneMarker,0,M6PR,2.530225733,pepMHCIEn,0,R-TfEn,1.35E-43,cMHCIEn,1.78E-06,REn,4.14E-08,imCxEn,3.07E-10,,,,,,,,,,
endosome952Y,initSolubleContent,povaEn,0,NH3Cy,0,protonEn,2.432718873,FeEn,0,NH3En,0,NH4En,0,ovaEn,0,solubleMarker,0,TfaEn,6.00E-08,bead2,0,mvb,0,bead3,0,bead4,0,TfEn,0,pepEn,0,bead1,0
endosome953e,initOrgProp,area,8740.331341,volume,69076.38521,xcoor,8.619076537,ycoor,48.88543202,pH,7.303691365,,,,,,,,,,,,,,,,,,,,,,
endosome953e,initRabContent,RabA,8740.331341,,,,,,,,,,,,,,,,,,,,,,,,,,,,,,
endosome953e,initMembraneContent,EEA1,2.047399998,R-TfaEn,2.39E-43,exCxEn,3.07E-10,oMHCIEn,6.20E-06,membraneMarker,0,M6PR,2.530225733,pepMHCIEn,0,R-TfEn,1.35E-43,cMHCIEn,1.78E-06,REn,4.14E-08,imCxEn,3.07E-10,,,,,,,,,,
endosome953e,initSolubleContent,povaEn,0,NH3Cy,0,protonEn,2.432718873,FeEn,0,NH3En,0,NH4En,0,ovaEn,0,solubleMarker,0,TfaEn,6.00E-08,bead2,0,mvb,0,bead3,0,bead4,0,TfEn,0,pepEn,0,bead1,0
endosome954u,initOrgProp,area,12281.31263,volume,97680.38509,xcoor,2.833674946,ycoor,47.96166097,pH,7.300704658,,,,,,,,,,,,,,,,,,,,,,
endosome954u,initRabContent,RabB,12281.31263,,,,,,,,,,,,,,,,,,,,,,,,,,,,,,
endosome954u,initMembraneContent,,,,,,,,,,,,,,,,,,,,,,,,,,,,,,,,
endosome954u,initSolubleContent,protonEn,3.887679327,,,,,,,,,,,,,,,,,,,,,,,,,,,,,,
endosome955w,initOrgProp,area,12281.31263,volume,97680.38509,xcoor,1.55906305,ycoor,49.37152701,pH,7.300704658,,,,,,,,,,,,,,,,,,,,,,
endosome955w,initRabContent,RabB,12281.31263,,,,,,,,,,,,,,,,,,,,,,,,,,,,,,
endosome955w,initMembraneContent,,,,,,,,,,,,,,,,,,,,,,,,,,,,,,,,
endosome955w,initSolubleContent,protonEn,3.887679327,,,,,,,,,,,,,,,,,,,,,,,,,,,,,,
endosome956Z,initOrgProp,area,12281.31263,volume,97680.38509,xcoor,1.275809547,ycoor,49.49759729,pH,7.300704658,,,,,,,,,,,,,,,,,,,,,,
endosome956Z,initRabContent,RabC,982.5050105,RabB,11298.80762,,,,,,,,,,,,,,,,,,,,,,,,,,,,
endosome956Z,initMembraneContent,,,,,,,,,,,,,,,,,,,,,,,,,,,,,,,,
endosome956Z,initSolubleContent,protonEn,3.887679327,,,,,,,,,,,,,,,,,,,,,,,,,,,,,,
endosome957Z,initOrgProp,area,12281.31263,volume,97680.38509,xcoor,2.002100592,ycoor,48.53787178,pH,7.300704658,,,,,,,,,,,,,,,,,,,,,,
endosome957Z,initRabContent,RabC,1886.40962,RabB,10394.90301,,,,,,,,,,,,,,,,,,,,,,,,,,,,
endosome957Z,initMembraneContent,,,,,,,,,,,,,,,,,,,,,,,,,,,,,,,,
endosome957Z,initSolubleContent,protonEn,3.887679327,,,,,,,,,,,,,,,,,,,,,,,,,,,,,,
endosome958g,initOrgProp,area,12281.31263,volume,97680.38509,xcoor,1.50830185,ycoor,49.56163027,pH,7.300704658,,,,,,,,,,,,,,,,,,,,,,
endosome958g,initRabContent,RabC,982.5050105,RabB,11298.80762,,,,,,,,,,,,,,,,,,,,,,,,,,,,
endosome958g,initMembraneContent,,,,,,,,,,,,,,,,,,,,,,,,,,,,,,,,
endosome958g,initSolubleContent,protonEn,3.887679327,,,,,,,,,,,,,,,,,,,,,,,,,,,,,,
endosome959E,initOrgProp,area,12364.66851,volume,98513.94388,xcoor,46.59905116,ycoor,49.34151503,pH,7.301457141,,,,,,,,,,,,,,,,,,,,,,
endosome959E,initRabContent,RabB,12364.66851,,,,,,,,,,,,,,,,,,,,,,,,,,,,,,
endosome959E,initMembraneContent,,,,,,,,,,,,,,,,,,,,,,,,,,,,,,,,
endosome959E,initSolubleContent,protonEn,3.920854966,,,,,,,,,,,,,,,,,,,,,,,,,,,,,,
endosome960Q,initOrgProp,area,7539.822369,volume,50265.48246,xcoor,27.96750445,ycoor,23.06566408,pH,7.690540831,,,,,,,,,,,,,,,,,,,,,,
endosome960Q,initRabContent,RabE,7539.822369,,,,,,,,,,,,,,,,,,,,,,,,,,,,,,
endosome960Q,initMembraneContent,EEA1,0.001554342,exCxEn,7.44E-08,R-TfaEn,3.63E-42,oMHCIEn,8.33E-05,membraneMarker,0,M6PR,3.041369887,cMHCIEn,2.83E-05,R-TfEn,2.04E-42,pepMHCIEn,0,REn,6.27E-07,imCxEn,7.44E-08,,,,,,,,,,
endosome960Q,initSolubleContent,povaEn,0,NH3Cy,0,protonEn,0.025012176,FeEn,0,NH3En,0,NH4En,0,ovaEn,0,TfaEn,2.78E-09,solubleMarker,0,mvb,0,bead2,0,bead3,0,bead4,0,TfEn,0,pepEn,0,bead1,0
endosome961d,initOrgProp,area,12330.75117,volume,104715.4949,xcoor,19.89803223,ycoor,34.26224023,pH,7.671434906,,,,,,,,,,,,,,,,,,,,,,
endosome961d,initRabContent,RabA,12330.75117,,,,,,,,,,,,,,,,,,,,,,,,,,,,,,
endosome961d,initMembraneContent,EEA1,2.920622572,exCxEn,9.13E-08,R-TfaEn,5.34E-42,oMHCIEn,1.64E-05,membraneMarker,0,M6PR,1.418049872,cMHCIEn,3.54E-05,R-TfEn,2.95E-42,pepMHCIEn,0,REn,9.12E-07,imCxEn,9.13E-08,,,,,,,,,,
endosome961d,initSolubleContent,povaEn,0,NH3Cy,0,protonEn,1.231392885,FeEn,0,NH3En,0,NH4En,0,ovaEn,0,TfaEn,9.00E-08,solubleMarker,0,mvb,0,bead2,0,bead3,0,bead4,0,TfEn,0,pepEn,0,bead1,0
endosome962C,initOrgProp,area,12330.75117,volume,104715.4949,xcoor,18.19864683,ycoor,32.19178848,pH,7.671434906,,,,,,,,,,,,,,,,,,,,,,
endosome962C,initRabContent,RabA,12330.75117,,,,,,,,,,,,,,,,,,,,,,,,,,,,,,
endosome962C,initMembraneContent,EEA1,2.920622572,exCxEn,9.13E-08,R-TfaEn,5.34E-42,oMHCIEn,1.64E-05,membraneMarker,0,M6PR,1.418049872,cMHCIEn,3.54E-05,R-TfEn,2.95E-42,pepMHCIEn,0,REn,9.12E-07,imCxEn,9.13E-08,,,,,,,,,,
endosome962C,initSolubleContent,povaEn,0,NH3Cy,0,protonEn,1.231392885,FeEn,0,NH3En,0,NH4En,0,ovaEn,0,TfaEn,9.00E-08,solubleMarker,0,mvb,0,bead2,0,bead3,0,bead4,0,TfEn,0,pepEn,0,bead1,0
endosome963u,initOrgProp,area,12330.75117,volume,104715.4949,xcoor,17.14936301,ycoor,31.93445796,pH,7.671434906,,,,,,,,,,,,,,,,,,,,,,
endosome963u,initRabContent,RabA,12330.75117,,,,,,,,,,,,,,,,,,,,,,,,,,,,,,
endosome963u,initMembraneContent,EEA1,2.920622572,exCxEn,9.13E-08,R-TfaEn,5.34E-42,oMHCIEn,1.64E-05,membraneMarker,0,M6PR,1.418049872,cMHCIEn,3.54E-05,R-TfEn,2.95E-42,pepMHCIEn,0,REn,9.12E-07,imCxEn,9.13E-08,,,,,,,,,,
endosome963u,initSolubleContent,povaEn,0,NH3Cy,0,protonEn,1.231392885,FeEn,0,NH3En,0,NH4En,0,ovaEn,0,TfaEn,9.00E-08,solubleMarker,0,mvb,0,bead2,0,bead3,0,bead4,0,TfEn,0,pepEn,0,bead1,0
endosome964o,initOrgProp,area,7539.822369,volume,50265.48246,xcoor,30.74945619,ycoor,4.603206178,pH,7.224627277,,,,,,,,,,,,,,,,,,,,,,
endosome964o,initRabContent,RabA,7539.822369,,,,,,,,,,,,,,,,,,,,,,,,,,,,,,
endosome964o,initMembraneContent,EEA1,0.651473766,exCxEn,4.08E-13,R-TfaEn,1.64E-39,oMHCIEn,0.003311601,membraneMarker,0,M6PR,2.235224447,cMHCIEn,0.013818811,R-TfEn,9.24E-40,pepMHCIEn,0,REn,2.83E-04,imCxEn,4.08E-13,,,,,,,,,,
endosome964o,initSolubleContent,povaEn,0,NH3Cy,0,protonEn,1.996695243,FeEn,0,NH3En,0,NH4En,0,ovaEn,0,TfaEn,1.83E-07,solubleMarker,0,mvb,0,bead2,0,bead3,0,bead4,0,TfEn,0,pepEn,0,bead1,0
endosome965c,initOrgProp,area,12566.37061,volume,100530.9649,xcoor,32.96350486,ycoor,2.269286456,pH,7.303231498,,,,,,,,,,,,,,,,,,,,,,
endosome965c,initRabContent,RabA,5026.548246,RabB,5871.169201,RabC,1668.653168,,,,,,,,,,,,,,,,,,,,,,,,,,
endosome965c,initMembraneContent,,,,,,,,,,,,,,,,,,,,,,,,,,,,,,,,
endosome965c,initSolubleContent,protonEn,4.001132404,,,,,,,,,,,,,,,,,,,,,,,,,,,,,,
endosome966J,initOrgProp,area,8506.411889,volume,72255.34678,xcoor,25.39295936,ycoor,7.859953359,pH,7.477065665,,,,,,,,,,,,,,,,,,,,,,
endosome966J,initRabContent,RabC,8506.411889,,,,,,,,,,,,,,,,,,,,,,,,,,,,,,
endosome966J,initMembraneContent,EEA1,0.002009865,exCxEn,4.58E-06,R-TfaEn,3.07E-39,oMHCIEn,0.010015783,membraneMarker,0,M6PR,0.001985412,cMHCIEn,0.020868797,R-TfEn,1.70E-39,pepMHCIEn,0,REn,5.26E-04,imCxEn,4.58E-06,,,,,,,,,,
endosome966J,initSolubleContent,povaEn,0,NH3Cy,0,protonEn,1.408819871,FeEn,0,NH3En,0,NH4En,0,ovaEn,0,TfaEn,8.56E-08,solubleMarker,0,mvb,0,bead2,0,bead3,0,bead4,0,TfEn,0,pepEn,0,bead1,0
endosome967E,initOrgProp,area,7539.822369,volume,50265.48246,xcoor,28.43709664,ycoor,49.24614501,pH,7.224066642,,,,,,,,,,,,,,,,,,,,,,
endosome967E,initRabContent,RabC,603.1857895,RabB,6936.636579,,,,,,,,,,,,,,,,,,,,,,,,,,,,
endosome967E,initMembraneContent,,,,,,,,,,,,,,,,,,,,,,,,,,,,,,,,
endosome967E,initSolubleContent,protonEn,2.000566202,,,,,,,,,,,,,,,,,,,,,,,,,,,,,,
endosome968B,initOrgProp,area,12566.37061,volume,100530.9649,xcoor,28.78934996,ycoor,19.13534355,pH,7.906204789,,,,,,,,,,,,,,,,,,,,,,
endosome968B,initRabContent,RabC,12566.37061,,,,,,,,,,,,,,,,,,,,,,,,,,,,,,
endosome968B,initMembraneContent,EEA1,0.004702709,exCxEn,1.12E-05,R-TfaEn,7.05E-39,oMHCIEn,0.016173778,membraneMarker,0,M6PR,0.001731582,cMHCIEn,0.047455796,R-TfEn,3.94E-39,pepMHCIEn,0,REn,0.001213285,imCxEn,1.12E-05,,,,,,,,,,
endosome968B,initSolubleContent,povaEn,0,NH3Cy,0,protonEn,0.247656581,FeEn,0,NH3En,0,NH4En,0,ovaEn,0,TfaEn,2.22E-08,solubleMarker,0,mvb,0,bead2,0,bead3,0,bead4,0,TfEn,0,pepEn,0,bead1,0
endosome969H,initOrgProp,area,13823.00768,volume,146779.2191,xcoor,28.9814646,ycoor,18.40244092,pH,8.019439263,,,,,,,,,,,,,,,,,,,,,,
endosome969H,initRabContent,RabA,13823.00768,,,,,,,,,,,,,,,,,,,,,,,,,,,,,,
endosome969H,initMembraneContent,EEA1,5.625776048,exCxEn,1.33E-07,R-TfaEn,8.42E-42,oMHCIEn,1.93E-05,membraneMarker,0,M6PR,1.036766698,cMHCIEn,5.67E-05,R-TfEn,4.71E-42,pepMHCIEn,0,REn,1.45E-06,imCxEn,1.33E-07,,,,,,,,,,
endosome969H,initSolubleContent,povaEn,0,NH3Cy,0,protonEn,0.403541665,FeEn,0,NH3En,0,NH4En,0,ovaEn,0,TfaEn,3.61E-08,solubleMarker,0,mvb,0,bead2,0,bead3,0,bead4,0,TfEn,0,pepEn,0,bead1,0
endosome970J,initOrgProp,area,7539.822369,volume,50265.48246,xcoor,33.95100254,ycoor,14.11959174,pH,7.646460039,,,,,,,,,,,,,,,,,,,,,,
endosome970J,initRabContent,RabD,1432.566634,RabA,6107.255735,,,,,,,,,,,,,,,,,,,,,,,,,,,,
endosome970J,initMembraneContent,EEA1,3.068605117,exCxEn,7.24E-08,R-TfaEn,4.59E-42,oMHCIEn,1.05E-05,membraneMarker,0,M6PR,0.565509108,cMHCIEn,3.09E-05,R-TfEn,2.57E-42,pepMHCIEn,0,REn,7.90E-07,imCxEn,7.24E-08,,,,,,,,,,
endosome970J,initSolubleContent,povaEn,0,NH3Cy,0,protonEn,0.134513888,FeEn,0,NH3En,0,NH4En,0,ovaEn,0,TfaEn,1.20E-08,solubleMarker,0,mvb,0,bead2,0,bead3,0,bead4,0,TfEn,0,pepEn,0,bead1,0
endosome971w,initOrgProp,area,7539.822369,volume,50265.48246,xcoor,31.79475614,ycoor,19.54519683,pH,7.646460039,,,,,,,,,,,,,,,,,,,,,,
endosome971w,initRabContent,RabA,7539.822369,,,,,,,,,,,,,,,,,,,,,,,,,,,,,,
endosome971w,initMembraneContent,EEA1,3.068605117,exCxEn,7.24E-08,R-TfaEn,4.59E-42,oMHCIEn,1.05E-05,membraneMarker,0,M6PR,0.565509108,cMHCIEn,3.09E-05,R-TfEn,2.57E-42,pepMHCIEn,0,REn,7.90E-07,imCxEn,7.24E-08,,,,,,,,,,
endosome971w,initSolubleContent,povaEn,0,NH3Cy,0,protonEn,0.134513888,FeEn,0,NH3En,0,NH4En,0,ovaEn,0,TfaEn,1.20E-08,solubleMarker,0,mvb,0,bead2,0,bead3,0,bead4,0,TfEn,0,pepEn,0,bead1,0
endosome972D,initOrgProp,area,7539.822369,volume,50265.48246,xcoor,25.10807046,ycoor,23.88590979,pH,7.256640624,,,,,,,,,,,,,,,,,,,,,,
endosome972D,initRabContent,RabE,6031.857895,RabF,1507.964474,,,,,,,,,,,,,,,,,,,,,,,,,,,,
endosome972D,initMembraneContent,EEA1,9.96E-04,exCxEn,1.60E-07,R-TfaEn,8.57E-43,oMHCIEn,3.08E-06,membraneMarker,0,M6PR,0.06839924,cMHCIEn,4.46E-06,R-TfEn,4.10E-43,pepMHCIEn,0,REn,1.35E-07,imCxEn,1.60E-07,,,,,,,,,,
endosome972D,initSolubleContent,povaEn,0,NH3Cy,0,protonEn,1.783743599,FeEn,0,NH3En,0,NH4En,0,ovaEn,0,TfaEn,3.22E-09,solubleMarker,0,mvb,0,bead2,0,bead3,0,bead4,0,TfEn,0,pepEn,0,bead1,0
endosome973z,initOrgProp,area,7539.822369,volume,50265.48246,xcoor,6.376477668,ycoor,30.64703172,pH,7.224066642,,,,,,,,,,,,,,,,,,,,,,
endosome973z,initRabContent,RabA,7539.822369,,,,,,,,,,,,,,,,,,,,,,,,,,,,,,
endosome973z,initMembraneContent,EEA1,1.388535886,exCxEn,0,R-TfaEn,5.03E-42,oMHCIEn,6.55E-05,membraneMarker,0,M6PR,2.211220358,cMHCIEn,3.58E-05,R-TfEn,2.84E-42,pepMHCIEn,0,REn,8.70E-07,imCxEn,0,,,,,,,,,,
endosome973z,initSolubleContent,povaEn,0,NH3Cy,0,protonEn,2.000566202,FeEn,0,NH3En,0,NH4En,0,ovaEn,0,TfaEn,1.20E-07,solubleMarker,0,mvb,0,bead2,0,bead3,0,bead4,0,TfEn,0,pepEn,0,bead1,0
endosome974N,initOrgProp,area,7539.822369,volume,50265.48246,xcoor,2.226324877,ycoor,47.71259939,pH,7.276869643,,,,,,,,,,,,,,,,,,,,,,
endosome974N,initRabContent,RabB,7539.822369,,,,,,,,,,,,,,,,,,,,,,,,,,,,,,
endosome974N,initMembraneContent,EEA1,8.86E-06,R-TfaEn,6.57E-40,exCxEn,2.12E-06,oMHCIEn,3.25E-08,membraneMarker,0,M6PR,2.09E-05,pepMHCIEn,0,R-TfEn,3.57E-40,cMHCIEn,0.00429346,REn,1.11E-04,imCxEn,2.12E-06,,,,,,,,,,
endosome974N,initSolubleContent,povaEn,0,NH3Cy,0,protonEn,1.657052971,FeEn,0,NH3En,0,NH4En,0,ovaEn,0,solubleMarker,0,TfaEn,9.23E-09,bead2,0,mvb,0,bead3,0,bead4,0,TfEn,0,pepEn,0,bead1,0
endosome975R,initOrgProp,area,9697.814834,volume,73952.37856,xcoor,47.38770796,ycoor,45.26673361,pH,7.329734708,,,,,,,,,,,,,,,,,,,,,,
endosome975R,initRabContent,RabC,775.8251867,RabB,8921.989647,,,,,,,,,,,,,,,,,,,,,,,,,,,,
endosome975R,initMembraneContent,EEA1,0.003531004,exCxEn,2.16E-10,R-TfaEn,4.61E-40,oMHCIEn,1.68E-05,membraneMarker,0,M6PR,0.00752628,cMHCIEn,0.003597851,R-TfEn,2.61E-40,pepMHCIEn,0,REn,7.99E-05,imCxEn,2.16E-10,,,,,,,,,,
endosome975R,initSolubleContent,povaEn,0,NH3Cy,0,protonEn,2.461126236,FeEn,0,NH3En,0,NH4En,0,ovaEn,0,TfaEn,8.12E-08,solubleMarker,0,mvb,0,bead2,0,bead3,0,bead4,0,TfEn,0,pepEn,0,bead1,0
endosome976r,initOrgProp,area,9697.814834,volume,73952.37856,xcoor,49.29555657,ycoor,44.59260144,pH,7.329734708,,,,,,,,,,,,,,,,,,,,,,
endosome976r,initRabContent,RabC,1489.584359,RabB,8208.230476,,,,,,,,,,,,,,,,,,,,,,,,,,,,
endosome976r,initMembraneContent,EEA1,0.003531004,exCxEn,2.16E-10,R-TfaEn,4.61E-40,oMHCIEn,1.68E-05,membraneMarker,0,M6PR,0.00752628,cMHCIEn,0.003597851,R-TfEn,2.61E-40,pepMHCIEn,0,REn,7.99E-05,imCxEn,2.16E-10,,,,,,,,,,
endosome976r,initSolubleContent,povaEn,0,NH3Cy,0,protonEn,2.461126236,FeEn,0,NH3En,0,NH4En,0,ovaEn,0,TfaEn,8.12E-08,solubleMarker,0,mvb,0,bead2,0,bead3,0,bead4,0,TfEn,0,pepEn,0,bead1,0
endosome977a,initOrgProp,area,12566.37061,volume,100530.9649,xcoor,2.511209581,ycoor,14.43855336,pH,7.3376231,,,,,,,,,,,,,,,,,,,,,,
endosome977a,initRabContent,RabA,6104.742844,RabB,6154.003017,RabC,307.6247526,,,,,,,,,,,,,,,,,,,,,,,,,,
endosome977a,initMembraneContent,EEA1,1.235267138,exCxEn,1.90E-14,R-TfaEn,1.63E-39,oMHCIEn,0.010922753,membraneMarker,0,M6PR,2.879083427,cMHCIEn,0.011916941,R-TfEn,9.24E-40,pepMHCIEn,0,REn,2.83E-04,imCxEn,1.90E-14,,,,,,,,,,
endosome977a,initSolubleContent,povaEn,0,NH3Cy,0,protonEn,3.62036995,FeEn,0,NH3En,0,NH4En,0,ovaEn,0,TfaEn,3.41E-07,solubleMarker,0,mvb,0,bead2,0,bead3,0,bead4,0,TfEn,0,pepEn,0,bead1,0
endosome978n,initOrgProp,area,10957.3089,volume,84440.34775,xcoor,1.159409088,ycoor,9.534106407,pH,7.28699123,,,,,,,,,,,,,,,,,,,,,,
endosome978n,initRabContent,RabB,10957.3089,,,,,,,,,,,,,,,,,,,,,,,,,,,,,,
endosome978n,initMembraneContent,,,,,,,,,,,,,,,,,,,,,,,,,,,,,,,,
endosome978n,initSolubleContent,protonEn,3.360725841,,,,,,,,,,,,,,,,,,,,,,,,,,,,,,
endosome979E,initOrgProp,area,10957.3089,volume,84440.34775,xcoor,0.632448831,ycoor,9.122662043,pH,7.28699123,,,,,,,,,,,,,,,,,,,,,,
endosome979E,initRabContent,RabC,1683.042647,RabB,9274.266251,,,,,,,,,,,,,,,,,,,,,,,,,,,,
endosome979E,initMembraneContent,,,,,,,,,,,,,,,,,,,,,,,,,,,,,,,,
endosome979E,initSolubleContent,protonEn,3.360725841,,,,,,,,,,,,,,,,,,,,,,,,,,,,,,
endosome980x,initOrgProp,area,32471.41809,volume,448913.7609,xcoor,39.13004947,ycoor,34.5634208,pH,7.376465417,,,,,,,,,,,,,,,,,,,,,,
endosome980x,initRabContent,RabA,32471.41809,,,,,,,,,,,,,,,,,,,,,,,,,,,,,,
endosome980x,initMembraneContent,EEA1,9.74582872,exCxEn,0,R-TfaEn,9.58E-39,oMHCIEn,0.017793727,membraneMarker,0,M6PR,11.16877283,cMHCIEn,0.073238705,R-TfEn,5.40E-39,pepMHCIEn,0,REn,0.00165648,imCxEn,0,,,,,,,,,,
endosome980x,initSolubleContent,povaEn,0,NH3Cy,0,protonEn,17.86676768,FeEn,0,NH3En,0,NH4En,0,ovaEn,0,TfaEn,1.69E-06,solubleMarker,0,mvb,0.018048286,bead2,0,bead3,0,bead4,0,TfEn,0,pepEn,0,bead1,0
endosome981q,initOrgProp,area,54721.9284,volume,1117515.069,xcoor,23.42305132,ycoor,15.79305009,pH,7.390460628,,,,,,,,,,,,,,,,,,,,,,
endosome981q,initRabContent,RabA,54721.9284,,,,,,,,,,,,,,,,,,,,,,,,,,,,,,
endosome981q,initMembraneContent,EEA1,14.45720356,exCxEn,0,R-TfaEn,1.61E-38,oMHCIEn,0.029996465,membraneMarker,0,M6PR,18.82668894,cMHCIEn,0.123523874,R-TfEn,9.10E-39,pepMHCIEn,0,REn,0.002791031,imCxEn,0,,,,,,,,,,
endosome981q,initSolubleContent,povaEn,0,NH3Cy,0,protonEn,44.47709973,FeEn,0,NH3En,0,NH4En,0,ovaEn,0,TfaEn,4.21E-06,solubleMarker,0,mvb,0.046948981,bead2,0,bead3,0,bead4,0,TfEn,0,pepEn,0,bead1,0
endosome982h,initOrgProp,area,21264.20232,volume,250366.414,xcoor,5.154299054,ycoor,10.48718583,pH,7.355873886,,,,,,,,,,,,,,,,,,,,,,
endosome982h,initRabContent,RabA,9712.90449,RabB,9138.835329,RabC,1658.46539,RabD,753.9971065,,,,,,,,,,,,,,,,,,,,,,,,
endosome982h,initMembraneContent,EEA1,2.482161889,exCxEn,0,R-TfaEn,5.04E-39,oMHCIEn,0.009406635,membraneMarker,0,M6PR,3.350109978,cMHCIEn,0.038912695,R-TfEn,2.84E-39,pepMHCIEn,0,REn,8.71E-04,imCxEn,0,,,,,,,,,,
endosome982h,initSolubleContent,povaEn,0,NH3Cy,0,protonEn,10.03321758,FeEn,0,NH3En,0,NH4En,0,ovaEn,0,TfaEn,6.66E-07,solubleMarker,0,mvb,0.008535708,bead2,0,bead3,0,bead4,0,TfEn,0,pepEn,0,bead1,0
endosome983r,initOrgProp,area,55148.32086,volume,1153593.562,xcoor,41.58722877,ycoor,17.93962792,pH,7.390759397,,,,,,,,,,,,,,,,,,,,,,
endosome983r,initRabContent,RabA,55148.32086,,,,,,,,,,,,,,,,,,,,,,,,,,,,,,
endosome983r,initMembraneContent,EEA1,11.40877616,exCxEn,0,R-TfaEn,1.59E-38,oMHCIEn,0.030201624,membraneMarker,0,M6PR,17.55886859,cMHCIEn,0.124723972,R-TfEn,8.95E-39,pepMHCIEn,0,REn,0.002744992,imCxEn,0,,,,,,,,,,
endosome983r,initSolubleContent,povaEn,0,NH3Cy,0,protonEn,45.91302376,FeEn,0,NH3En,0,NH4En,0,ovaEn,0,TfaEn,4.34E-06,solubleMarker,0,mvb,0.052434559,bead2,0,bead3,0,bead4,0,TfEn,0,pepEn,0,bead1,0
endosome984l,initOrgProp,area,38742.64309,volume,683664.6946,xcoor,2.964719988,ycoor,17.93412461,pH,7.383562536,,,,,,,,,,,,,,,,,,,,,,
endosome984l,initRabContent,RabA,38742.64309,,,,,,,,,,,,,,,,,,,,,,,,,,,,,,
endosome984l,initMembraneContent,EEA1,8.561679831,exCxEn,0,R-TfaEn,1.12E-38,oMHCIEn,0.021219795,membraneMarker,0,M6PR,12.58994749,cMHCIEn,0.0875483,R-TfEn,6.33E-39,pepMHCIEn,0,REn,0.001941572,imCxEn,0,,,,,,,,,,
endosome984l,initSolubleContent,povaEn,0,NH3Cy,0,protonEn,27.26705844,FeEn,0,NH3En,0,NH4En,0,ovaEn,0,TfaEn,2.58E-06,solubleMarker,0,mvb,0.027540602,bead2,0,bead3,0,bead4,0,TfEn,0,pepEn,0,bead1,0
endosome985h,initOrgProp,area,36118.07986,volume,619944.6705,xcoor,9.833752048,ycoor,15.98842331,pH,7.410346377,,,,,,,,,,,,,,,,,,,,,,
endosome985h,initRabContent,RabD,3611.823295,RabA,32506.25657,,,,,,,,,,,,,,,,,,,,,,,,,,,,
endosome985h,initMembraneContent,EEA1,6.829688146,exCxEn,0,R-TfaEn,9.53E-39,oMHCIEn,0.018066143,membraneMarker,0,M6PR,10.59025732,cMHCIEn,0.074575066,R-TfEn,5.37E-39,pepMHCIEn,0,REn,0.001646901,imCxEn,0,,,,,,,,,,
endosome985h,initSolubleContent,povaEn,0,NH3Cy,0,protonEn,23.09941794,FeEn,0,NH3En,0,NH4En,0,ovaEn,0,TfaEn,2.18E-06,solubleMarker,0,mvb,0.025518285,bead2,0,bead3,0,bead4,0,TfEn,0,pepEn,0,bead1,0
endosome986A,initOrgProp,area,25162.0659,volume,320117.0072,xcoor,22.9208935,ycoor,6.902427309,pH,7.367301253,,,,,,,,,,,,,,,,,,,,,,
endosome986A,initRabContent,RabA,17613.44613,RabB,7548.61977,,,,,,,,,,,,,,,,,,,,,,,,,,,,
endosome986A,initMembraneContent,EEA1,4.901256684,exCxEn,0,R-TfaEn,7.24E-39,oMHCIEn,0.013775074,membraneMarker,0,M6PR,7.984500252,cMHCIEn,0.056889076,R-TfEn,4.08E-39,pepMHCIEn,0,REn,0.001251394,imCxEn,0,,,,,,,,,,
endosome986A,initSolubleContent,povaEn,0,NH3Cy,0,protonEn,12.74065689,FeEn,0,NH3En,0,NH4En,0,ovaEn,0,TfaEn,1.20E-06,solubleMarker,0,mvb,0.012867763,bead2,0,bead3,0,bead4,0,TfEn,0,pepEn,0,bead1,0
endosome987y,initOrgProp,area,47388.66941,volume,823235.5349,xcoor,11.16020205,ycoor,3.160075481,pH,7.387060258,,,,,,,,,,,,,,,,,,,,,,
endosome987y,initRabContent,RabA,47388.66941,,,,,,,,,,,,,,,,,,,,,,,,,,,,,,
endosome987y,initMembraneContent,EEA1,8.854978966,exCxEn,0,R-TfaEn,1.36E-38,oMHCIEn,0.025950472,membraneMarker,0,M6PR,14.92448808,cMHCIEn,0.107207281,R-TfEn,7.67E-39,pepMHCIEn,0,REn,0.002351795,imCxEn,0,,,,,,,,,,
endosome987y,initSolubleContent,povaEn,0,NH3Cy,0,protonEn,32.76477429,FeEn,0,NH3En,0,NH4En,0,ovaEn,0,TfaEn,3.10E-06,solubleMarker,0,mvb,0.033091209,bead2,0,bead3,0,bead4,0,TfEn,0,pepEn,0,bead1,0
endosome988l,initOrgProp,area,56704.03744,volume,1090779.064,xcoor,44.894219,ycoor,45.69753831,pH,7.394542343,,,,,,,,,,,,,,,,,,,,,,
endosome988l,initRabContent,RabA,49659.3952,RabB,2005.916925,RabC,5038.72531,,,,,,,,,,,,,,,,,,,,,,,,,,
endosome988l,initMembraneContent,EEA1,8.558513488,exCxEn,0,R-TfaEn,2.68E-39,oMHCIEn,0.027035749,membraneMarker,0,M6PR,16.95513966,cMHCIEn,0.019288463,R-TfEn,1.51E-39,pepMHCIEn,0,REn,4.64E-04,imCxEn,0,,,,,,,,,,
endosome988l,initSolubleContent,povaEn,0,NH3Cy,0,protonEn,42.97384594,FeEn,0,NH3En,0,NH4En,0,ovaEn,0,TfaEn,3.32E-06,solubleMarker,0,mvb,1.040505648,bead2,0,bead3,0,bead4,0,TfEn,0,pepEn,0,bead1,0
endosome989z,initOrgProp,area,44658.45794,volume,770079.1716,xcoor,26.01437478,ycoor,48.86251133,pH,7.386173312,,,,,,,,,,,,,,,,,,,,,,
endosome989z,initRabContent,RabA,37118.63557,RabB,5267.983411,RabC,2271.838958,,,,,,,,,,,,,,,,,,,,,,,,,,
endosome989z,initMembraneContent,EEA1,5.826981019,exCxEn,0,R-TfaEn,9.65E-39,oMHCIEn,0.024231287,membraneMarker,0,M6PR,11.3188133,cMHCIEn,0.076111314,R-TfEn,5.44E-39,pepMHCIEn,0,REn,0.001669012,imCxEn,0,,,,,,,,,,
endosome989z,initSolubleContent,povaEn,0,NH3Cy,0,protonEn,30.64915103,FeEn,0,NH3En,0,NH4En,0,ovaEn,0,TfaEn,2.69E-06,solubleMarker,0,mvb,0.030952146,bead2,0,bead3,0,bead4,0,TfEn,0,pepEn,0,bead1,0
endosome990T,initOrgProp,area,54031.2909,volume,1025079.075,xcoor,31.16867537,ycoor,31.11415629,pH,7.389600337,,,,,,,,,,,,,,,,,,,,,,
endosome990T,initRabContent,RabA,54031.2909,,,,,,,,,,,,,,,,,,,,,,,,,,,,,,
endosome990T,initMembraneContent,EEA1,7.862774804,exCxEn,0,R-TfaEn,1.53E-38,oMHCIEn,0.02957694,membraneMarker,0,M6PR,16.24671171,cMHCIEn,0.122426115,R-TfEn,8.62E-39,pepMHCIEn,0,REn,0.002642943,imCxEn,0,,,,,,,,,,
endosome990T,initSolubleContent,povaEn,0,NH3Cy,0,protonEn,40.79814719,FeEn,0,NH3En,0,NH4En,0,ovaEn,0,TfaEn,3.86E-06,solubleMarker,0,mvb,0.041200153,bead2,0,bead3,0,bead4,0,TfEn,0,pepEn,0,bead1,0
endosome991q,initOrgProp,area,14989.17996,volume,164513.5315,xcoor,20.28758956,ycoor,7.009397963,pH,7.331449497,,,,,,,,,,,,,,,,,,,,,,
endosome991q,initRabContent,RabA,14989.17996,,,,,,,,,,,,,,,,,,,,,,,,,,,,,,
endosome991q,initMembraneContent,EEA1,1.986943297,exCxEn,0,R-TfaEn,4.22E-39,oMHCIEn,0.008198373,membraneMarker,0,M6PR,4.427697435,cMHCIEn,0.033959324,R-TfEn,2.38E-39,pepMHCIEn,0,REn,7.29E-04,imCxEn,0,,,,,,,,,,
endosome991q,initSolubleContent,povaEn,0,NH3Cy,0,protonEn,6.669236452,FeEn,0,NH3En,0,NH4En,0,ovaEn,0,TfaEn,6.31E-07,solubleMarker,0,mvb,0.006734664,bead2,0,bead3,0,bead4,0,TfEn,0,pepEn,0,bead1,0
endosome992H,initOrgProp,area,30935.96196,volume,487820.1298,xcoor,13.03172942,ycoor,28.19982873,pH,7.370205714,,,,,,,,,,,,,,,,,,,,,,
endosome992H,initRabContent,RabA,30935.96196,,,,,,,,,,,,,,,,,,,,,,,,,,,,,,
endosome992H,initMembraneContent,EEA1,4.001241359,exCxEn,0,R-TfaEn,8.69E-39,oMHCIEn,0.016924134,membraneMarker,0,M6PR,9.097622622,cMHCIEn,0.070117097,R-TfEn,4.90E-39,pepMHCIEn,0,REn,0.001502305,imCxEn,0,,,,,,,,,,
endosome992H,initSolubleContent,povaEn,0,NH3Cy,0,protonEn,19.79955306,FeEn,0,NH3En,0,NH4En,0,ovaEn,0,TfaEn,1.87E-06,solubleMarker,0,mvb,0.019993655,bead2,0,bead3,0,bead4,0,TfEn,0,pepEn,0,bead1,0
endosome993E,initOrgProp,area,12822.69476,volume,130168.9474,xcoor,35.50713037,ycoor,41.29999555,pH,7.317307265,,,,,,,,,,,,,,,,,,,,,,
endosome993E,initRabContent,RabA,12822.69476,,,,,,,,,,,,,,,,,,,,,,,,,,,,,,
endosome993E,initMembraneContent,EEA1,1.573941573,exCxEn,0,R-TfaEn,3.59E-39,oMHCIEn,0.00701209,membraneMarker,0,M6PR,3.73308438,cMHCIEn,0.02906316,R-TfEn,2.02E-39,pepMHCIEn,0,REn,6.21E-04,imCxEn,0,,,,,,,,,,
endosome993E,initSolubleContent,povaEn,0,NH3Cy,0,protonEn,5.269026815,FeEn,0,NH3En,0,NH4En,0,ovaEn,0,TfaEn,4.98E-07,solubleMarker,0,mvb,0.005320571,bead2,0,bead3,0,bead4,0,TfEn,0,pepEn,0,bead1,0
endosome994Y,initOrgProp,area,30441.80287,volume,464210.9186,xcoor,39.52130769,ycoor,5.52968193,pH,7.377224626,,,,,,,,,,,,,,,,,,,,,,
endosome994Y,initRabContent,RabA,30441.80287,,,,,,,,,,,,,,,,,,,,,,,,,,,,,,
endosome994Y,initMembraneContent,EEA1,4.844851646,exCxEn,0,R-TfaEn,8.63E-39,oMHCIEn,0.016657275,membraneMarker,0,M6PR,9.217602199,cMHCIEn,0.068932941,R-TfEn,4.86E-39,pepMHCIEn,0,REn,0.001491216,imCxEn,0,,,,,,,,,,
endosome994Y,initSolubleContent,povaEn,0,NH3Cy,0,protonEn,18.47559456,FeEn,0,NH3En,0,NH4En,0,ovaEn,0,TfaEn,1.75E-06,solubleMarker,0,mvb,0.022698251,bead2,0,bead3,0,bead4,0,TfEn,0,pepEn,0,bead1,0
endosome995S,initOrgProp,area,24370.2863,volume,333036.6354,xcoor,17.6403107,ycoor,4.554253183,pH,7.368529112,,,,,,,,,,,,,,,,,,,,,,
endosome995S,initRabContent,RabA,24370.2863,,,,,,,,,,,,,,,,,,,,,,,,,,,,,,
endosome995S,initMembraneContent,EEA1,2.776953376,exCxEn,0,R-TfaEn,6.80E-39,oMHCIEn,0.013327472,membraneMarker,0,M6PR,6.99724053,cMHCIEn,0.055271227,R-TfEn,3.83E-39,pepMHCIEn,0,REn,0.00117449,imCxEn,0,,,,,,,,,,
endosome995S,initSolubleContent,povaEn,0,NH3Cy,0,protonEn,13.25485809,FeEn,0,NH3En,0,NH4En,0,ovaEn,0,TfaEn,1.25E-06,solubleMarker,0,mvb,0.013384215,bead2,0,bead3,0,bead4,0,TfEn,0,pepEn,0,bead1,0
endosome996j,initOrgProp,area,19714.92788,volume,220452.1559,xcoor,9.781713317,ycoor,30.19340581,pH,7.383962176,,,,,,,,,,,,,,,,,,,,,,
endosome996j,initRabContent,RabA,19714.92788,,,,,,,,,,,,,,,,,,,,,,,,,,,,,,
endosome996j,initMembraneContent,EEA1,3.149742601,exCxEn,2.51E-08,R-TfaEn,4.56E-39,oMHCIEn,0.008913567,membraneMarker,0,M6PR,5.304867299,cMHCIEn,0.036434967,R-TfEn,2.57E-39,pepMHCIEn,0,REn,7.88E-04,imCxEn,2.51E-08,,,,,,,,,,
endosome996j,initSolubleContent,povaEn,0,NH3Cy,0,protonEn,8.106514308,FeEn,0,NH3En,0,NH4En,0,ovaEn,0,TfaEn,7.55E-07,solubleMarker,0,mvb,0.008859408,bead2,0,bead3,0,bead4,0,TfEn,0,pepEn,0,bead1,0
endosome997n,initOrgProp,area,20293.73299,volume,242258.361,xcoor,38.31601033,ycoor,41.96434254,pH,7.371181788,,,,,,,,,,,,,,,,,,,,,,
endosome997n,initRabContent,RabA,17843.29072,RabB,2450.44227,,,,,,,,,,,,,,,,,,,,,,,,,,,,
endosome997n,initMembraneContent,EEA1,2.634476829,exCxEn,6.35E-12,R-TfaEn,5.43E-39,oMHCIEn,0.007851936,membraneMarker,0,M6PR,5.815906372,cMHCIEn,0.044535705,R-TfEn,3.06E-39,pepMHCIEn,0,REn,9.38E-04,imCxEn,6.35E-12,,,,,,,,,,
endosome997n,initSolubleContent,povaEn,0,NH3Cy,0,protonEn,9.306162524,FeEn,0,NH3En,0,NH4En,0,ovaEn,0,TfaEn,8.46E-07,solubleMarker,0,mvb,0.009230589,bead2,0,bead3,0,bead4,0,TfEn,0,pepEn,0,bead1,0
endosome998b,initOrgProp,area,14313.85863,volume,155369.8442,xcoor,32.6736611,ycoor,19.5697403,pH,7.325317081,,,,,,,,,,,,,,,,,,,,,,
endosome998b,initRabContent,RabA,14313.85863,,,,,,,,,,,,,,,,,,,,,,,,,,,,,,
endosome998b,initMembraneContent,EEA1,1.384495934,exCxEn,0,R-TfaEn,3.95E-39,oMHCIEn,0.007824025,membraneMarker,0,M6PR,3.983724635,cMHCIEn,0.03248976,R-TfEn,2.23E-39,pepMHCIEn,0,REn,6.83E-04,imCxEn,0,,,,,,,,,,
endosome998b,initSolubleContent,povaEn,0,NH3Cy,0,protonEn,6.345978432,FeEn,0,NH3En,0,NH4En,0,ovaEn,0,TfaEn,6.00E-07,solubleMarker,0,mvb,0.006407593,bead2,0,bead3,0,bead4,0,TfEn,0,pepEn,0,bead1,0
endosome999G,initOrgProp,area,14583.49763,volume,149834.924,xcoor,0.690536591,ycoor,2.181484618,pH,7.332789839,,,,,,,,,,,,,,,,,,,,,,
endosome999G,initRabContent,RabA,10208.44834,RabB,4375.04929,,,,,,,,,,,,,,,,,,,,,,,,,,,,
endosome999G,initMembraneContent,EEA1,1.377422588,exCxEn,0,R-TfaEn,4.02E-39,oMHCIEn,0.007971068,membraneMarker,0,M6PR,4.040474751,cMHCIEn,0.033106654,R-TfEn,2.27E-39,pepMHCIEn,0,REn,6.95E-04,imCxEn,0,,,,,,,,,,
endosome999G,initSolubleContent,povaEn,0,NH3Cy,0,protonEn,5.963429975,FeEn,0,NH3En,0,NH4En,0,ovaEn,0,TfaEn,5.64E-07,solubleMarker,0,mvb,0.006021291,bead2,0,bead3,0,bead4,0,TfEn,0,pepEn,0,bead1,0
endosome1000j,initOrgProp,area,36101.91932,volume,542480.9,xcoor,12.88241811,ycoor,11.41828736,pH,7.382038493,,,,,,,,,,,,,,,,,,,,,,
endosome1000j,initRabContent,RabA,36101.91932,,,,,,,,,,,,,,,,,,,,,,,,,,,,,,
endosome1000j,initMembraneContent,EEA1,3.367889832,exCxEn,3.93E-09,R-TfaEn,8.24E-39,oMHCIEn,0.018835412,membraneMarker,0,M6PR,10.12302978,cMHCIEn,0.067962066,R-TfEn,4.64E-39,pepMHCIEn,0,REn,0.001424124,imCxEn,3.93E-09,,,,,,,,,,
endosome1000j,initSolubleContent,povaEn,0,NH3Cy,0,protonEn,21.50846917,FeEn,0,NH3En,0,NH4En,0,ovaEn,0,TfaEn,2.03E-06,solubleMarker,0,mvb,0.021800089,bead2,0,bead3,0,bead4,0,TfEn,0,pepEn,0,bead1,0
endosome1001G,initOrgProp,area,26352.72093,volume,366496.1199,xcoor,38.34698259,ycoor,2.112160361,pH,7.370890501,,,,,,,,,,,,,,,,,,,,,,
endosome1001G,initRabContent,RabA,18812.89856,RabB,7539.822369,,,,,,,,,,,,,,,,,,,,,,,,,,,,
endosome1001G,initMembraneContent,EEA1,1.755296543,exCxEn,0,R-TfaEn,1.05E-38,oMHCIEn,0.008859436,membraneMarker,0,M6PR,5.175281391,cMHCIEn,0.087325939,R-TfEn,5.92E-39,pepMHCIEn,0,REn,0.001816602,imCxEn,0,,,,,,,,,,
endosome1001G,initSolubleContent,povaEn,0,NH3Cy,0,protonEn,14.60194995,FeEn,0,NH3En,0,NH4En,0,ovaEn,0,TfaEn,1.30E-06,solubleMarker,0,mvb,0.014727648,bead2,0,bead3,0,bead4,0,TfEn,0,pepEn,0,bead1,0
endosome1002w,initOrgProp,area,33474.42509,volume,459652.0732,xcoor,13.33356403,ycoor,30.44476333,pH,7.377003516,,,,,,,,,,,,,,,,,,,,,,
endosome1002w,initRabContent,RabA,33474.42509,,,,,,,,,,,,,,,,,,,,,,,,,,,,,,
endosome1002w,initMembraneContent,EEA1,9.77874472,exCxEn,0,R-TfaEn,9.99E-39,oMHCIEn,0.018336567,membraneMarker,0,M6PR,12.38976538,cMHCIEn,0.075510697,R-TfEn,5.63E-39,pepMHCIEn,0,REn,0.001727068,imCxEn,0,,,,,,,,,,
endosome1002w,initSolubleContent,povaEn,0,NH3Cy,0,protonEn,18.29415252,FeEn,0,NH3En,0,NH4En,0,ovaEn,0,TfaEn,1.73E-06,solubleMarker,0,mvb,0.022503077,bead2,0,bead3,0,bead4,0,TfEn,0,pepEn,0,bead1,0
endosome1003i,initOrgProp,area,13953.1982,volume,137648.4264,xcoor,19.80108439,ycoor,30.95021154,pH,7.327302997,,,,,,,,,,,,,,,,,,,,,,
endosome1003i,initRabContent,RabA,13953.1982,,,,,,,,,,,,,,,,,,,,,,,,,,,,,,
endosome1003i,initMembraneContent,EEA1,1.109415749,exCxEn,0,R-TfaEn,3.81E-39,oMHCIEn,0.007623884,membraneMarker,0,M6PR,3.742465979,cMHCIEn,0.031707742,R-TfEn,2.15E-39,pepMHCIEn,0,REn,6.58E-04,imCxEn,0,,,,,,,,,,
endosome1003i,initSolubleContent,povaEn,0,NH3Cy,0,protonEn,5.478407373,FeEn,0,NH3En,0,NH4En,0,ovaEn,0,TfaEn,5.18E-07,solubleMarker,0,mvb,0.00553124,bead2,0,bead3,0,bead4,0,TfEn,0,pepEn,0,bead1,0
endosome1004C,initOrgProp,area,39869.32905,volume,678317.3049,xcoor,28.19301229,ycoor,11.87942695,pH,7.384320954,,,,,,,,,,,,,,,,,,,,,,
endosome1004C,initRabContent,RabA,39869.32905,,,,,,,,,,,,,,,,,,,,,,,,,,,,,,
endosome1004C,initMembraneContent,EEA1,3.098553128,exCxEn,0,R-TfaEn,1.09E-38,oMHCIEn,0.021792569,membraneMarker,0,M6PR,10.65104472,cMHCIEn,0.090652133,R-TfEn,6.12E-39,pepMHCIEn,0,REn,0.001878626,imCxEn,0,,,,,,,,,,
endosome1004C,initSolubleContent,povaEn,0,NH3Cy,0,protonEn,26.99702874,FeEn,0,NH3En,0,NH4En,0,ovaEn,0,TfaEn,2.55E-06,solubleMarker,0,mvb,0.027257227,bead2,0,bead3,0,bead4,0,TfEn,0,pepEn,0,bead1,0
endosome1005T,initOrgProp,area,17408.42238,volume,192505.6388,xcoor,0.905937275,ycoor,15.99518409,pH,7.346839093,,,,,,,,,,,,,,,,,,,,,,
endosome1005T,initRabContent,RabA,17408.42238,,,,,,,,,,,,,,,,,,,,,,,,,,,,,,
endosome1005T,initMembraneContent,EEA1,1.263613512,exCxEn,0,R-TfaEn,4.73E-39,oMHCIEn,0.009510624,membraneMarker,0,M6PR,4.590304477,cMHCIEn,0.039583033,R-TfEn,2.66E-39,pepMHCIEn,0,REn,8.17E-04,imCxEn,0,,,,,,,,,,
endosome1005T,initSolubleContent,povaEn,0,NH3Cy,0,protonEn,7.661724426,FeEn,0,NH3En,0,NH4En,0,ovaEn,0,TfaEn,7.24E-07,solubleMarker,0,mvb,0.00773535,bead2,0,bead3,0,bead4,0,TfEn,0,pepEn,0,bead1,0
endosome1006v,initOrgProp,area,30555.11101,volume,486287.5245,xcoor,29.13087711,ycoor,29.6587626,pH,7.368114149,,,,,,,,,,,,,,,,,,,,,,
endosome1006v,initRabContent,RabA,30555.11101,,,,,,,,,,,,,,,,,,,,,,,,,,,,,,
endosome1006v,initMembraneContent,EEA1,2.155028364,exCxEn,0,R-TfaEn,8.28E-39,oMHCIEn,0.016697744,membraneMarker,0,M6PR,8.015282603,cMHCIEn,0.069511792,R-TfEn,4.67E-39,pepMHCIEn,0,REn,0.001431479,imCxEn,0,,,,,,,,,,
endosome1006v,initSolubleContent,povaEn,0,NH3Cy,0,protonEn,19.83430316,FeEn,0,NH3En,0,NH4En,0,ovaEn,0,TfaEn,1.88E-06,solubleMarker,0,mvb,0.022044514,bead2,0,bead3,0,bead4,0,TfEn,0,pepEn,0,bead1,0
endosome1007D,initOrgProp,area,33909.11255,volume,502480.6505,xcoor,30.93223943,ycoor,17.96239564,pH,7.378926315,,,,,,,,,,,,,,,,,,,,,,
endosome1007D,initRabContent,RabA,33909.11255,,,,,,,,,,,,,,,,,,,,,,,,,,,,,,
endosome1007D,initMembraneContent,EEA1,2.241211803,exCxEn,0,R-TfaEn,9.16E-39,oMHCIEn,0.018526994,membraneMarker,0,M6PR,8.787273244,cMHCIEn,0.077166013,R-TfEn,5.16E-39,pepMHCIEn,0,REn,0.001582453,imCxEn,0,,,,,,,,,,
endosome1007D,initSolubleContent,povaEn,0,NH3Cy,0,protonEn,19.99872989,FeEn,0,NH3En,0,NH4En,0,ovaEn,0,TfaEn,1.89E-06,solubleMarker,0,mvb,0.020190284,bead2,0,bead3,0,bead4,0,TfEn,0,pepEn,0,bead1,0
endosome1008u,initOrgProp,area,25509.30351,volume,314029.4562,xcoor,39.06156694,ycoor,19.83628734,pH,7.366688983,,,,,,,,,,,,,,,,,,,,,,
endosome1008u,initRabContent,RabA,25509.30351,,,,,,,,,,,,,,,,,,,,,,,,,,,,,,
endosome1008u,initMembraneContent,EEA1,1.591496255,exCxEn,0,R-TfaEn,6.86E-39,oMHCIEn,0.013934047,membraneMarker,0,M6PR,6.538649634,cMHCIEn,0.058062357,R-TfEn,3.87E-39,pepMHCIEn,0,REn,0.001186254,imCxEn,0,,,,,,,,,,
endosome1008u,initSolubleContent,povaEn,0,NH3Cy,0,protonEn,12.49837235,FeEn,0,NH3En,0,NH4En,0,ovaEn,0,TfaEn,1.18E-06,solubleMarker,0,mvb,0.012617821,bead2,0,bead3,0,bead4,0,TfEn,0,pepEn,0,bead1,0
endosome1009I,initOrgProp,area,15594.21077,volume,173475.0263,xcoor,3.377071209,ycoor,2.317491122,pH,7.341373215,,,,,,,,,,,,,,,,,,,,,,
endosome1009I,initRabContent,RabI,15594.21077,,,,,,,,,,,,,,,,,,,,,,,,,,,,,,
endosome1009I,initMembraneContent,EEA1,0,exCxEn,2.23E-06,R-TfaEn,5.41E-46,oMHCIEn,7.03E-11,membraneMarker,0,M6PR,0.005521152,cMHCIEn,8.54E-09,R-TfEn,8.41E-47,pepMHCIEn,0,REn,1.30E-10,imCxEn,2.23E-06,,,,,,,,,,
endosome1009I,initSolubleContent,povaEn,0,NH3Cy,0,protonEn,6.904306048,FeEn,0,NH3En,0,NH4En,0,ovaEn,0,TfaEn,3.55E-09,solubleMarker,0,mvb,0,bead2,0,bead3,0,bead4,0,TfEn,0,pepEn,0,bead1,0
endosome1010c,initOrgProp,area,7539.822369,volume,50265.48246,xcoor,25.46223352,ycoor,31.8537691,pH,7.224066642,,,,,,,,,,,,,,,,,,,,,,
endosome1010c,initRabContent,RabA,7539.822369,,,,,,,,,,,,,,,,,,,,,,,,,,,,,,
endosome1010c,initMembraneContent,EEA1,0.531777844,exCxEn,0,R-TfaEn,2.04E-39,oMHCIEn,0.004120359,membraneMarker,0,M6PR,1.977862461,cMHCIEn,0.017152828,R-TfEn,1.15E-39,pepMHCIEn,0,REn,3.53E-04,imCxEn,0,,,,,,,,,,
endosome1010c,initSolubleContent,povaEn,0,NH3Cy,0,protonEn,2.000566202,FeEn,0,NH3En,0,NH4En,0,ovaEn,0,TfaEn,1.89E-07,solubleMarker,0,mvb,0,bead2,0,bead3,0,bead4,0,TfEn,0,pepEn,0,bead1,0
endosome1011w,initOrgProp,area,9299.114255,volume,77492.61879,xcoor,0.57461905,ycoor,15.52318261,pH,7.298674383,,,,,,,,,,,,,,,,,,,,,,
endosome1011w,initRabContent,RabA,4951.136206,RabB,0,RabC,1005.309649,RabD,3342.668399,,,,,,,,,,,,,,,,,,,,,,,,
endosome1011w,initMembraneContent,EEA1,0.311223216,exCxEn,1.09E-11,R-TfaEn,2.92E-40,oMHCIEn,0.00679754,membraneMarker,0,M6PR,2.3033226,cMHCIEn,0.002304772,R-TfEn,1.65E-40,pepMHCIEn,0,REn,5.05E-05,imCxEn,1.09E-11,,,,,,,,,,
endosome1011w,initSolubleContent,povaEn,0,NH3Cy,0,protonEn,2.895704027,FeEn,0,NH3En,0,NH4En,0,ovaEn,0,TfaEn,1.57E-07,solubleMarker,0,mvb,0,bead2,0,bead3,0,bead4,0,TfEn,0,pepEn,0,bead1,0
endosome1012z,initOrgProp,area,7539.822369,volume,50265.48246,xcoor,25.05775535,ycoor,24.07668765,pH,7.256640624,,,,,,,,,,,,,,,,,,,,,,
endosome1012z,initRabContent,RabF,7539.822369,,,,,,,,,,,,,,,,,,,,,,,,,,,,,,
endosome1012z,initMembraneContent,EEA1,9.96E-04,exCxEn,1.60E-07,R-TfaEn,8.57E-43,oMHCIEn,3.08E-06,membraneMarker,0,M6PR,0.06839924,cMHCIEn,4.46E-06,R-TfEn,4.10E-43,pepMHCIEn,0,REn,1.35E-07,imCxEn,1.60E-07,,,,,,,,,,
endosome1012z,initSolubleContent,povaEn,0,NH3Cy,0,protonEn,1.783743599,FeEn,0,NH3En,0,NH4En,0,ovaEn,0,TfaEn,3.22E-09,solubleMarker,0,mvb,0,bead2,0,bead3,0,bead4,0,TfEn,0,pepEn,0,bead1,0
endosome1013d,initOrgProp,area,12610.61645,volume,112029.6217,xcoor,24.56451941,ycoor,23.94147046,pH,7.590671438,,,,,,,,,,,,,,,,,,,,,,
endosome1013d,initRabContent,RabC,12610.61645,,,,,,,,,,,,,,,,,,,,,,,,,,,,,,
endosome1013d,initMembraneContent,EEA1,0.00243629,exCxEn,1.20E-05,R-TfaEn,2.60E-39,oMHCIEn,0.011129885,membraneMarker,0,M6PR,0.016242193,cMHCIEn,0.015801075,R-TfEn,1.39E-39,pepMHCIEn,0,REn,4.36E-04,imCxEn,1.20E-05,,,,,,,,,,
endosome1013d,initSolubleContent,povaEn,0,NH3Cy,0,protonEn,1.87515612,FeEn,0,NH3En,0,NH4En,0,ovaEn,0,TfaEn,5.91E-08,solubleMarker,0,mvb,0,bead2,0,bead3,0,bead4,0,TfEn,0,pepEn,0,bead1,0
endosome1014t,initOrgProp,area,11890.79972,volume,93775.25601,xcoor,49.46101233,ycoor,42.43599837,pH,7.297020102,,,,,,,,,,,,,,,,,,,,,,
endosome1014t,initRabContent,RabC,951.2639779,RabB,10939.53575,,,,,,,,,,,,,,,,,,,,,,,,,,,,
endosome1014t,initMembraneContent,,,,,,,,,,,,,,,,,,,,,,,,,,,,,,,,
endosome1014t,initSolubleContent,protonEn,3.732255189,,,,,,,,,,,,,,,,,,,,,,,,,,,,,,
endosome1015g,initOrgProp,area,12610.61645,volume,112029.6217,xcoor,25.09366038,ycoor,24.56216102,pH,7.590671438,,,,,,,,,,,,,,,,,,,,,,
endosome1015g,initRabContent,RabC,12610.61645,,,,,,,,,,,,,,,,,,,,,,,,,,,,,,
endosome1015g,initMembraneContent,EEA1,0.00243629,exCxEn,1.20E-05,R-TfaEn,2.60E-39,oMHCIEn,0.011129885,membraneMarker,0,M6PR,0.016242193,cMHCIEn,0.015801075,R-TfEn,1.39E-39,pepMHCIEn,0,REn,4.36E-04,imCxEn,1.20E-05,,,,,,,,,,
endosome1015g,initSolubleContent,povaEn,0,NH3Cy,0,protonEn,1.87515612,FeEn,0,NH3En,0,NH4En,0,ovaEn,0,TfaEn,5.91E-08,solubleMarker,0,mvb,0,bead2,0,bead3,0,bead4,0,TfEn,0,pepEn,0,bead1,0
endosome1016L,initOrgProp,area,12610.61645,volume,112029.6217,xcoor,23.9028489,ycoor,23.95515937,pH,7.590671438,,,,,,,,,,,,,,,,,,,,,,
endosome1016L,initRabContent,RabC,12610.61645,,,,,,,,,,,,,,,,,,,,,,,,,,,,,,
endosome1016L,initMembraneContent,EEA1,0.00243629,exCxEn,1.20E-05,R-TfaEn,2.60E-39,oMHCIEn,0.011129885,membraneMarker,0,M6PR,0.016242193,cMHCIEn,0.015801075,R-TfEn,1.39E-39,pepMHCIEn,0,REn,4.36E-04,imCxEn,1.20E-05,,,,,,,,,,
endosome1016L,initSolubleContent,povaEn,0,NH3Cy,0,protonEn,1.87515612,FeEn,0,NH3En,0,NH4En,0,ovaEn,0,TfaEn,5.91E-08,solubleMarker,0,mvb,0,bead2,0,bead3,0,bead4,0,TfEn,0,pepEn,0,bead1,0
endosome1017U,initOrgProp,area,12610.61645,volume,112029.6217,xcoor,24.48780846,ycoor,24.55504731,pH,7.590671438,,,,,,,,,,,,,,,,,,,,,,
endosome1017U,initRabContent,RabC,12610.61645,,,,,,,,,,,,,,,,,,,,,,,,,,,,,,
endosome1017U,initMembraneContent,EEA1,0.00243629,exCxEn,1.20E-05,R-TfaEn,2.60E-39,oMHCIEn,0.011129885,membraneMarker,0,M6PR,0.016242193,cMHCIEn,0.015801075,R-TfEn,1.39E-39,pepMHCIEn,0,REn,4.36E-04,imCxEn,1.20E-05,,,,,,,,,,
endosome1017U,initSolubleContent,povaEn,0,NH3Cy,0,protonEn,1.87515612,FeEn,0,NH3En,0,NH4En,0,ovaEn,0,TfaEn,5.91E-08,solubleMarker,0,mvb,0,bead2,0,bead3,0,bead4,0,TfEn,0,pepEn,0,bead1,0
endosome1018o,initOrgProp,area,12610.61645,volume,112029.6217,xcoor,24.2460155,ycoor,23.73556965,pH,7.590671438,,,,,,,,,,,,,,,,,,,,,,
endosome1018o,initRabContent,RabC,12610.61645,,,,,,,,,,,,,,,,,,,,,,,,,,,,,,
endosome1018o,initMembraneContent,EEA1,0.00243629,exCxEn,1.20E-05,R-TfaEn,2.60E-39,oMHCIEn,0.011129885,membraneMarker,0,M6PR,0.016242193,cMHCIEn,0.015801075,R-TfEn,1.39E-39,pepMHCIEn,0,REn,4.36E-04,imCxEn,1.20E-05,,,,,,,,,,
endosome1018o,initSolubleContent,povaEn,0,NH3Cy,0,protonEn,1.87515612,FeEn,0,NH3En,0,NH4En,0,ovaEn,0,TfaEn,5.91E-08,solubleMarker,0,mvb,0,bead2,0,bead3,0,bead4,0,TfEn,0,pepEn,0,bead1,0
endosome1019l,initOrgProp,area,12610.61645,volume,112029.6217,xcoor,25.64090056,ycoor,25.23715734,pH,7.590671438,,,,,,,,,,,,,,,,,,,,,,
endosome1019l,initRabContent,RabC,12610.61645,,,,,,,,,,,,,,,,,,,,,,,,,,,,,,
endosome1019l,initMembraneContent,EEA1,0.00243629,exCxEn,1.20E-05,R-TfaEn,2.60E-39,oMHCIEn,0.011129885,membraneMarker,0,M6PR,0.016242193,cMHCIEn,0.015801075,R-TfEn,1.39E-39,pepMHCIEn,0,REn,4.36E-04,imCxEn,1.20E-05,,,,,,,,,,
endosome1019l,initSolubleContent,povaEn,0,NH3Cy,0,protonEn,1.87515612,FeEn,0,NH3En,0,NH4En,0,ovaEn,0,TfaEn,5.91E-08,solubleMarker,0,mvb,0,bead2,0,bead3,0,bead4,0,TfEn,0,pepEn,0,bead1,0
endosome1020O,initOrgProp,area,9267.698328,volume,75398.22369,xcoor,21.15525366,ycoor,24.36954664,pH,7.877325517,,,,,,,,,,,,,,,,,,,,,,
endosome1020O,initRabContent,RabD,9267.698328,,,,,,,,,,,,,,,,,,,,,,,,,,,,,,
endosome1020O,initMembraneContent,EEA1,0.001123081,exCxEn,4.80E-11,R-TfaEn,1.27E-45,oMHCIEn,2.73E-08,membraneMarker,0,M6PR,0.003886423,cMHCIEn,6.09E-09,R-TfEn,5.91E-46,pepMHCIEn,0,REn,1.97E-10,imCxEn,4.80E-11,,,,,,,,,,
endosome1020O,initSolubleContent,povaEn,0,NH3Cy,0,protonEn,8.20E-05,FeEn,0,NH3En,0,NH4En,0,ovaEn,0,TfaEn,3.86E-12,solubleMarker,0,mvb,0,bead2,0,bead3,0,bead4,0,TfEn,0,pepEn,0,bead1,0
endosome1021c,initOrgProp,area,8108.113518,volume,63884.40712,xcoor,10.73993161,ycoor,11.59839152,pH,7.256072824,,,,,,,,,,,,,,,,,,,,,,
endosome1021c,initRabContent,RabC,8108.113518,,,,,,,,,,,,,,,,,,,,,,,,,,,,,,
endosome1021c,initMembraneContent,,,,,,,,,,,,,,,,,,,,,,,,,,,,,,,,
endosome1021c,initSolubleContent,protonEn,2.542599403,,,,,,,,,,,,,,,,,,,,,,,,,,,,,,
endosome1022a,initOrgProp,area,7539.822369,volume,50265.48246,xcoor,49.5701196,ycoor,20.3866813,pH,7.224066642,,,,,,,,,,,,,,,,,,,,,,
endosome1022a,initRabContent,RabC,1668.653168,RabB,5871.169201,,,,,,,,,,,,,,,,,,,,,,,,,,,,
endosome1022a,initMembraneContent,,,,,,,,,,,,,,,,,,,,,,,,,,,,,,,,
endosome1022a,initSolubleContent,protonEn,2.000566202,,,,,,,,,,,,,,,,,,,,,,,,,,,,,,
endosome1023b,initOrgProp,area,7539.822369,volume,50265.48246,xcoor,2.499957936,ycoor,3.926258998,pH,7.282954115,,,,,,,,,,,,,,,,,,,,,,
endosome1023b,initRabContent,RabC,1158.116716,RabB,6381.705653,,,,,,,,,,,,,,,,,,,,,,,,,,,,
endosome1023b,initMembraneContent,EEA1,0.001191341,exCxEn,4.48E-19,R-TfaEn,5.46E-40,oMHCIEn,6.77E-07,membraneMarker,0,M6PR,0.005749603,cMHCIEn,0.004262513,R-TfEn,3.09E-40,pepMHCIEn,0,REn,9.46E-05,imCxEn,4.48E-19,,,,,,,,,,
endosome1023b,initSolubleContent,povaEn,0,NH3Cy,0,protonEn,1.620087166,FeEn,0,NH3En,0,NH4En,0,ovaEn,0,TfaEn,4.94E-08,solubleMarker,0,mvb,0,bead2,0,bead3,0,bead4,0,TfEn,0,pepEn,0,bead1,0
endosome1024w,initOrgProp,area,11309.73355,volume,100530.9649,xcoor,25.26324449,ycoor,21.97303258,pH,7.97887726,,,,,,,,,,,,,,,,,,,,,,
endosome1024w,initRabContent,RabC,11309.73355,,,,,,,,,,,,,,,,,,,,,,,,,,,,,,
endosome1024w,initMembraneContent,EEA1,2.57E-04,exCxEn,3.54E-05,R-TfaEn,2.73E-39,oMHCIEn,0.00908922,membraneMarker,0,M6PR,5.01E-04,cMHCIEn,0.013057597,R-TfEn,1.12E-39,pepMHCIEn,0,REn,3.98E-04,imCxEn,3.54E-05,,,,,,,,,,
endosome1024w,initSolubleContent,povaEn,0,NH3Cy,0,protonEn,0.05541337,FeEn,0,NH3En,0,NH4En,0,ovaEn,0,TfaEn,4.39E-09,solubleMarker,0,mvb,0,bead2,0,bead3,0,bead4,0,TfEn,0,pepEn,0,bead1,0
endosome1025p,initOrgProp,area,7539.822369,volume,50265.48246,xcoor,22.86096852,ycoor,22.50852924,pH,7.701215293,,,,,,,,,,,,,,,,,,,,,,
endosome1025p,initRabContent,RabE,7539.822369,,,,,,,,,,,,,,,,,,,,,,,,,,,,,,
endosome1025p,initMembraneContent,EEA1,1.05E-05,exCxEn,1.54E-10,R-TfaEn,1.26E-45,oMHCIEn,1.72E-07,membraneMarker,0,M6PR,0.068053741,cMHCIEn,9.21E-09,R-TfEn,7.02E-46,pepMHCIEn,0,REn,2.16E-10,imCxEn,1.54E-10,,,,,,,,,,
endosome1025p,initSolubleContent,povaEn,0,NH3Cy,0,protonEn,1.26E-04,FeEn,0,NH3En,0,NH4En,0,ovaEn,0,TfaEn,1.04E-11,solubleMarker,0,mvb,0,bead2,0,bead3,0,bead4,0,TfEn,0,pepEn,0,bead1,0
endosome1026W,initOrgProp,area,7539.822369,volume,50265.48246,xcoor,24.59380036,ycoor,11.79979706,pH,7.233804391,,,,,,,,,,,,,,,,,,,,,,
endosome1026W,initRabContent,RabA,7539.822369,,,,,,,,,,,,,,,,,,,,,,,,,,,,,,
endosome1026W,initMembraneContent,EEA1,1.178688912,R-TfaEn,6.90E-45,exCxEn,0,oMHCIEn,2.21E-05,membraneMarker,0,M6PR,1.833635054,pepMHCIEn,0,R-TfEn,3.91E-45,cMHCIEn,5.05E-08,REn,1.20E-09,imCxEn,0,,,,,,,,,,
endosome1026W,initSolubleContent,povaEn,0,NH3Cy,0,protonEn,1.934036179,FeEn,0,NH3En,0,NH4En,0,ovaEn,0,solubleMarker,0,TfaEn,2.78E-08,bead2,0,mvb,0,bead3,0,bead4,0,TfEn,0,pepEn,0,bead1,0
endosome1027R,initOrgProp,area,10288.71594,volume,87964.5943,xcoor,21.4809037,ycoor,24.38797746,pH,7.944269737,,,,,,,,,,,,,,,,,,,,,,
endosome1027R,initRabContent,RabD,10288.71594,,,,,,,,,,,,,,,,,,,,,,,,,,,,,,
endosome1027R,initMembraneContent,EEA1,0.001209831,exCxEn,5.30E-11,R-TfaEn,1.42E-45,oMHCIEn,2.99E-08,membraneMarker,0,M6PR,0.004235728,cMHCIEn,6.80E-09,R-TfEn,6.64E-46,pepMHCIEn,0,REn,2.22E-10,imCxEn,5.30E-11,,,,,,,,,,
endosome1027R,initSolubleContent,povaEn,0,NH3Cy,0,protonEn,8.79E-05,FeEn,0,NH3En,0,NH4En,0,ovaEn,0,TfaEn,4.14E-12,solubleMarker,0,mvb,0,bead2,0,bead3,0,bead4,0,TfEn,0,pepEn,0,bead1,0
endosome1028N,initOrgProp,area,10288.71594,volume,87964.5943,xcoor,20.18960692,ycoor,22.65086064,pH,7.944269737,,,,,,,,,,,,,,,,,,,,,,
endosome1028N,initRabContent,RabD,10288.71594,,,,,,,,,,,,,,,,,,,,,,,,,,,,,,
endosome1028N,initMembraneContent,EEA1,0.001209831,exCxEn,5.30E-11,R-TfaEn,1.42E-45,oMHCIEn,2.99E-08,membraneMarker,0,M6PR,0.004235728,cMHCIEn,6.80E-09,R-TfEn,6.64E-46,pepMHCIEn,0,REn,2.22E-10,imCxEn,5.30E-11,,,,,,,,,,
endosome1028N,initSolubleContent,povaEn,0,NH3Cy,0,protonEn,8.79E-05,FeEn,0,NH3En,0,NH4En,0,ovaEn,0,TfaEn,4.14E-12,solubleMarker,0,mvb,0,bead2,0,bead3,0,bead4,0,TfEn,0,pepEn,0,bead1,0
endosome1029B,initOrgProp,area,10288.71594,volume,87964.5943,xcoor,21.66051475,ycoor,24.62046071,pH,7.944269737,,,,,,,,,,,,,,,,,,,,,,
endosome1029B,initRabContent,RabD,10288.71594,,,,,,,,,,,,,,,,,,,,,,,,,,,,,,
endosome1029B,initMembraneContent,EEA1,0.001209831,exCxEn,5.30E-11,R-TfaEn,1.42E-45,oMHCIEn,2.99E-08,membraneMarker,0,M6PR,0.004235728,cMHCIEn,6.80E-09,R-TfEn,6.64E-46,pepMHCIEn,0,REn,2.22E-10,imCxEn,5.30E-11,,,,,,,,,,
endosome1029B,initSolubleContent,povaEn,0,NH3Cy,0,protonEn,8.79E-05,FeEn,0,NH3En,0,NH4En,0,ovaEn,0,TfaEn,4.14E-12,solubleMarker,0,mvb,0,bead2,0,bead3,0,bead4,0,TfEn,0,pepEn,0,bead1,0
endosome1030h,initOrgProp,area,10288.71594,volume,87964.5943,xcoor,20.65943096,ycoor,22.29206802,pH,7.944269737,,,,,,,,,,,,,,,,,,,,,,
endosome1030h,initRabContent,RabD,10288.71594,,,,,,,,,,,,,,,,,,,,,,,,,,,,,,
endosome1030h,initMembraneContent,EEA1,0.001209831,exCxEn,5.30E-11,R-TfaEn,1.42E-45,oMHCIEn,2.99E-08,membraneMarker,0,M6PR,0.004235728,cMHCIEn,6.80E-09,R-TfEn,6.64E-46,pepMHCIEn,0,REn,2.22E-10,imCxEn,5.30E-11,,,,,,,,,,
endosome1030h,initSolubleContent,povaEn,0,NH3Cy,0,protonEn,8.79E-05,FeEn,0,NH3En,0,NH4En,0,ovaEn,0,TfaEn,4.14E-12,solubleMarker,0,mvb,0,bead2,0,bead3,0,bead4,0,TfEn,0,pepEn,0,bead1,0
endosome1031B,initOrgProp,area,10288.71594,volume,87964.5943,xcoor,20.3364139,ycoor,22.8295044,pH,7.944269737,,,,,,,,,,,,,,,,,,,,,,
endosome1031B,initRabContent,RabD,10288.71594,,,,,,,,,,,,,,,,,,,,,,,,,,,,,,
endosome1031B,initMembraneContent,EEA1,0.001209831,exCxEn,5.30E-11,R-TfaEn,1.42E-45,oMHCIEn,2.99E-08,membraneMarker,0,M6PR,0.004235728,cMHCIEn,6.80E-09,R-TfEn,6.64E-46,pepMHCIEn,0,REn,2.22E-10,imCxEn,5.30E-11,,,,,,,,,,
endosome1031B,initSolubleContent,povaEn,0,NH3Cy,0,protonEn,8.79E-05,FeEn,0,NH3En,0,NH4En,0,ovaEn,0,TfaEn,4.14E-12,solubleMarker,0,mvb,0,bead2,0,bead3,0,bead4,0,TfEn,0,pepEn,0,bead1,0
endosome1032G,initOrgProp,area,7539.822369,volume,50265.48246,xcoor,48.89497723,ycoor,26.34312479,pH,7.224066642,,,,,,,,,,,,,,,,,,,,,,
endosome1032G,initRabContent,RabC,603.1857895,RabB,6936.636579,,,,,,,,,,,,,,,,,,,,,,,,,,,,
endosome1032G,initMembraneContent,,,,,,,,,,,,,,,,,,,,,,,,,,,,,,,,
endosome1032G,initSolubleContent,protonEn,2.000566202,,,,,,,,,,,,,,,,,,,,,,,,,,,,,,
endosome1033G,initOrgProp,area,7539.822369,volume,50265.48246,xcoor,2.853006977,ycoor,12.73628705,pH,7.225110403,,,,,,,,,,,,,,,,,,,,,,
endosome1033G,initRabContent,RabA,7539.822369,,,,,,,,,,,,,,,,,,,,,,,,,,,,,,
endosome1033G,initMembraneContent,EEA1,0.729622244,exCxEn,0,R-TfaEn,6.10E-42,oMHCIEn,0.002957238,membraneMarker,0,M6PR,2.683154181,cMHCIEn,4.67E-05,R-TfEn,3.44E-42,pepMHCIEn,0,REn,1.06E-06,imCxEn,0,,,,,,,,,,
endosome1033G,initSolubleContent,povaEn,0,NH3Cy,0,protonEn,1.993363457,FeEn,0,NH3En,0,NH4En,0,ovaEn,0,TfaEn,1.70E-07,solubleMarker,0,mvb,0,bead2,0,bead3,0,bead4,0,TfEn,0,pepEn,0,bead1,0
endosome1034A,initOrgProp,area,13823.00768,volume,118336.3489,xcoor,26.15910251,ycoor,21.5175491,pH,8.012867833,,,,,,,,,,,,,,,,,,,,,,
endosome1034A,initRabContent,RabC,13823.00768,,,,,,,,,,,,,,,,,,,,,,,,,,,,,,
endosome1034A,initMembraneContent,EEA1,0.006241417,exCxEn,3.62E-05,R-TfaEn,3.11E-39,oMHCIEn,0.010936175,membraneMarker,0,M6PR,0.003055431,cMHCIEn,0.014896716,R-TfEn,1.34E-39,pepMHCIEn,0,REn,4.64E-04,imCxEn,3.62E-05,,,,,,,,,,
endosome1034A,initSolubleContent,povaEn,0,NH3Cy,0,protonEn,0.148815622,FeEn,0,NH3En,0,NH4En,0,ovaEn,0,TfaEn,6.90E-09,solubleMarker,0,mvb,0,bead2,0,bead3,0,bead4,0,TfEn,0,pepEn,0,bead1,0
endosome1035I,initOrgProp,area,11654.6509,volume,92294.30671,xcoor,25.95135086,ycoor,22.48647454,pH,7.717455512,,,,,,,,,,,,,,,,,,,,,,
endosome1035I,initRabContent,RabG,1507.964474,RabE,8940.314843,RabF,1206.371579,,,,,,,,,,,,,,,,,,,,,,,,,,
endosome1035I,initMembraneContent,EEA1,0.009280526,exCxEn,7.08E-07,R-TfaEn,2.30E-42,oMHCIEn,8.17E-06,membraneMarker,0,M6PR,7.151330347,cMHCIEn,1.09E-05,R-TfEn,9.38E-43,pepMHCIEn,0,REn,3.34E-07,imCxEn,7.08E-07,,,,,,,,,,
endosome1035I,initSolubleContent,povaEn,0,NH3Cy,0,protonEn,0.768965649,FeEn,0,NH3En,0,NH4En,0,ovaEn,0,TfaEn,1.67E-08,solubleMarker,0,mvb,0,bead2,0,bead3,0,bead4,0,TfEn,0,pepEn,0,bead1,0
endosome1036b,initOrgProp,area,11767.83597,volume,101121.6372,xcoor,25.89704898,ycoor,21.53275699,pH,7.951574485,,,,,,,,,,,,,,,,,,,,,,
endosome1036b,initRabContent,RabE,11767.83597,RabC,0,,,,,,,,,,,,,,,,,,,,,,,,,,,,
endosome1036b,initMembraneContent,EEA1,0.005410344,exCxEn,5.26E-07,R-TfaEn,2.98E-42,oMHCIEn,1.02E-05,membraneMarker,0,M6PR,2.603668649,cMHCIEn,1.45E-05,R-TfEn,1.21E-42,pepMHCIEn,0,REn,4.33E-07,imCxEn,5.26E-07,,,,,,,,,,
endosome1036b,initSolubleContent,povaEn,0,NH3Cy,0,protonEn,0.130497502,FeEn,0,NH3En,0,NH4En,0,ovaEn,0,TfaEn,6.38E-09,solubleMarker,0,mvb,0,bead2,0,bead3,0,bead4,0,TfEn,0,pepEn,0,bead1,0
endosome1037E,initOrgProp,area,12566.37061,volume,100530.9649,xcoor,21.84824673,ycoor,22.30006041,pH,8.000289975,,,,,,,,,,,,,,,,,,,,,,
endosome1037E,initRabContent,RabC,12566.37061,,,,,,,,,,,,,,,,,,,,,,,,,,,,,,
endosome1037E,initMembraneContent,EEA1,1.90E-05,exCxEn,6.61E-06,R-TfaEn,2.11E-39,oMHCIEn,0.010299714,membraneMarker,0,M6PR,6.78E-05,cMHCIEn,0.010574584,R-TfEn,1.10E-39,pepMHCIEn,0,REn,3.48E-04,imCxEn,6.61E-06,,,,,,,,,,
endosome1037E,initSolubleContent,povaEn,0,NH3Cy,0,protonEn,0.004638636,FeEn,0,NH3En,0,NH4En,0,ovaEn,0,TfaEn,2.16E-10,solubleMarker,0,mvb,0,bead2,0,bead3,0,bead4,0,TfEn,0,pepEn,0,bead1,0
endosome1038h,initOrgProp,area,7539.822369,volume,50265.48246,xcoor,0.545446286,ycoor,4.054097787,pH,7.25476633,,,,,,,,,,,,,,,,,,,,,,
endosome1038h,initRabContent,RabC,603.1857895,RabB,6936.636579,,,,,,,,,,,,,,,,,,,,,,,,,,,,
endosome1038h,initMembraneContent,EEA1,0.00180782,exCxEn,2.38E-10,R-TfaEn,1.28E-40,oMHCIEn,4.06E-05,membraneMarker,0,M6PR,0.003395298,cMHCIEn,0.001003764,R-TfEn,7.22E-41,pepMHCIEn,0,REn,2.21E-05,imCxEn,2.38E-10,,,,,,,,,,
endosome1038h,initSolubleContent,povaEn,0,NH3Cy,0,protonEn,1.795783422,FeEn,0,NH3En,0,NH4En,0,ovaEn,0,TfaEn,5.99E-08,solubleMarker,0,mvb,0,bead2,0,bead3,0,bead4,0,TfEn,0,pepEn,0,bead1,0
endosome1039u,initOrgProp,area,7539.822369,volume,50265.48246,xcoor,14.21750803,ycoor,12.83190519,pH,7.224274767,,,,,,,,,,,,,,,,,,,,,,
endosome1039u,initRabContent,RabA,7539.822369,,,,,,,,,,,,,,,,,,,,,,,,,,,,,,
endosome1039u,initMembraneContent,EEA1,0.315930888,exCxEn,6.28E-13,R-TfaEn,1.83E-39,oMHCIEn,0.003961409,membraneMarker,0,M6PR,2.226872708,cMHCIEn,0.014935281,R-TfEn,1.03E-39,pepMHCIEn,0,REn,3.16E-04,imCxEn,6.28E-13,,,,,,,,,,
endosome1039u,initSolubleContent,povaEn,0,NH3Cy,0,protonEn,1.999128603,FeEn,0,NH3En,0,NH4En,0,ovaEn,0,TfaEn,1.89E-07,solubleMarker,0,mvb,0,bead2,0,bead3,0,bead4,0,TfEn,0,pepEn,0,bead1,0
endosome1040K,initOrgProp,area,12566.37061,volume,100530.9649,xcoor,0.725234778,ycoor,45.49023665,pH,7.303231498,,,,,,,,,,,,,,,,,,,,,,
endosome1040K,initRabContent,RabC,1005.309649,RabB,11561.06097,,,,,,,,,,,,,,,,,,,,,,,,,,,,
endosome1040K,initMembraneContent,,,,,,,,,,,,,,,,,,,,,,,,,,,,,,,,
endosome1040K,initSolubleContent,protonEn,4.001132404,,,,,,,,,,,,,,,,,,,,,,,,,,,,,,
endosome1041f,initOrgProp,area,18849.55592,volume,175929.1886,xcoor,25.15836716,ycoor,10.48384393,pH,8.209529103,,,,,,,,,,,,,,,,,,,,,,
endosome1041f,initRabContent,RabI,3769.911184,RabG,12063.71579,RabH,3015.928947,,,,,,,,,,,,,,,,,,,,,,,,,,
endosome1041f,initMembraneContent,EEA1,0.002722673,exCxEn,2.01E-05,R-TfaEn,3.95E-42,oMHCIEn,1.80E-05,membraneMarker,0,M6PR,5.79E-04,cMHCIEn,2.72E-05,R-TfEn,2.16E-42,pepMHCIEn,0,REn,6.71E-07,imCxEn,2.01E-05,,,,,,,,,,
endosome1041f,initSolubleContent,povaEn,0,NH3Cy,0,protonEn,0.085947417,FeEn,0,NH3En,0,NH4En,0,ovaEn,0,TfaEn,1.84E-09,solubleMarker,0,mvb,0,bead2,0,bead3,0,bead4,0,TfEn,0,pepEn,0,bead1,0
endosome1042Z,initOrgProp,area,7539.822369,volume,50265.48246,xcoor,24.73594879,ycoor,24.90186318,pH,7.690733983,,,,,,,,,,,,,,,,,,,,,,
endosome1042Z,initRabContent,RabF,7539.822369,,,,,,,,,,,,,,,,,,,,,,,,,,,,,,
endosome1042Z,initMembraneContent,EEA1,0.001089069,exCxEn,8.02E-09,R-TfaEn,1.58E-42,oMHCIEn,7.18E-06,membraneMarker,0,M6PR,2.32E-04,cMHCIEn,1.09E-05,R-TfEn,8.64E-43,pepMHCIEn,0,REn,2.68E-07,imCxEn,8.02E-09,,,,,,,,,,
endosome1042Z,initSolubleContent,povaEn,0,NH3Cy,0,protonEn,0.024556405,FeEn,0,NH3En,0,NH4En,0,ovaEn,0,TfaEn,5.24E-10,solubleMarker,0,mvb,0,bead2,0,bead3,0,bead4,0,TfEn,0,pepEn,0,bead1,0
endosome1043e,initOrgProp,area,7539.822369,volume,50265.48246,xcoor,18.57024149,ycoor,30.24282716,pH,7.690733983,,,,,,,,,,,,,,,,,,,,,,
endosome1043e,initRabContent,RabC,7539.822369,,,,,,,,,,,,,,,,,,,,,,,,,,,,,,
endosome1043e,initMembraneContent,EEA1,0.001089069,exCxEn,8.10E-07,R-TfaEn,1.58E-39,oMHCIEn,0.007192173,membraneMarker,0,M6PR,2.32E-04,cMHCIEn,0.0109107,R-TfEn,8.65E-40,pepMHCIEn,0,REn,2.69E-04,imCxEn,8.10E-07,,,,,,,,,,
endosome1043e,initSolubleContent,povaEn,0,NH3Cy,0,protonEn,0.024556405,FeEn,0,NH3En,0,NH4En,0,ovaEn,0,TfaEn,5.24E-10,solubleMarker,0,mvb,0,bead2,0,bead3,0,bead4,0,TfEn,0,pepEn,0,bead1,0
endosome1044K,initOrgProp,area,7539.822369,volume,50265.48246,xcoor,37.8617976,ycoor,47.03625744,pH,7.690733983,,,,,,,,,,,,,,,,,,,,,,
endosome1044K,initRabContent,RabE,7539.822369,,,,,,,,,,,,,,,,,,,,,,,,,,,,,,
endosome1044K,initMembraneContent,EEA1,0.001089069,exCxEn,8.02E-09,R-TfaEn,1.58E-42,oMHCIEn,7.18E-06,membraneMarker,0,M6PR,0.231914975,cMHCIEn,1.09E-05,R-TfEn,8.64E-43,pepMHCIEn,0,REn,2.68E-07,imCxEn,8.02E-09,,,,,,,,,,
endosome1044K,initSolubleContent,povaEn,0,NH3Cy,0,protonEn,0.024556405,FeEn,0,NH3En,0,NH4En,0,ovaEn,0,TfaEn,5.24E-10,solubleMarker,0,mvb,0,bead2,0,bead3,0,bead4,0,TfEn,0,pepEn,0,bead1,0
endosome1045w,initOrgProp,area,12566.37061,volume,100530.9649,xcoor,49.3015115,ycoor,17.30775999,pH,7.303231498,,,,,,,,,,,,,,,,,,,,,,
endosome1045w,initRabContent,RabA,12566.37061,,,,,,,,,,,,,,,,,,,,,,,,,,,,,,
endosome1045w,initMembraneContent,EEA1,2.599660465,exCxEn,0,R-TfaEn,3.62E-39,oMHCIEn,0.006881892,membraneMarker,0,M6PR,4.001051107,cMHCIEn,0.028420224,R-TfEn,2.04E-39,pepMHCIEn,0,REn,6.25E-04,imCxEn,0,,,,,,,,,,
endosome1045w,initSolubleContent,povaEn,0,NH3Cy,0,protonEn,4.001132404,FeEn,0,NH3En,0,NH4En,0,ovaEn,0,TfaEn,3.78E-07,solubleMarker,0,mvb,0,bead2,0,bead3,0,bead4,0,TfEn,0,pepEn,0,bead1,0
endosome1046B,initOrgProp,area,7539.822369,volume,50265.48246,xcoor,29.28188123,ycoor,13.80756914,pH,7.223873659,,,,,,,,,,,,,,,,,,,,,,
endosome1046B,initRabContent,RabD,1432.592521,RabA,6107.229848,,,,,,,,,,,,,,,,,,,,,,,,,,,,
endosome1046B,initMembraneContent,EEA1,0.86969653,exCxEn,9.17E-17,R-TfaEn,2.21E-41,oMHCIEn,0.003129958,membraneMarker,0,M6PR,3.05922264,cMHCIEn,1.72E-04,R-TfEn,1.25E-41,pepMHCIEn,0,REn,3.83E-06,imCxEn,9.17E-17,,,,,,,,,,
endosome1046B,initSolubleContent,povaEn,0,NH3Cy,0,protonEn,2.00189983,FeEn,0,NH3En,0,NH4En,0,ovaEn,0,TfaEn,1.88E-07,solubleMarker,0,mvb,0,bead2,0,bead3,0,bead4,0,TfEn,0,pepEn,0,bead1,0
endosome1047s,initOrgProp,area,7539.822369,volume,50265.48246,xcoor,37.90186551,ycoor,20.03749783,pH,7.224066642,,,,,,,,,,,,,,,,,,,,,,
endosome1047s,initRabContent,RabA,7539.822369,,,,,,,,,,,,,,,,,,,,,,,,,,,,,,
endosome1047s,initMembraneContent,EEA1,1.559796279,exCxEn,0,R-TfaEn,2.17E-39,oMHCIEn,0.004129135,membraneMarker,0,M6PR,2.400630664,cMHCIEn,0.017052135,R-TfEn,1.22E-39,pepMHCIEn,0,REn,3.75E-04,imCxEn,0,,,,,,,,,,
endosome1047s,initSolubleContent,povaEn,0,NH3Cy,0,protonEn,2.000566202,FeEn,0,NH3En,0,NH4En,0,ovaEn,0,TfaEn,1.89E-07,solubleMarker,0,mvb,0,bead2,0,bead3,0,bead4,0,TfEn,0,pepEn,0,bead1,0
endosome1048e,initOrgProp,area,9550.441667,volume,80964.52951,xcoor,25.12043148,ycoor,25.30266292,pH,7.498286203,,,,,,,,,,,,,,,,,,,,,,
endosome1048e,initRabContent,RabF,9550.441667,,,,,,,,,,,,,,,,,,,,,,,,,,,,,,
endosome1048e,initMembraneContent,EEA1,0.001831731,exCxEn,9.10E-08,R-TfaEn,1.97E-42,oMHCIEn,8.44E-06,membraneMarker,0,M6PR,2.66E-04,cMHCIEn,1.20E-05,R-TfEn,1.05E-42,pepMHCIEn,0,REn,3.30E-07,imCxEn,9.10E-08,,,,,,,,,,
endosome1048e,initSolubleContent,povaEn,0,NH3Cy,0,protonEn,1.570446646,FeEn,0,NH3En,0,NH4En,0,ovaEn,0,TfaEn,3.84E-08,solubleMarker,0,mvb,0,bead2,0,bead3,0,bead4,0,TfEn,0,pepEn,0,bead1,0
endosome1049i,initOrgProp,area,11767.83597,volume,101121.6372,xcoor,26.06733382,ycoor,21.17998235,pH,7.951574485,,,,,,,,,,,,,,,,,,,,,,
endosome1049i,initRabContent,RabE,11767.83597,,,,,,,,,,,,,,,,,,,,,,,,,,,,,,
endosome1049i,initMembraneContent,EEA1,0.005410344,exCxEn,5.26E-07,R-TfaEn,2.98E-42,oMHCIEn,1.02E-05,membraneMarker,0,M6PR,2.603668649,cMHCIEn,1.45E-05,R-TfEn,1.21E-42,pepMHCIEn,0,REn,4.33E-07,imCxEn,5.26E-07,,,,,,,,,,
endosome1049i,initSolubleContent,povaEn,0,NH3Cy,0,protonEn,0.130497502,FeEn,0,NH3En,0,NH4En,0,ovaEn,0,TfaEn,6.38E-09,solubleMarker,0,mvb,0,bead2,0,bead3,0,bead4,0,TfEn,0,pepEn,0,bead1,0
endosome1050I,initOrgProp,area,11767.83597,volume,101121.6372,xcoor,25.79144394,ycoor,21.74535929,pH,7.951574485,,,,,,,,,,,,,,,,,,,,,,
endosome1050I,initRabContent,RabE,11767.83597,,,,,,,,,,,,,,,,,,,,,,,,,,,,,,
endosome1050I,initMembraneContent,EEA1,0.005410344,exCxEn,5.26E-07,R-TfaEn,2.98E-42,oMHCIEn,1.02E-05,membraneMarker,0,M6PR,2.603668649,cMHCIEn,1.45E-05,R-TfEn,1.21E-42,pepMHCIEn,0,REn,4.33E-07,imCxEn,5.26E-07,,,,,,,,,,
endosome1050I,initSolubleContent,povaEn,0,NH3Cy,0,protonEn,0.130497502,FeEn,0,NH3En,0,NH4En,0,ovaEn,0,TfaEn,6.38E-09,solubleMarker,0,mvb,0,bead2,0,bead3,0,bead4,0,TfEn,0,pepEn,0,bead1,0
endosome1051E,initOrgProp,area,11767.83597,volume,101121.6372,xcoor,26.4673328,ycoor,21.83389143,pH,7.951574485,,,,,,,,,,,,,,,,,,,,,,
endosome1051E,initRabContent,RabE,11767.83597,,,,,,,,,,,,,,,,,,,,,,,,,,,,,,
endosome1051E,initMembraneContent,EEA1,0.005410344,exCxEn,5.26E-07,R-TfaEn,2.98E-42,oMHCIEn,1.02E-05,membraneMarker,0,M6PR,2.603668649,cMHCIEn,1.45E-05,R-TfEn,1.21E-42,pepMHCIEn,0,REn,4.33E-07,imCxEn,5.26E-07,,,,,,,,,,
endosome1051E,initSolubleContent,povaEn,0,NH3Cy,0,protonEn,0.130497502,FeEn,0,NH3En,0,NH4En,0,ovaEn,0,TfaEn,6.38E-09,solubleMarker,0,mvb,0,bead2,0,bead3,0,bead4,0,TfEn,0,pepEn,0,bead1,0
endosome1052S,initOrgProp,area,11603.25073,volume,99707.34749,xcoor,25.14376205,ycoor,21.17758961,pH,7.946159273,,,,,,,,,,,,,,,,,,,,,,
endosome1052S,initRabContent,RabC,11603.25073,,,,,,,,,,,,,,,,,,,,,,,,,,,,,,
endosome1052S,initMembraneContent,EEA1,0.005334675,exCxEn,5.24E-05,R-TfaEn,2.94E-39,oMHCIEn,0.010051268,membraneMarker,0,M6PR,0.002564689,cMHCIEn,0.014352609,R-TfEn,1.19E-39,pepMHCIEn,0,REn,4.27E-04,imCxEn,5.24E-05,,,,,,,,,,
endosome1052S,initSolubleContent,povaEn,0,NH3Cy,0,protonEn,0.12867236,FeEn,0,NH3En,0,NH4En,0,ovaEn,0,TfaEn,6.29E-09,solubleMarker,0,mvb,0,bead2,0,bead3,0,bead4,0,TfEn,0,pepEn,0,bead1,0
endosome1053q,initOrgProp,area,11767.83597,volume,101121.6372,xcoor,26.40967351,ycoor,21.757329,pH,7.951574485,,,,,,,,,,,,,,,,,,,,,,
endosome1053q,initRabContent,RabE,11767.83597,,,,,,,,,,,,,,,,,,,,,,,,,,,,,,
endosome1053q,initMembraneContent,EEA1,0.005410344,exCxEn,5.26E-07,R-TfaEn,2.98E-42,oMHCIEn,1.02E-05,membraneMarker,0,M6PR,2.603668649,cMHCIEn,1.45E-05,R-TfEn,1.21E-42,pepMHCIEn,0,REn,4.33E-07,imCxEn,5.26E-07,,,,,,,,,,
endosome1053q,initSolubleContent,povaEn,0,NH3Cy,0,protonEn,0.130497502,FeEn,0,NH3En,0,NH4En,0,ovaEn,0,TfaEn,6.38E-09,solubleMarker,0,mvb,0,bead2,0,bead3,0,bead4,0,TfEn,0,pepEn,0,bead1,0
endosome1054C,initOrgProp,area,11767.83597,volume,101121.6372,xcoor,26.16905309,ycoor,20.76955117,pH,7.951574485,,,,,,,,,,,,,,,,,,,,,,
endosome1054C,initRabContent,RabE,11767.83597,,,,,,,,,,,,,,,,,,,,,,,,,,,,,,
endosome1054C,initMembraneContent,EEA1,0.005410344,exCxEn,5.26E-07,R-TfaEn,2.98E-42,oMHCIEn,1.02E-05,membraneMarker,0,M6PR,2.603668649,cMHCIEn,1.45E-05,R-TfEn,1.21E-42,pepMHCIEn,0,REn,4.33E-07,imCxEn,5.26E-07,,,,,,,,,,
endosome1054C,initSolubleContent,povaEn,0,NH3Cy,0,protonEn,0.130497502,FeEn,0,NH3En,0,NH4En,0,ovaEn,0,TfaEn,6.38E-09,solubleMarker,0,mvb,0,bead2,0,bead3,0,bead4,0,TfEn,0,pepEn,0,bead1,0
endosome1055F,initOrgProp,area,11767.83597,volume,101121.6372,xcoor,26.02559588,ycoor,21.86907781,pH,7.951574485,,,,,,,,,,,,,,,,,,,,,,
endosome1055F,initRabContent,RabE,11767.83597,,,,,,,,,,,,,,,,,,,,,,,,,,,,,,
endosome1055F,initMembraneContent,EEA1,0.005410344,exCxEn,5.26E-07,R-TfaEn,2.98E-42,oMHCIEn,1.02E-05,membraneMarker,0,M6PR,2.603668649,cMHCIEn,1.45E-05,R-TfEn,1.21E-42,pepMHCIEn,0,REn,4.33E-07,imCxEn,5.26E-07,,,,,,,,,,
endosome1055F,initSolubleContent,povaEn,0,NH3Cy,0,protonEn,0.130497502,FeEn,0,NH3En,0,NH4En,0,ovaEn,0,TfaEn,6.38E-09,solubleMarker,0,mvb,0,bead2,0,bead3,0,bead4,0,TfEn,0,pepEn,0,bead1,0
endosome1056a,initOrgProp,area,12566.37061,volume,100530.9649,xcoor,26.45636796,ycoor,15.09336634,pH,7.981813409,,,,,,,,,,,,,,,,,,,,,,
endosome1056a,initRabContent,RabG,12566.37061,,,,,,,,,,,,,,,,,,,,,,,,,,,,,,
endosome1056a,initMembraneContent,EEA1,6.90E-06,exCxEn,3.94E-09,R-TfaEn,2.57E-45,oMHCIEn,1.33E-07,membraneMarker,0,M6PR,9.98E-05,cMHCIEn,1.67E-08,R-TfEn,1.37E-45,pepMHCIEn,0,REn,4.31E-10,imCxEn,3.94E-09,,,,,,,,,,
endosome1056a,initSolubleContent,povaEn,0,NH3Cy,0,protonEn,0.048302067,FeEn,0,NH3En,0,NH4En,0,ovaEn,0,TfaEn,8.36E-11,solubleMarker,0,mvb,0,bead2,0,bead3,0,bead4,0,TfEn,0,pepEn,0,bead1,0
endosome1057A,initOrgProp,area,17592.91886,volume,150796.4474,xcoor,25.59307099,ycoor,17.02360901,pH,8.148012801,,,,,,,,,,,,,,,,,,,,,,
endosome1057A,initRabContent,RabE,17592.91886,,,,,,,,,,,,,,,,,,,,,,,,,,,,,,
endosome1057A,initMembraneContent,EEA1,9.67E-06,exCxEn,5.52E-09,R-TfaEn,3.60E-45,oMHCIEn,1.86E-07,membraneMarker,0,M6PR,0.139827109,cMHCIEn,2.34E-08,R-TfEn,1.91E-45,pepMHCIEn,0,REn,6.03E-10,imCxEn,5.52E-09,,,,,,,,,,
endosome1057A,initSolubleContent,povaEn,0,NH3Cy,0,protonEn,0.072453101,FeEn,0,NH3En,0,NH4En,0,ovaEn,0,TfaEn,1.25E-10,solubleMarker,0,mvb,0,bead2,0,bead3,0,bead4,0,TfEn,0,pepEn,0,bead1,0
endosome1058L,initOrgProp,area,9119.751852,volume,79759.00083,xcoor,2.178978305,ycoor,40.63283645,pH,7.27366727,,,,,,,,,,,,,,,,,,,,,,
endosome1058L,initRabContent,RabB,9119.751852,,,,,,,,,,,,,,,,,,,,,,,,,,,,,,
endosome1058L,initMembraneContent,,,,,,,,,,,,,,,,,,,,,,,,,,,,,,,,
endosome1058L,initSolubleContent,protonEn,3.24729508,,,,,,,,,,,,,,,,,,,,,,,,,,,,,,
endosome1059y,initOrgProp,area,11654.6509,volume,92294.30671,xcoor,25.99595429,ycoor,21.73387038,pH,7.717455512,,,,,,,,,,,,,,,,,,,,,,
endosome1059y,initRabContent,RabE,11654.6509,,,,,,,,,,,,,,,,,,,,,,,,,,,,,,
endosome1059y,initMembraneContent,EEA1,0.009280526,exCxEn,7.08E-07,R-TfaEn,2.30E-42,oMHCIEn,8.17E-06,membraneMarker,0,M6PR,9.319692716,cMHCIEn,1.09E-05,R-TfEn,9.38E-43,pepMHCIEn,0,REn,3.34E-07,imCxEn,7.08E-07,,,,,,,,,,
endosome1059y,initSolubleContent,povaEn,0,NH3Cy,0,protonEn,0.768965649,FeEn,0,NH3En,0,NH4En,0,ovaEn,0,TfaEn,1.67E-08,solubleMarker,0,mvb,0,bead2,0,bead3,0,bead4,0,TfEn,0,pepEn,0,bead1,0
endosome1060p,initOrgProp,area,11654.6509,volume,92294.30671,xcoor,26.6407362,ycoor,21.34964261,pH,7.717455512,,,,,,,,,,,,,,,,,,,,,,
endosome1060p,initRabContent,RabE,11654.6509,,,,,,,,,,,,,,,,,,,,,,,,,,,,,,
endosome1060p,initMembraneContent,EEA1,0.009280526,exCxEn,7.08E-07,R-TfaEn,2.30E-42,oMHCIEn,8.17E-06,membraneMarker,0,M6PR,9.319692716,cMHCIEn,1.09E-05,R-TfEn,9.38E-43,pepMHCIEn,0,REn,3.34E-07,imCxEn,7.08E-07,,,,,,,,,,
endosome1060p,initSolubleContent,povaEn,0,NH3Cy,0,protonEn,0.768965649,FeEn,0,NH3En,0,NH4En,0,ovaEn,0,TfaEn,1.67E-08,solubleMarker,0,mvb,0,bead2,0,bead3,0,bead4,0,TfEn,0,pepEn,0,bead1,0
endosome1061S,initOrgProp,area,11654.6509,volume,92294.30671,xcoor,25.81446267,ycoor,21.97586129,pH,7.717455512,,,,,,,,,,,,,,,,,,,,,,
endosome1061S,initRabContent,RabE,11654.6509,,,,,,,,,,,,,,,,,,,,,,,,,,,,,,
endosome1061S,initMembraneContent,EEA1,0.009280526,exCxEn,7.08E-07,R-TfaEn,2.30E-42,oMHCIEn,8.17E-06,membraneMarker,0,M6PR,9.319692716,cMHCIEn,1.09E-05,R-TfEn,9.38E-43,pepMHCIEn,0,REn,3.34E-07,imCxEn,7.08E-07,,,,,,,,,,
endosome1061S,initSolubleContent,povaEn,0,NH3Cy,0,protonEn,0.768965649,FeEn,0,NH3En,0,NH4En,0,ovaEn,0,TfaEn,1.67E-08,solubleMarker,0,mvb,0,bead2,0,bead3,0,bead4,0,TfEn,0,pepEn,0,bead1,0
endosome1062Q,initOrgProp,area,7539.822369,volume,50265.48246,xcoor,49.30751523,ycoor,2.453645718,pH,7.224066642,,,,,,,,,,,,,,,,,,,,,,
endosome1062Q,initRabContent,RabC,1158.116716,RabB,6381.705653,,,,,,,,,,,,,,,,,,,,,,,,,,,,
endosome1062Q,initMembraneContent,,,,,,,,,,,,,,,,,,,,,,,,,,,,,,,,
endosome1062Q,initSolubleContent,protonEn,2.000566202,,,,,,,,,,,,,,,,,,,,,,,,,,,,,,
endosome1063m,initOrgProp,area,12566.37061,volume,100530.9649,xcoor,3.06176742,ycoor,14.04136088,pH,7.3376231,,,,,,,,,,,,,,,,,,,,,,
endosome1063m,initRabContent,RabA,12566.37061,,,,,,,,,,,,,,,,,,,,,,,,,,,,,,
endosome1063m,initMembraneContent,EEA1,1.779140151,exCxEn,6.01E-16,R-TfaEn,5.32E-42,oMHCIEn,4.29E-04,membraneMarker,0,M6PR,4.144887347,cMHCIEn,3.88E-05,R-TfEn,3.01E-42,pepMHCIEn,0,REn,9.22E-07,imCxEn,6.01E-16,,,,,,,,,,
endosome1063m,initSolubleContent,povaEn,0,NH3Cy,0,protonEn,3.62036995,FeEn,0,NH3En,0,NH4En,0,ovaEn,0,TfaEn,3.41E-07,solubleMarker,0,mvb,0,bead2,0,bead3,0,bead4,0,TfEn,0,pepEn,0,bead1,0
endosome1064E,initOrgProp,area,7539.822369,volume,50265.48246,xcoor,28.26942551,ycoor,18.27275972,pH,7.69905835,,,,,,,,,,,,,,,,,,,,,,
endosome1064E,initRabContent,RabA,5277.875658,RabB,2261.946711,,,,,,,,,,,,,,,,,,,,,,,,,,,,
endosome1064E,initMembraneContent,EEA1,1.129435035,exCxEn,3.46E-10,R-TfaEn,1.12E-44,oMHCIEn,1.10E-05,membraneMarker,0,M6PR,0.061378064,R-TfEn,6.20E-45,cMHCIEn,8.06E-08,pepMHCIEn,0,REn,1.91E-09,imCxEn,3.46E-10,,,,,,,,,,
endosome1064E,initSolubleContent,povaEn,0,NH3Cy,0,protonEn,0.005105167,FeEn,0,NH3En,0,NH4En,0,ovaEn,0,TfaEn,4.83E-10,solubleMarker,0,bead2,0,mvb,0,bead3,0,bead4,0,TfEn,0,pepEn,0,bead1,0
endosome1065P,initOrgProp,area,9182.566368,volume,75175.22262,xcoor,29.12020404,ycoor,19.31371052,pH,7.647574291,,,,,,,,,,,,,,,,,,,,,,
endosome1065P,initRabContent,RabC,9182.566368,,,,,,,,,,,,,,,,,,,,,,,,,,,,,,
endosome1065P,initMembraneContent,EEA1,3.31E-04,exCxEn,2.04E-05,R-TfaEn,3.73E-40,oMHCIEn,0.001320571,membraneMarker,0,M6PR,5.06E-05,cMHCIEn,0.002247798,R-TfEn,2.00E-40,pepMHCIEn,0,REn,6.27E-05,imCxEn,2.04E-05,,,,,,,,,,
endosome1065P,initSolubleContent,povaEn,0,NH3Cy,0,protonEn,0.692389927,FeEn,0,NH3En,0,NH4En,0,ovaEn,0,TfaEn,1.21E-09,solubleMarker,0,mvb,0,bead2,0,bead3,0,bead4,0,TfEn,0,pepEn,0,bead1,0
endosome1066m,initOrgProp,area,12566.37061,volume,100530.9649,xcoor,28.80970979,ycoor,18.71648736,pH,7.999353635,,,,,,,,,,,,,,,,,,,,,,
endosome1066m,initRabContent,RabC,1930.194526,RabB,10636.17609,,,,,,,,,,,,,,,,,,,,,,,,,,,,
endosome1066m,initMembraneContent,EEA1,3.12E-04,exCxEn,1.91E-06,R-TfaEn,5.56E-40,oMHCIEn,2.39E-06,membraneMarker,0,M6PR,7.18E-05,cMHCIEn,0.003062597,R-TfEn,2.94E-40,pepMHCIEn,0,REn,9.28E-05,imCxEn,1.91E-06,,,,,,,,,,
endosome1066m,initSolubleContent,povaEn,0,NH3Cy,0,protonEn,0.006806977,FeEn,0,NH3En,0,NH4En,0,ovaEn,0,TfaEn,4.23E-10,solubleMarker,0,mvb,0,bead2,0,bead3,0,bead4,0,TfEn,0,pepEn,0,bead1,0
endosome1067E,initOrgProp,area,15367.70066,volume,135380.8655,xcoor,25.22768682,ycoor,25.40175198,pH,7.596394148,,,,,,,,,,,,,,,,,,,,,,
endosome1067E,initRabContent,RabC,15367.70066,,,,,,,,,,,,,,,,,,,,,,,,,,,,,,
endosome1067E,initMembraneContent,EEA1,0.003122604,exCxEn,1.40E-05,R-TfaEn,3.20E-39,oMHCIEn,0.013695061,membraneMarker,0,M6PR,0.007106493,cMHCIEn,0.019822288,R-TfEn,1.72E-39,pepMHCIEn,0,REn,5.38E-04,imCxEn,1.40E-05,,,,,,,,,,
endosome1067E,initSolubleContent,povaEn,0,NH3Cy,0,protonEn,2.428965682,FeEn,0,NH3En,0,NH4En,0,ovaEn,0,TfaEn,8.12E-08,solubleMarker,0,mvb,0,bead2,0,bead3,0,bead4,0,TfEn,0,pepEn,0,bead1,0
endosome1068Q,initOrgProp,area,15367.70066,volume,135380.8655,xcoor,24.34785022,ycoor,24.84530104,pH,7.596394148,,,,,,,,,,,,,,,,,,,,,,
endosome1068Q,initRabContent,RabC,15367.70066,,,,,,,,,,,,,,,,,,,,,,,,,,,,,,
endosome1068Q,initMembraneContent,EEA1,0.003122604,exCxEn,1.40E-05,R-TfaEn,3.20E-39,oMHCIEn,0.013695061,membraneMarker,0,M6PR,0.007106493,cMHCIEn,0.019822288,R-TfEn,1.72E-39,pepMHCIEn,0,REn,5.38E-04,imCxEn,1.40E-05,,,,,,,,,,
endosome1068Q,initSolubleContent,povaEn,0,NH3Cy,0,protonEn,2.428965682,FeEn,0,NH3En,0,NH4En,0,ovaEn,0,TfaEn,8.12E-08,solubleMarker,0,mvb,0,bead2,0,bead3,0,bead4,0,TfEn,0,pepEn,0,bead1,0
endosome1069E,initOrgProp,area,15367.70066,volume,135380.8655,xcoor,23.87819169,ycoor,24.88357219,pH,7.596394148,,,,,,,,,,,,,,,,,,,,,,
endosome1069E,initRabContent,RabC,15367.70066,,,,,,,,,,,,,,,,,,,,,,,,,,,,,,
endosome1069E,initMembraneContent,EEA1,0.003122604,exCxEn,1.40E-05,R-TfaEn,3.20E-39,oMHCIEn,0.013695061,membraneMarker,0,M6PR,0.007106493,cMHCIEn,0.019822288,R-TfEn,1.72E-39,pepMHCIEn,0,REn,5.38E-04,imCxEn,1.40E-05,,,,,,,,,,
endosome1069E,initSolubleContent,povaEn,0,NH3Cy,0,protonEn,2.428965682,FeEn,0,NH3En,0,NH4En,0,ovaEn,0,TfaEn,8.12E-08,solubleMarker,0,mvb,0,bead2,0,bead3,0,bead4,0,TfEn,0,pepEn,0,bead1,0
endosome1070K,initOrgProp,area,12566.37061,volume,100530.9649,xcoor,49.3287297,ycoor,33.43663168,pH,7.303231498,,,,,,,,,,,,,,,,,,,,,,
endosome1070K,initRabContent,RabC,12566.37061,,,,,,,,,,,,,,,,,,,,,,,,,,,,,,
endosome1070K,initMembraneContent,,,,,,,,,,,,,,,,,,,,,,,,,,,,,,,,
endosome1070K,initSolubleContent,protonEn,4.001132404,,,,,,,,,,,,,,,,,,,,,,,,,,,,,,
endosome1071i,initOrgProp,area,14964.70979,volume,124514.3566,xcoor,1.706712937,ycoor,37.87621753,pH,7.320288702,,,,,,,,,,,,,,,,,,,,,,
endosome1071i,initRabContent,RabB,14964.70979,,,,,,,,,,,,,,,,,,,,,,,,,,,,,,
endosome1071i,initMembraneContent,,,,,,,,,,,,,,,,,,,,,,,,,,,,,,,,
endosome1071i,initSolubleContent,protonEn,4.955671395,,,,,,,,,,,,,,,,,,,,,,,,,,,,,,
endosome1072U,initOrgProp,area,17553.96311,volume,146070.4937,xcoor,29.04316484,ycoor,23.20607233,pH,7.846073476,,,,,,,,,,,,,,,,,,,,,,
endosome1072U,initRabContent,RabA,15292.0164,RabB,2261.946711,,,,,,,,,,,,,,,,,,,,,,,,,,,,
endosome1072U,initMembraneContent,EEA1,3.841147058,exCxEn,1.81E-08,R-TfaEn,2.34E-39,oMHCIEn,0.002135109,membraneMarker,0,M6PR,2.719388259,cMHCIEn,0.016818329,R-TfEn,1.32E-39,pepMHCIEn,0,REn,4.04E-04,imCxEn,1.81E-08,,,,,,,,,,
endosome1072U,initSolubleContent,povaEn,0,NH3Cy,0,protonEn,1.08203977,FeEn,0,NH3En,0,NH4En,0,ovaEn,0,TfaEn,1.01E-07,solubleMarker,0,mvb,0,bead2,0,bead3,0,bead4,0,TfEn,0,pepEn,0,bead1,0
endosome1073Y,initOrgProp,area,8168.140899,volume,62831.85307,xcoor,32.01932804,ycoor,38.7116777,pH,7.307472926,,,,,,,,,,,,,,,,,,,,,,
endosome1073Y,initRabContent,RabA,4002.389041,RabB,4165.751859,,,,,,,,,,,,,,,,,,,,,,,,,,,,
endosome1073Y,initMembraneContent,EEA1,1.781773924,exCxEn,6.53E-12,R-TfaEn,5.55E-42,oMHCIEn,1.83E-05,membraneMarker,0,M6PR,2.765040304,cMHCIEn,3.96E-05,R-TfEn,3.13E-42,pepMHCIEn,0,REn,9.59E-07,imCxEn,6.53E-12,,,,,,,,,,
endosome1073Y,initSolubleContent,povaEn,0,NH3Cy,0,protonEn,2.095329893,FeEn,0,NH3En,0,NH4En,0,ovaEn,0,TfaEn,1.57E-07,solubleMarker,0,mvb,0,bead2,0,bead3,0,bead4,0,TfEn,0,pepEn,0,bead1,0
endosome1074t,initOrgProp,area,11709.44744,volume,102820.7731,xcoor,23.84970116,ycoor,25.76895984,pH,7.562450235,,,,,,,,,,,,,,,,,,,,,,
endosome1074t,initRabContent,RabC,11709.44744,,,,,,,,,,,,,,,,,,,,,,,,,,,,,,
endosome1074t,initMembraneContent,EEA1,0.002479819,exCxEn,1.06E-05,R-TfaEn,2.42E-39,oMHCIEn,0.01040974,membraneMarker,0,M6PR,0.004528644,cMHCIEn,0.014896556,R-TfEn,1.30E-39,pepMHCIEn,0,REn,4.07E-04,imCxEn,1.06E-05,,,,,,,,,,
endosome1074t,initSolubleContent,povaEn,0,NH3Cy,0,protonEn,1.815986901,FeEn,0,NH3En,0,NH4En,0,ovaEn,0,TfaEn,6.21E-08,solubleMarker,0,mvb,0,bead2,0,bead3,0,bead4,0,TfEn,0,pepEn,0,bead1,0
endosome1075t,initOrgProp,area,11709.44744,volume,102820.7731,xcoor,23.03582203,ycoor,25.26381717,pH,7.562450235,,,,,,,,,,,,,,,,,,,,,,
endosome1075t,initRabContent,RabC,11709.44744,,,,,,,,,,,,,,,,,,,,,,,,,,,,,,
endosome1075t,initMembraneContent,EEA1,0.002479819,exCxEn,1.06E-05,R-TfaEn,2.42E-39,oMHCIEn,0.01040974,membraneMarker,0,M6PR,0.004528644,cMHCIEn,0.014896556,R-TfEn,1.30E-39,pepMHCIEn,0,REn,4.07E-04,imCxEn,1.06E-05,,,,,,,,,,
endosome1075t,initSolubleContent,povaEn,0,NH3Cy,0,protonEn,1.815986901,FeEn,0,NH3En,0,NH4En,0,ovaEn,0,TfaEn,6.21E-08,solubleMarker,0,mvb,0,bead2,0,bead3,0,bead4,0,TfEn,0,pepEn,0,bead1,0
endosome1076m,initOrgProp,area,11709.44744,volume,102820.7731,xcoor,23.38346184,ycoor,25.35292085,pH,7.562450235,,,,,,,,,,,,,,,,,,,,,,
endosome1076m,initRabContent,RabC,11709.44744,,,,,,,,,,,,,,,,,,,,,,,,,,,,,,
endosome1076m,initMembraneContent,EEA1,0.002479819,exCxEn,1.06E-05,R-TfaEn,2.42E-39,oMHCIEn,0.01040974,membraneMarker,0,M6PR,0.004528644,cMHCIEn,0.014896556,R-TfEn,1.30E-39,pepMHCIEn,0,REn,4.07E-04,imCxEn,1.06E-05,,,,,,,,,,
endosome1076m,initSolubleContent,povaEn,0,NH3Cy,0,protonEn,1.815986901,FeEn,0,NH3En,0,NH4En,0,ovaEn,0,TfaEn,6.21E-08,solubleMarker,0,mvb,0,bead2,0,bead3,0,bead4,0,TfEn,0,pepEn,0,bead1,0
endosome1077x,initOrgProp,area,11709.44744,volume,102820.7731,xcoor,23.31790591,ycoor,25.13393248,pH,7.562450235,,,,,,,,,,,,,,,,,,,,,,
endosome1077x,initRabContent,RabC,11709.44744,,,,,,,,,,,,,,,,,,,,,,,,,,,,,,
endosome1077x,initMembraneContent,EEA1,0.002479819,exCxEn,1.06E-05,R-TfaEn,2.42E-39,oMHCIEn,0.01040974,membraneMarker,0,M6PR,0.004528644,cMHCIEn,0.014896556,R-TfEn,1.30E-39,pepMHCIEn,0,REn,4.07E-04,imCxEn,1.06E-05,,,,,,,,,,
endosome1077x,initSolubleContent,povaEn,0,NH3Cy,0,protonEn,1.815986901,FeEn,0,NH3En,0,NH4En,0,ovaEn,0,TfaEn,6.21E-08,solubleMarker,0,mvb,0,bead2,0,bead3,0,bead4,0,TfEn,0,pepEn,0,bead1,0
endosome1078q,initOrgProp,area,11709.44744,volume,102820.7731,xcoor,22.78547376,ycoor,24.65756637,pH,7.562450235,,,,,,,,,,,,,,,,,,,,,,
endosome1078q,initRabContent,RabC,11709.44744,,,,,,,,,,,,,,,,,,,,,,,,,,,,,,
endosome1078q,initMembraneContent,EEA1,0.002479819,exCxEn,1.06E-05,R-TfaEn,2.42E-39,oMHCIEn,0.01040974,membraneMarker,0,M6PR,0.004528644,cMHCIEn,0.014896556,R-TfEn,1.30E-39,pepMHCIEn,0,REn,4.07E-04,imCxEn,1.06E-05,,,,,,,,,,
endosome1078q,initSolubleContent,povaEn,0,NH3Cy,0,protonEn,1.815986901,FeEn,0,NH3En,0,NH4En,0,ovaEn,0,TfaEn,6.21E-08,solubleMarker,0,mvb,0,bead2,0,bead3,0,bead4,0,TfEn,0,pepEn,0,bead1,0
endosome1079f,initOrgProp,area,11709.44744,volume,102820.7731,xcoor,23.22774456,ycoor,24.6147981,pH,7.562450235,,,,,,,,,,,,,,,,,,,,,,
endosome1079f,initRabContent,RabC,11709.44744,,,,,,,,,,,,,,,,,,,,,,,,,,,,,,
endosome1079f,initMembraneContent,EEA1,0.002479819,exCxEn,1.06E-05,R-TfaEn,2.42E-39,oMHCIEn,0.01040974,membraneMarker,0,M6PR,0.004528644,cMHCIEn,0.014896556,R-TfEn,1.30E-39,pepMHCIEn,0,REn,4.07E-04,imCxEn,1.06E-05,,,,,,,,,,
endosome1079f,initSolubleContent,povaEn,0,NH3Cy,0,protonEn,1.815986901,FeEn,0,NH3En,0,NH4En,0,ovaEn,0,TfaEn,6.21E-08,solubleMarker,0,mvb,0,bead2,0,bead3,0,bead4,0,TfEn,0,pepEn,0,bead1,0
endosome1080A,initOrgProp,area,11709.44744,volume,102820.7731,xcoor,23.31291392,ycoor,24.447599,pH,7.562450235,,,,,,,,,,,,,,,,,,,,,,
endosome1080A,initRabContent,RabC,11709.44744,,,,,,,,,,,,,,,,,,,,,,,,,,,,,,
endosome1080A,initMembraneContent,EEA1,0.002479819,exCxEn,1.06E-05,R-TfaEn,2.42E-39,oMHCIEn,0.01040974,membraneMarker,0,M6PR,0.004528644,cMHCIEn,0.014896556,R-TfEn,1.30E-39,pepMHCIEn,0,REn,4.07E-04,imCxEn,1.06E-05,,,,,,,,,,
endosome1080A,initSolubleContent,povaEn,0,NH3Cy,0,protonEn,1.815986901,FeEn,0,NH3En,0,NH4En,0,ovaEn,0,TfaEn,6.21E-08,solubleMarker,0,mvb,0,bead2,0,bead3,0,bead4,0,TfEn,0,pepEn,0,bead1,0
endosome1081W,initOrgProp,area,11709.44744,volume,102820.7731,xcoor,23.96448595,ycoor,25.17305708,pH,7.562450235,,,,,,,,,,,,,,,,,,,,,,
endosome1081W,initRabContent,RabC,11709.44744,,,,,,,,,,,,,,,,,,,,,,,,,,,,,,
endosome1081W,initMembraneContent,EEA1,0.002479819,exCxEn,1.06E-05,R-TfaEn,2.42E-39,oMHCIEn,0.01040974,membraneMarker,0,M6PR,0.004528644,cMHCIEn,0.014896556,R-TfEn,1.30E-39,pepMHCIEn,0,REn,4.07E-04,imCxEn,1.06E-05,,,,,,,,,,
endosome1081W,initSolubleContent,povaEn,0,NH3Cy,0,protonEn,1.815986901,FeEn,0,NH3En,0,NH4En,0,ovaEn,0,TfaEn,6.21E-08,solubleMarker,0,mvb,0,bead2,0,bead3,0,bead4,0,TfEn,0,pepEn,0,bead1,0
endosome1082B,initOrgProp,area,9182.566368,volume,75175.22262,xcoor,30.80140438,ycoor,15.65322577,pH,7.647574291,,,,,,,,,,,,,,,,,,,,,,
endosome1082B,initRabContent,RabC,9182.566368,,,,,,,,,,,,,,,,,,,,,,,,,,,,,,
endosome1082B,initMembraneContent,EEA1,3.31E-04,exCxEn,2.04E-05,R-TfaEn,3.73E-40,oMHCIEn,0.001320571,membraneMarker,0,M6PR,5.06E-05,cMHCIEn,0.002247798,R-TfEn,2.00E-40,pepMHCIEn,0,REn,6.27E-05,imCxEn,2.04E-05,,,,,,,,,,
endosome1082B,initSolubleContent,povaEn,0,NH3Cy,0,protonEn,0.692389927,FeEn,0,NH3En,0,NH4En,0,ovaEn,0,TfaEn,1.21E-09,solubleMarker,0,mvb,0,bead2,0,bead3,0,bead4,0,TfEn,0,pepEn,0,bead1,0
endosome1083n,initOrgProp,area,9182.566368,volume,75175.22262,xcoor,29.37675426,ycoor,17.61560915,pH,7.647574291,,,,,,,,,,,,,,,,,,,,,,
endosome1083n,initRabContent,RabC,9182.566368,,,,,,,,,,,,,,,,,,,,,,,,,,,,,,
endosome1083n,initMembraneContent,EEA1,3.31E-04,exCxEn,2.04E-05,R-TfaEn,3.73E-40,oMHCIEn,0.001320571,membraneMarker,0,M6PR,5.06E-05,cMHCIEn,0.002247798,R-TfEn,2.00E-40,pepMHCIEn,0,REn,6.27E-05,imCxEn,2.04E-05,,,,,,,,,,
endosome1083n,initSolubleContent,povaEn,0,NH3Cy,0,protonEn,0.692389927,FeEn,0,NH3En,0,NH4En,0,ovaEn,0,TfaEn,1.21E-09,solubleMarker,0,mvb,0,bead2,0,bead3,0,bead4,0,TfEn,0,pepEn,0,bead1,0
endosome1084T,initOrgProp,area,12566.37061,volume,100530.9649,xcoor,22.21731416,ycoor,18.95315039,pH,7.434922559,,,,,,,,,,,,,,,,,,,,,,
endosome1084T,initRabContent,RabA,12566.37061,,,,,,,,,,,,,,,,,,,,,,,,,,,,,,
endosome1084T,initMembraneContent,EEA1,1.441700424,exCxEn,3.88E-10,R-TfaEn,1.28E-41,oMHCIEn,0.00384519,membraneMarker,0,M6PR,2.208623379,cMHCIEn,1.08E-04,R-TfEn,7.22E-42,pepMHCIEn,0,REn,2.21E-06,imCxEn,3.88E-10,,,,,,,,,,
endosome1084T,initSolubleContent,povaEn,0,NH3Cy,0,protonEn,2.692982864,FeEn,0,NH3En,0,NH4En,0,ovaEn,0,TfaEn,2.55E-07,solubleMarker,0,mvb,0,bead2,0,bead3,0,bead4,0,TfEn,0,pepEn,0,bead1,0
endosome1085v,initOrgProp,area,8168.140899,volume,62831.85307,xcoor,39.2719092,ycoor,44.23890044,pH,7.307472926,,,,,,,,,,,,,,,,,,,,,,
endosome1085v,initRabContent,RabA,5717.69863,RabB,2450.44227,,,,,,,,,,,,,,,,,,,,,,,,,,,,
endosome1085v,initMembraneContent,EEA1,1.781773924,exCxEn,6.53E-12,R-TfaEn,5.55E-42,oMHCIEn,1.83E-05,membraneMarker,0,M6PR,2.765040304,cMHCIEn,3.96E-05,R-TfEn,3.13E-42,pepMHCIEn,0,REn,9.59E-07,imCxEn,6.53E-12,,,,,,,,,,
endosome1085v,initSolubleContent,povaEn,0,NH3Cy,0,protonEn,2.095329893,FeEn,0,NH3En,0,NH4En,0,ovaEn,0,TfaEn,1.57E-07,solubleMarker,0,mvb,0,bead2,0,bead3,0,bead4,0,TfEn,0,pepEn,0,bead1,0
endosome1086M,initOrgProp,area,7539.822369,volume,50265.48246,xcoor,23.13896423,ycoor,19.2394223,pH,7.330850883,,,,,,,,,,,,,,,,,,,,,,
endosome1086M,initRabContent,RabA,5277.875658,RabB,2261.946711,,,,,,,,,,,,,,,,,,,,,,,,,,,,
endosome1086M,initMembraneContent,EEA1,0.865020254,exCxEn,2.33E-10,R-TfaEn,7.68E-42,oMHCIEn,0.002307114,membraneMarker,0,M6PR,1.325174027,cMHCIEn,6.46E-05,R-TfEn,4.33E-42,pepMHCIEn,0,REn,1.33E-06,imCxEn,2.33E-10,,,,,,,,,,
endosome1086M,initSolubleContent,povaEn,0,NH3Cy,0,protonEn,1.346491432,FeEn,0,NH3En,0,NH4En,0,ovaEn,0,TfaEn,1.27E-07,solubleMarker,0,mvb,0,bead2,0,bead3,0,bead4,0,TfEn,0,pepEn,0,bead1,0
endosome1087L,initOrgProp,area,7539.822369,volume,50265.48246,xcoor,38.77752281,ycoor,48.85282192,pH,7.226799243,,,,,,,,,,,,,,,,,,,,,,
endosome1087L,initRabContent,RabD,753.996411,RabA,4750.07817,RabB,2035.747787,,,,,,,,,,,,,,,,,,,,,,,,,,
endosome1087L,initMembraneContent,EEA1,0.962090727,exCxEn,4.85E-11,R-TfaEn,1.12E-41,oMHCIEn,0.003709275,membraneMarker,0,M6PR,2.922737886,cMHCIEn,9.18E-05,R-TfEn,6.31E-42,pepMHCIEn,0,REn,1.93E-06,imCxEn,4.85E-11,,,,,,,,,,
endosome1087L,initSolubleContent,povaEn,0,NH3Cy,0,protonEn,1.981745773,FeEn,0,NH3En,0,NH4En,0,ovaEn,0,TfaEn,1.87E-07,solubleMarker,0,mvb,0,bead2,0,bead3,0,bead4,0,TfEn,0,pepEn,0,bead1,0
endosome1088G,initOrgProp,area,7539.822369,volume,50265.48246,xcoor,6.738117598,ycoor,23.99154077,pH,7.624238674,,,,,,,,,,,,,,,,,,,,,,
endosome1088G,initRabContent,RabA,7539.822369,,,,,,,,,,,,,,,,,,,,,,,,,,,,,,
endosome1088G,initMembraneContent,EEA1,0.002119137,exCxEn,0,R-TfaEn,1.23E-45,oMHCIEn,1.25E-08,membraneMarker,0,M6PR,0.00145095,cMHCIEn,7.28E-09,R-TfEn,6.97E-46,pepMHCIEn,0,REn,2.13E-10,imCxEn,0,,,,,,,,,,
endosome1088G,initSolubleContent,povaEn,0,NH3Cy,0,protonEn,0.194073833,FeEn,0,NH3En,0,NH4En,0,ovaEn,0,TfaEn,1.68E-11,solubleMarker,0,mvb,0,bead2,0,bead3,0,bead4,0,TfEn,0,pepEn,0,bead1,0
endosome1089g,initOrgProp,area,12566.37061,volume,100530.9649,xcoor,28.8866702,ycoor,28.29461714,pH,7.724442215,,,,,,,,,,,,,,,,,,,,,,
endosome1089g,initRabContent,RabC,12566.37061,,,,,,,,,,,,,,,,,,,,,,,,,,,,,,
endosome1089g,initMembraneContent,EEA1,0.003580757,exCxEn,1.40E-05,R-TfaEn,2.64E-39,oMHCIEn,0.010812842,membraneMarker,0,M6PR,0.004304568,cMHCIEn,0.015427412,R-TfEn,1.40E-39,pepMHCIEn,0,REn,4.41E-04,imCxEn,1.40E-05,,,,,,,,,,
endosome1089g,initSolubleContent,povaEn,0,NH3Cy,0,protonEn,0.896084272,FeEn,0,NH3En,0,NH4En,0,ovaEn,0,TfaEn,4.79E-08,solubleMarker,0,mvb,0,bead2,0,bead3,0,bead4,0,TfEn,0,pepEn,0,bead1,0
endosome1090L,initOrgProp,area,7539.822369,volume,50265.48246,xcoor,2.611794601,ycoor,10.13926383,pH,7.22207679,,,,,,,,,,,,,,,,,,,,,,
endosome1090L,initRabContent,RabD,753.9970965,RabA,6785.825272,,,,,,,,,,,,,,,,,,,,,,,,,,,,
endosome1090L,initMembraneContent,EEA1,1.924537717,exCxEn,0,R-TfaEn,3.51E-42,oMHCIEn,4.22E-05,membraneMarker,0,M6PR,2.408289756,cMHCIEn,2.71E-05,R-TfEn,1.98E-42,pepMHCIEn,0,REn,6.07E-07,imCxEn,0,,,,,,,,,,
endosome1090L,initSolubleContent,povaEn,0,NH3Cy,0,protonEn,2.01434575,FeEn,0,NH3En,0,NH4En,0,ovaEn,0,TfaEn,1.34E-07,solubleMarker,0,mvb,0,bead2,0,bead3,0,bead4,0,TfEn,0,pepEn,0,bead1,0
endosome1091I,initOrgProp,area,15383.1946,volume,130069.0272,xcoor,2.521196701,ycoor,2.020285041,pH,7.379184457,,,,,,,,,,,,,,,,,,,,,,
endosome1091I,initRabContent,RabA,15383.1946,,,,,,,,,,,,,,,,,,,,,,,,,,,,,,
endosome1091I,initMembraneContent,EEA1,2.393438977,exCxEn,3.87E-13,R-TfaEn,1.32E-42,oMHCIEn,3.71E-05,membraneMarker,0,M6PR,3.37595423,cMHCIEn,1.02E-05,R-TfEn,7.42E-43,pepMHCIEn,0,REn,2.28E-07,imCxEn,3.87E-13,,,,,,,,,,
endosome1091I,initSolubleContent,povaEn,0,NH3Cy,0,protonEn,4.432371158,FeEn,0,NH3En,0,NH4En,0,ovaEn,0,TfaEn,1.15E-07,solubleMarker,0,mvb,0,bead2,0,bead3,0,bead4,0,TfEn,0,pepEn,0,bead1,0
endosome1092U,initOrgProp,area,15383.1946,volume,130069.0272,xcoor,3.377916218,ycoor,0.86354734,pH,7.379184457,,,,,,,,,,,,,,,,,,,,,,
endosome1092U,initRabContent,RabA,7537.765355,RabB,7845.429247,,,,,,,,,,,,,,,,,,,,,,,,,,,,
endosome1092U,initMembraneContent,EEA1,2.393438977,exCxEn,3.87E-13,R-TfaEn,1.32E-42,oMHCIEn,3.71E-05,membraneMarker,0,M6PR,3.37595423,cMHCIEn,1.02E-05,R-TfEn,7.42E-43,pepMHCIEn,0,REn,2.28E-07,imCxEn,3.87E-13,,,,,,,,,,
endosome1092U,initSolubleContent,povaEn,0,NH3Cy,0,protonEn,4.432371158,FeEn,0,NH3En,0,NH4En,0,ovaEn,0,TfaEn,1.15E-07,solubleMarker,0,mvb,0,bead2,0,bead3,0,bead4,0,TfEn,0,pepEn,0,bead1,0
endosome1093a,initOrgProp,area,15223.43173,volume,127101.576,xcoor,0.381395379,ycoor,2.642871423,pH,7.321775593,,,,,,,,,,,,,,,,,,,,,,
endosome1093a,initRabContent,RabC,2338.319113,RabB,12885.11261,,,,,,,,,,,,,,,,,,,,,,,,,,,,
endosome1093a,initMembraneContent,,,,,,,,,,,,,,,,,,,,,,,,,,,,,,,,
endosome1093a,initSolubleContent,protonEn,5.058642726,,,,,,,,,,,,,,,,,,,,,,,,,,,,,,
endosome1094B,initOrgProp,area,15223.43173,volume,127101.576,xcoor,0.69615334,ycoor,2.233677875,pH,7.321775593,,,,,,,,,,,,,,,,,,,,,,
endosome1094B,initRabContent,RabB,15223.43173,,,,,,,,,,,,,,,,,,,,,,,,,,,,,,
endosome1094B,initMembraneContent,,,,,,,,,,,,,,,,,,,,,,,,,,,,,,,,
endosome1094B,initSolubleContent,protonEn,5.058642726,,,,,,,,,,,,,,,,,,,,,,,,,,,,,,
endosome1095H,initOrgProp,area,15223.43173,volume,127101.576,xcoor,0.453358777,ycoor,2.970107354,pH,7.321775593,,,,,,,,,,,,,,,,,,,,,,
endosome1095H,initRabContent,RabB,15223.43173,,,,,,,,,,,,,,,,,,,,,,,,,,,,,,
endosome1095H,initMembraneContent,,,,,,,,,,,,,,,,,,,,,,,,,,,,,,,,
endosome1095H,initSolubleContent,protonEn,5.058642726,,,,,,,,,,,,,,,,,,,,,,,,,,,,,,
endosome1096e,initOrgProp,area,7539.822369,volume,50265.48246,xcoor,1.946833372,ycoor,26.35105349,pH,7.238452056,,,,,,,,,,,,,,,,,,,,,,
endosome1096e,initRabContent,RabA,7539.822369,,,,,,,,,,,,,,,,,,,,,,,,,,,,,,
endosome1096e,initMembraneContent,EEA1,1.430147666,exCxEn,1.53E-11,R-TfaEn,2.94E-42,oMHCIEn,0.003656076,membraneMarker,0,M6PR,4.273629195,cMHCIEn,2.28E-05,R-TfEn,1.66E-42,pepMHCIEn,0,REn,5.09E-07,imCxEn,1.53E-11,,,,,,,,,,
endosome1096e,initSolubleContent,povaEn,0,NH3Cy,0,protonEn,1.902804578,FeEn,0,NH3En,0,NH4En,0,ovaEn,0,TfaEn,1.80E-07,solubleMarker,0,mvb,0,bead2,0,bead3,0,bead4,0,TfEn,0,pepEn,0,bead1,0
endosome1097x,initOrgProp,area,13097.49964,volume,105842.2551,xcoor,49.28939989,ycoor,20.38826477,pH,7.307611204,,,,,,,,,,,,,,,,,,,,,,
endosome1097x,initRabContent,RabC,1047.799971,RabB,12049.69966,,,,,,,,,,,,,,,,,,,,,,,,,,,,
endosome1097x,initMembraneContent,,,,,,,,,,,,,,,,,,,,,,,,,,,,,,,,
endosome1097x,initSolubleContent,protonEn,4.212521754,,,,,,,,,,,,,,,,,,,,,,,,,,,,,,
endosome1098N,initOrgProp,area,7539.822369,volume,50265.48246,xcoor,25.10084724,ycoor,24.7816343,pH,7.256640624,,,,,,,,,,,,,,,,,,,,,,
endosome1098N,initRabContent,RabF,7539.822369,,,,,,,,,,,,,,,,,,,,,,,,,,,,,,
endosome1098N,initMembraneContent,EEA1,9.96E-04,exCxEn,1.60E-07,R-TfaEn,8.57E-43,oMHCIEn,3.08E-06,membraneMarker,0,M6PR,0.06839924,cMHCIEn,4.46E-06,R-TfEn,4.10E-43,pepMHCIEn,0,REn,1.35E-07,imCxEn,1.60E-07,,,,,,,,,,
endosome1098N,initSolubleContent,povaEn,0,NH3Cy,0,protonEn,1.783743599,FeEn,0,NH3En,0,NH4En,0,ovaEn,0,TfaEn,3.22E-09,solubleMarker,0,mvb,0,bead2,0,bead3,0,bead4,0,TfEn,0,pepEn,0,bead1,0
endosome1099B,initOrgProp,area,7539.822369,volume,50265.48246,xcoor,28.62241647,ycoor,46.33511368,pH,7.224066642,,,,,,,,,,,,,,,,,,,,,,
endosome1099B,initRabContent,RabA,7539.822369,,,,,,,,,,,,,,,,,,,,,,,,,,,,,,
endosome1099B,initMembraneContent,EEA1,1.183621093,exCxEn,0,R-TfaEn,1.91E-41,oMHCIEn,2.83E-04,membraneMarker,0,M6PR,2.299163921,cMHCIEn,1.51E-04,R-TfEn,1.08E-41,pepMHCIEn,0,REn,3.31E-06,imCxEn,0,,,,,,,,,,
endosome1099B,initSolubleContent,povaEn,0,NH3Cy,0,protonEn,2.000566202,FeEn,0,NH3En,0,NH4En,0,ovaEn,0,TfaEn,1.87E-07,solubleMarker,0,mvb,0,bead2,0,bead3,0,bead4,0,TfEn,0,pepEn,0,bead1,0
endosome1100Y,initOrgProp,area,12566.37061,volume,100530.9649,xcoor,26.28174522,ycoor,16.21111956,pH,7.99394522,,,,,,,,,,,,,,,,,,,,,,
endosome1100Y,initRabContent,RabF,12566.37061,,,,,,,,,,,,,,,,,,,,,,,,,,,,,,
endosome1100Y,initMembraneContent,EEA1,8.00E-05,exCxEn,5.41E-10,R-TfaEn,5.68E-46,oMHCIEn,9.95E-09,membraneMarker,0,M6PR,5.58E-07,cMHCIEn,2.63E-09,R-TfEn,1.91E-46,pepMHCIEn,0,REn,7.52E-11,imCxEn,5.41E-10,,,,,,,,,,
endosome1100Y,initSolubleContent,povaEn,0,NH3Cy,0,protonEn,0.019423478,FeEn,0,NH3En,0,NH4En,0,ovaEn,0,TfaEn,1.89E-11,solubleMarker,0,mvb,0,bead2,0,bead3,0,bead4,0,TfEn,0,pepEn,0,bead1,0
endosome1101u,initOrgProp,area,7539.822369,volume,50265.48246,xcoor,24.73819236,ycoor,15.19364142,pH,7.69707245,,,,,,,,,,,,,,,,,,,,,,
endosome1101u,initRabContent,RabB,7539.822369,,,,,,,,,,,,,,,,,,,,,,,,,,,,,,
endosome1101u,initMembraneContent,EEA1,4.80E-05,exCxEn,3.28E-08,R-TfaEn,3.41E-43,oMHCIEn,5.97E-09,membraneMarker,0,M6PR,3.35E-07,cMHCIEn,1.58E-06,R-TfEn,1.15E-43,pepMHCIEn,0,REn,4.51E-08,imCxEn,3.28E-08,,,,,,,,,,
endosome1101u,initSolubleContent,povaEn,0,NH3Cy,0,protonEn,0.009711739,FeEn,0,NH3En,0,NH4En,0,ovaEn,0,TfaEn,9.45E-12,solubleMarker,0,mvb,0,bead2,0,bead3,0,bead4,0,TfEn,0,pepEn,0,bead1,0
endosome1102R,initOrgProp,area,7539.822369,volume,50265.48246,xcoor,33.96077285,ycoor,45.27217308,pH,7.23876745,,,,,,,,,,,,,,,,,,,,,,
endosome1102R,initRabContent,RabA,7539.822369,,,,,,,,,,,,,,,,,,,,,,,,,,,,,,
endosome1102R,initMembraneContent,EEA1,5.359129943,exCxEn,0,R-TfaEn,2.11E-41,oMHCIEn,3.90E-04,membraneMarker,0,M6PR,3.932591955,cMHCIEn,1.41E-04,R-TfEn,1.19E-41,pepMHCIEn,0,REn,3.65E-06,imCxEn,0,,,,,,,,,,
endosome1102R,initSolubleContent,povaEn,0,NH3Cy,0,protonEn,1.900697262,FeEn,0,NH3En,0,NH4En,0,ovaEn,0,TfaEn,1.79E-07,solubleMarker,0,mvb,0,bead2,0,bead3,0,bead4,0,TfEn,0,pepEn,0,bead1,0
endosome1103l,initOrgProp,area,7539.822369,volume,50265.48246,xcoor,48.25830469,ycoor,49.36147109,pH,7.224066642,,,,,,,,,,,,,,,,,,,,,,
endosome1103l,initRabContent,RabB,7539.822369,,,,,,,,,,,,,,,,,,,,,,,,,,,,,,
endosome1103l,initMembraneContent,,,,,,,,,,,,,,,,,,,,,,,,,,,,,,,,
endosome1103l,initSolubleContent,protonEn,2.000566202,,,,,,,,,,,,,,,,,,,,,,,,,,,,,,
endosome1104A,initOrgProp,area,7539.822369,volume,50265.48246,xcoor,41.98769039,ycoor,49.4510201,pH,7.224066642,,,,,,,,,,,,,,,,,,,,,,
endosome1104A,initRabContent,RabB,7539.822369,,,,,,,,,,,,,,,,,,,,,,,,,,,,,,
endosome1104A,initMembraneContent,,,,,,,,,,,,,,,,,,,,,,,,,,,,,,,,
endosome1104A,initSolubleContent,protonEn,2.000566202,,,,,,,,,,,,,,,,,,,,,,,,,,,,,,
endosome1105Y,initOrgProp,area,7539.822369,volume,50265.48246,xcoor,11.65446367,ycoor,31.78336175,pH,7.246672967,,,,,,,,,,,,,,,,,,,,,,
endosome1105Y,initRabContent,RabA,7539.822369,,,,,,,,,,,,,,,,,,,,,,,,,,,,,,
endosome1105Y,initMembraneContent,EEA1,1.204594806,exCxEn,9.60E-09,R-TfaEn,1.74E-39,oMHCIEn,0.003408925,membraneMarker,0,M6PR,2.028805653,cMHCIEn,0.013934273,R-TfEn,9.83E-40,pepMHCIEn,0,REn,3.01E-04,imCxEn,9.60E-09,,,,,,,,,,
endosome1105Y,initSolubleContent,povaEn,0,NH3Cy,0,protonEn,1.848373182,FeEn,0,NH3En,0,NH4En,0,ovaEn,0,TfaEn,1.72E-07,solubleMarker,0,mvb,0,bead2,0,bead3,0,bead4,0,TfEn,0,pepEn,0,bead1,0
endosome1106Q,initOrgProp,area,7539.822369,volume,50265.48246,xcoor,31.40083967,ycoor,42.68491714,pH,7.238659733,,,,,,,,,,,,,,,,,,,,,,
endosome1106Q,initRabContent,RabA,7539.822369,,,,,,,,,,,,,,,,,,,,,,,,,,,,,,
endosome1106Q,initMembraneContent,EEA1,5.359129943,exCxEn,0,R-TfaEn,2.11E-41,oMHCIEn,3.90E-04,membraneMarker,0,M6PR,3.932591955,cMHCIEn,1.41E-04,R-TfEn,1.19E-41,pepMHCIEn,0,REn,3.65E-06,imCxEn,0,,,,,,,,,,
endosome1106Q,initSolubleContent,povaEn,0,NH3Cy,0,protonEn,1.901416807,FeEn,0,NH3En,0,NH4En,0,ovaEn,0,TfaEn,1.79E-07,solubleMarker,0,mvb,0,bead2,0,bead3,0,bead4,0,TfEn,0,pepEn,0,bead1,0
endosome1107S,initOrgProp,area,12566.37061,volume,100530.9649,xcoor,11.89437574,ycoor,0.46962224,pH,7.303231498,,,,,,,,,,,,,,,,,,,,,,
endosome1107S,initRabContent,RabB,12566.37061,,,,,,,,,,,,,,,,,,,,,,,,,,,,,,
endosome1107S,initMembraneContent,,,,,,,,,,,,,,,,,,,,,,,,,,,,,,,,
endosome1107S,initSolubleContent,protonEn,4.001132404,,,,,,,,,,,,,,,,,,,,,,,,,,,,,,
endosome1108N,initOrgProp,area,17592.91886,volume,150796.4474,xcoor,22.79850025,ycoor,22.46040799,pH,8.17328323,,,,,,,,,,,,,,,,,,,,,,
endosome1108N,initRabContent,RabC,1407.433509,RabB,16185.48535,,,,,,,,,,,,,,,,,,,,,,,,,,,,
endosome1108N,initMembraneContent,EEA1,0.003343882,exCxEn,3.23E-06,R-TfaEn,6.29E-40,oMHCIEn,7.78E-06,membraneMarker,0,M6PR,1.65E-04,cMHCIEn,0.003073068,R-TfEn,2.94E-40,pepMHCIEn,0,REn,9.79E-05,imCxEn,3.23E-06,,,,,,,,,,
endosome1108N,initSolubleContent,povaEn,0,NH3Cy,0,protonEn,0.011830765,FeEn,0,NH3En,0,NH4En,0,ovaEn,0,TfaEn,9.50E-10,solubleMarker,0,mvb,0,bead2,0,bead3,0,bead4,0,TfEn,0,pepEn,0,bead1,0
endosome1109N,initOrgProp,area,45061.88161,volume,817421.1774,xcoor,28.76465638,ycoor,33.25233493,pH,7.386968777,,,,,,,,,,,,,,,,,,,,,,
endosome1109N,initRabContent,RabA,45061.88161,,,,,,,,,,,,,,,,,,,,,,,,,,,,,,
endosome1109N,initMembraneContent,EEA1,9.665574693,exCxEn,0,R-TfaEn,1.27E-38,oMHCIEn,0.024606463,membraneMarker,0,M6PR,14.12755203,cMHCIEn,0.102020623,R-TfEn,7.14E-39,pepMHCIEn,0,REn,0.002191371,imCxEn,0,,,,,,,,,,
endosome1109N,initSolubleContent,povaEn,0,NH3Cy,0,protonEn,32.53336286,FeEn,0,NH3En,0,NH4En,0,ovaEn,0,TfaEn,3.08E-06,solubleMarker,0,mvb,0.032920459,bead2,0,bead3,0,bead4,0,TfEn,0,pepEn,0,bead1,0
endosome1110m,initOrgProp,area,35549.57475,volume,610056.9085,xcoor,4.745161357,ycoor,31.91058993,pH,7.376914157,,,,,,,,,,,,,,,,,,,,,,
endosome1110m,initRabContent,RabA,35549.57475,,,,,,,,,,,,,,,,,,,,,,,,,,,,,,
endosome1110m,initMembraneContent,EEA1,7.061500148,exCxEn,0,R-TfaEn,9.96E-39,oMHCIEn,0.019406232,membraneMarker,0,M6PR,10.9857551,cMHCIEn,0.080507974,R-TfEn,5.61E-39,pepMHCIEn,0,REn,0.001720783,imCxEn,0,,,,,,,,,,
endosome1110m,initSolubleContent,povaEn,0,NH3Cy,0,protonEn,24.61274895,FeEn,0,NH3En,0,NH4En,0,ovaEn,0,TfaEn,2.33E-06,solubleMarker,0,mvb,0.024904754,bead2,0,bead3,0,bead4,0,TfEn,0,pepEn,0,bead1,0
endosome1111e,initOrgProp,area,43008.01449,volume,735180.2254,xcoor,43.52993775,ycoor,26.70001387,pH,7.385033168,,,,,,,,,,,,,,,,,,,,,,
endosome1111e,initRabContent,RabA,43008.01449,,,,,,,,,,,,,,,,,,,,,,,,,,,,,,
endosome1111e,initMembraneContent,EEA1,19.44916103,exCxEn,0,R-TfaEn,1.31E-38,oMHCIEn,0.023546466,membraneMarker,0,M6PR,17.26769097,cMHCIEn,0.096785882,R-TfEn,7.36E-39,pepMHCIEn,0,REn,0.002257869,imCxEn,0,,,,,,,,,,
endosome1111e,initSolubleContent,povaEn,0,NH3Cy,0,protonEn,29.29428095,FeEn,0,NH3En,0,NH4En,0,ovaEn,0,TfaEn,2.77E-06,solubleMarker,0,mvb,0.033657152,bead2,0,bead3,0,bead4,0,TfEn,0,pepEn,0,bead1,0
endosome1112A,initOrgProp,area,27029.78446,volume,367586.2544,xcoor,44.64786099,ycoor,20.69811648,pH,7.371402149,,,,,,,,,,,,,,,,,,,,,,
endosome1112A,initRabContent,RabA,27029.78446,,,,,,,,,,,,,,,,,,,,,,,,,,,,,,
endosome1112A,initMembraneContent,EEA1,4.793968631,exCxEn,0,R-TfaEn,7.52E-39,oMHCIEn,0.014749987,membraneMarker,0,M6PR,8.17632554,cMHCIEn,0.061245665,R-TfEn,4.24E-39,pepMHCIEn,0,REn,0.001299489,imCxEn,0,,,,,,,,,,
endosome1112A,initSolubleContent,povaEn,0,NH3Cy,0,protonEn,14.62993293,FeEn,0,NH3En,0,NH4En,0,ovaEn,0,TfaEn,1.38E-06,solubleMarker,0,mvb,0.014802804,bead2,0,bead3,0,bead4,0,TfEn,0,pepEn,0,bead1,0
endosome1113A,initOrgProp,area,31968.57251,volume,492642.0849,xcoor,46.93051961,ycoor,12.10060988,pH,7.378513472,,,,,,,,,,,,,,,,,,,,,,
endosome1113A,initRabContent,RabA,31968.57251,,,,,,,,,,,,,,,,,,,,,,,,,,,,,,
endosome1113A,initMembraneContent,EEA1,5.419093626,exCxEn,0,R-TfaEn,8.87E-39,oMHCIEn,0.017444918,membraneMarker,0,M6PR,9.588816881,cMHCIEn,0.072461641,R-TfEn,5.00E-39,pepMHCIEn,0,REn,0.001532925,imCxEn,0,,,,,,,,,,
endosome1113A,initSolubleContent,povaEn,0,NH3Cy,0,protonEn,19.60715498,FeEn,0,NH3En,0,NH4En,0,ovaEn,0,TfaEn,1.85E-06,solubleMarker,0,mvb,0.019838535,bead2,0,bead3,0,bead4,0,TfEn,0,pepEn,0,bead1,0
endosome1114G,initOrgProp,area,14263.77222,volume,157694.0291,xcoor,20.86805067,ycoor,32.99861572,pH,7.330058874,,,,,,,,,,,,,,,,,,,,,,
endosome1114G,initRabContent,RabA,14263.77222,,,,,,,,,,,,,,,,,,,,,,,,,,,,,,
endosome1114G,initMembraneContent,EEA1,2.195620279,exCxEn,0,R-TfaEn,3.93E-39,oMHCIEn,0.007779834,membraneMarker,0,M6PR,4.200411309,cMHCIEn,0.032339912,R-TfEn,2.22E-39,pepMHCIEn,0,REn,6.80E-04,imCxEn,0,,,,,,,,,,
endosome1114G,initSolubleContent,povaEn,0,NH3Cy,0,protonEn,6.374904077,FeEn,0,NH3En,0,NH4En,0,ovaEn,0,TfaEn,6.03E-07,solubleMarker,0,mvb,0.006449907,bead2,0,bead3,0,bead4,0,TfEn,0,pepEn,0,bead1,0
endosome1115q,initOrgProp,area,41886.52711,volume,708351.8853,xcoor,43.94243601,ycoor,16.64784143,pH,7.384979178,,,,,,,,,,,,,,,,,,,,,,
endosome1115q,initRabContent,RabA,41886.52711,,,,,,,,,,,,,,,,,,,,,,,,,,,,,,
endosome1115q,initMembraneContent,EEA1,6.299549706,exCxEn,0,R-TfaEn,1.15E-38,oMHCIEn,0.02285539,membraneMarker,0,M6PR,12.28500354,cMHCIEn,0.095025311,R-TfEn,6.50E-39,pepMHCIEn,0,REn,0.001994589,imCxEn,0,,,,,,,,,,
endosome1115q,initSolubleContent,povaEn,0,NH3Cy,0,protonEn,28.19240504,FeEn,0,NH3En,0,NH4En,0,ovaEn,0,TfaEn,2.67E-06,solubleMarker,0,mvb,0.028523907,bead2,0,bead3,0,bead4,0,TfEn,0,pepEn,0,bead1,0
endosome1116x,initOrgProp,area,16806.43728,volume,176756.701,xcoor,39.90650435,ycoor,22.99225694,pH,7.342394509,,,,,,,,,,,,,,,,,,,,,,
endosome1116x,initRabContent,RabA,16806.43728,,,,,,,,,,,,,,,,,,,,,,,,,,,,,,
endosome1116x,initMembraneContent,EEA1,2.352692825,exCxEn,0,R-TfaEn,4.61E-39,oMHCIEn,0.009165346,membraneMarker,0,M6PR,4.862076806,cMHCIEn,0.038127732,R-TfEn,2.60E-39,pepMHCIEn,0,REn,7.97E-04,imCxEn,0,,,,,,,,,,
endosome1116x,initSolubleContent,povaEn,0,NH3Cy,0,protonEn,7.0349167,FeEn,0,NH3En,0,NH4En,0,ovaEn,0,TfaEn,6.65E-07,solubleMarker,0,mvb,0.007117427,bead2,0,bead3,0,bead4,0,TfEn,0,pepEn,0,bead1,0
endosome1117m,initOrgProp,area,26896.64989,volume,404893.7194,xcoor,10.04681101,ycoor,45.12057018,pH,7.36918375,,,,,,,,,,,,,,,,,,,,,,
endosome1117m,initRabContent,RabA,26896.64989,,,,,,,,,,,,,,,,,,,,,,,,,,,,,,
endosome1117m,initMembraneContent,EEA1,3.661860722,exCxEn,0,R-TfaEn,7.37E-39,oMHCIEn,0.014669654,membraneMarker,0,M6PR,7.74122747,cMHCIEn,0.061039208,R-TfEn,4.15E-39,pepMHCIEn,0,REn,0.001272996,imCxEn,0,,,,,,,,,,
endosome1117m,initSolubleContent,povaEn,0,NH3Cy,0,protonEn,16.30442967,FeEn,0,NH3En,0,NH4En,0,ovaEn,0,TfaEn,1.54E-06,solubleMarker,0,mvb,0.016495538,bead2,0,bead3,0,bead4,0,TfEn,0,pepEn,0,bead1,0
endosome1118R,initOrgProp,area,31552.95199,volume,463988.0754,xcoor,8.65496916,ycoor,6.063179583,pH,7.396676432,,,,,,,,,,,,,,,,,,,,,,
endosome1118R,initRabContent,RabA,23734.52374,RabB,2875.475708,RabC,3509.112951,RabD,1433.839589,,,,,,,,,,,,,,,,,,,,,,,,
endosome1118R,initMembraneContent,EEA1,3.647796856,exCxEn,2.76E-14,R-TfaEn,2.61E-39,oMHCIEn,0.014905879,membraneMarker,0,M6PR,8.141012892,cMHCIEn,0.021558061,R-TfEn,1.47E-39,pepMHCIEn,0,REn,4.50E-04,imCxEn,2.76E-14,,,,,,,,,,
endosome1118R,initSolubleContent,povaEn,0,NH3Cy,0,protonEn,17.61360045,FeEn,0,NH3En,0,NH4En,0,ovaEn,0,TfaEn,1.29E-06,solubleMarker,0,mvb,0.01650679,bead2,0,bead3,0,bead4,0,TfEn,0,pepEn,0,bead1,0
endosome1119V,initOrgProp,area,26275.0748,volume,345225.6667,xcoor,38.2240862,ycoor,2.203626224,pH,7.366468952,,,,,,,,,,,,,,,,,,,,,,
endosome1119V,initRabContent,RabA,20488.70783,RabB,4720.271819,RabC,1066.095147,,,,,,,,,,,,,,,,,,,,,,,,,,
endosome1119V,initMembraneContent,EEA1,2.155433156,exCxEn,0,R-TfaEn,6.43E-39,oMHCIEn,0.021506306,membraneMarker,0,M6PR,5.716286113,cMHCIEn,0.053110396,R-TfEn,3.62E-39,pepMHCIEn,0,REn,0.001111074,imCxEn,0,,,,,,,,,,
endosome1119V,initSolubleContent,povaEn,0,NH3Cy,0,protonEn,13.8468433,FeEn,0,NH3En,0,NH4En,0,ovaEn,0,TfaEn,1.08E-06,solubleMarker,0,mvb,0.015745747,bead2,0,bead3,0,bead4,0,TfEn,0,pepEn,0,bead1,0
endosome1120L,initOrgProp,area,29820.67799,volume,381271.5967,xcoor,1.506049296,ycoor,11.57653483,pH,7.372400647,,,,,,,,,,,,,,,,,,,,,,
endosome1120L,initRabContent,RabA,29820.67799,,,,,,,,,,,,,,,,,,,,,,,,,,,,,,
endosome1120L,initMembraneContent,EEA1,3.364018633,exCxEn,0,R-TfaEn,8.08E-39,oMHCIEn,0.016259175,membraneMarker,0,M6PR,8.283596375,cMHCIEn,0.067753983,R-TfEn,4.55E-39,pepMHCIEn,0,REn,0.001395747,imCxEn,0,,,,,,,,,,
endosome1120L,initSolubleContent,povaEn,0,NH3Cy,0,protonEn,15.17460955,FeEn,0,NH3En,0,NH4En,0,ovaEn,0,TfaEn,1.43E-06,solubleMarker,0,mvb,0.015351551,bead2,0,bead3,0,bead4,0,TfEn,0,pepEn,0,bead1,0
endosome1121A,initOrgProp,area,38779.13551,volume,643726.4561,xcoor,40.45412331,ycoor,25.67766756,pH,7.383488201,,,,,,,,,,,,,,,,,,,,,,
endosome1121A,initRabContent,RabA,38779.13551,,,,,,,,,,,,,,,,,,,,,,,,,,,,,,
endosome1121A,initMembraneContent,EEA1,4.16037666,exCxEn,0,R-TfaEn,1.05E-38,oMHCIEn,0.021144663,membraneMarker,0,M6PR,10.67213509,cMHCIEn,0.088147383,R-TfEn,5.90E-39,pepMHCIEn,0,REn,0.001809912,imCxEn,0,,,,,,,,,,
endosome1121A,initSolubleContent,povaEn,0,NH3Cy,0,protonEn,25.62031295,FeEn,0,NH3En,0,NH4En,0,ovaEn,0,TfaEn,2.42E-06,solubleMarker,0,mvb,0.025918644,bead2,0,bead3,0,bead4,0,TfEn,0,pepEn,0,bead1,0
endosome1122w,initOrgProp,area,51238.19392,volume,966670.4755,xcoor,11.20614762,ycoor,16.56445405,pH,7.388972985,,,,,,,,,,,,,,,,,,,,,,
endosome1122w,initRabContent,RabA,51238.19392,,,,,,,,,,,,,,,,,,,,,,,,,,,,,,
endosome1122w,initMembraneContent,EEA1,5.146742229,exCxEn,0,R-TfaEn,1.38E-38,oMHCIEn,0.027940261,membraneMarker,0,M6PR,13.93081865,cMHCIEn,0.116536887,R-TfEn,7.77E-39,pepMHCIEn,0,REn,0.002382635,imCxEn,0,,,,,,,,,,
endosome1122w,initSolubleContent,povaEn,0,NH3Cy,0,protonEn,38.47348493,FeEn,0,NH3En,0,NH4En,0,ovaEn,0,TfaEn,3.64E-06,solubleMarker,0,mvb,0.038920438,bead2,0,bead3,0,bead4,0,TfEn,0,pepEn,0,bead1,0
endosome1123Q,initOrgProp,area,41021.65369,volume,658308.4221,xcoor,0.9570248,ycoor,22.49040439,pH,7.383849727,,,,,,,,,,,,,,,,,,,,,,
endosome1123Q,initRabContent,RabA,41021.65369,,,,,,,,,,,,,,,,,,,,,,,,,,,,,,
endosome1123Q,initMembraneContent,EEA1,3.771513832,exCxEn,0,R-TfaEn,1.10E-38,oMHCIEn,0.022361539,membraneMarker,0,M6PR,10.97027787,cMHCIEn,0.093332154,R-TfEn,6.19E-39,pepMHCIEn,0,REn,0.001897457,imCxEn,0,,,,,,,,,,
endosome1123Q,initSolubleContent,povaEn,0,NH3Cy,0,protonEn,26.2006752,FeEn,0,NH3En,0,NH4En,0,ovaEn,0,TfaEn,2.48E-06,solubleMarker,0,mvb,0.026503985,bead2,0,bead3,0,bead4,0,TfEn,0,pepEn,0,bead1,0
endosome1124q,initOrgProp,area,21935.98595,volume,262766.0662,xcoor,9.07326559,ycoor,6.781130286,pH,7.371039392,,,,,,,,,,,,,,,,,,,,,,
endosome1124q,initRabContent,RabA,19674.03924,RabB,2261.946711,,,,,,,,,,,,,,,,,,,,,,,,,,,,
endosome1124q,initMembraneContent,EEA1,1.699656977,exCxEn,1.51E-07,R-TfaEn,8.00E-39,oMHCIEn,0.009720341,membraneMarker,0,M6PR,6.081034446,cMHCIEn,0.066620474,R-TfEn,4.51E-39,pepMHCIEn,0,REn,0.001382229,imCxEn,1.51E-07,,,,,,,,,,
endosome1124q,initSolubleContent,povaEn,0,NH3Cy,0,protonEn,10.18226776,FeEn,0,NH3En,0,NH4En,0,ovaEn,0,TfaEn,9.57E-07,solubleMarker,0,mvb,0.012700536,bead2,0,bead3,0,bead4,0,TfEn,0,pepEn,0,bead1,0
endosome1125m,initOrgProp,area,39110.12068,volume,712773.209,xcoor,20.10335852,ycoor,30.37035132,pH,7.379868233,,,,,,,,,,,,,,,,,,,,,,
endosome1125m,initRabContent,RabI,39110.12068,,,,,,,,,,,,,,,,,,,,,,,,,,,,,,
endosome1125m,initMembraneContent,EEA1,0,exCxEn,5.60E-06,R-TfaEn,1.36E-45,oMHCIEn,1.76E-10,membraneMarker,0,M6PR,0.013856709,cMHCIEn,2.14E-08,R-TfEn,2.11E-46,pepMHCIEn,0,REn,3.27E-10,imCxEn,5.60E-06,,,,,,,,,,
endosome1125m,initSolubleContent,povaEn,0,NH3Cy,0,protonEn,28.72234937,FeEn,0,NH3En,0,NH4En,0,ovaEn,0,TfaEn,1.48E-08,solubleMarker,0,mvb,0,bead2,0,bead3,0,bead4,0,TfEn,0,pepEn,0,bead1,0
endosome1126n,initOrgProp,area,12566.37061,volume,100530.9649,xcoor,10.94723755,ycoor,40.92997189,pH,7.303231498,,,,,,,,,,,,,,,,,,,,,,
endosome1126n,initRabContent,RabI,12566.37061,,,,,,,,,,,,,,,,,,,,,,,,,,,,,,
endosome1126n,initMembraneContent,EEA1,0,exCxEn,1.80E-06,R-TfaEn,4.36E-46,oMHCIEn,5.67E-11,membraneMarker,0,M6PR,0.004452263,cMHCIEn,6.89E-09,R-TfEn,6.78E-47,pepMHCIEn,0,REn,1.05E-10,imCxEn,1.80E-06,,,,,,,,,,
endosome1126n,initSolubleContent,povaEn,0,NH3Cy,0,protonEn,4.001132404,FeEn,0,NH3En,0,NH4En,0,ovaEn,0,TfaEn,2.06E-09,solubleMarker,0,mvb,0,bead2,0,bead3,0,bead4,0,TfEn,0,pepEn,0,bead1,0
endosome1127Q,initOrgProp,area,7539.822369,volume,50265.48246,xcoor,21.83309037,ycoor,28.40994637,pH,7.224066642,,,,,,,,,,,,,,,,,,,,,,
endosome1127Q,initRabContent,RabI,7539.822369,,,,,,,,,,,,,,,,,,,,,,,,,,,,,,
endosome1127Q,initMembraneContent,EEA1,0,exCxEn,1.08E-06,R-TfaEn,2.62E-46,oMHCIEn,3.40E-11,membraneMarker,0,M6PR,0.002671358,cMHCIEn,4.13E-09,R-TfEn,4.07E-47,pepMHCIEn,0,REn,6.30E-11,imCxEn,1.08E-06,,,,,,,,,,
endosome1127Q,initSolubleContent,povaEn,0,NH3Cy,0,protonEn,2.000566202,FeEn,0,NH3En,0,NH4En,0,ovaEn,0,TfaEn,1.03E-09,solubleMarker,0,mvb,0,bead2,0,bead3,0,bead4,0,TfEn,0,pepEn,0,bead1,0
endosome1128j,initOrgProp,area,12566.37061,volume,100530.9649,xcoor,48.39923064,ycoor,0.684945833,pH,8.0003076,,,,,,,,,,,,,,,,,,,,,,
endosome1128j,initRabContent,RabA,12566.37061,,,,,,,,,,,,,,,,,,,,,,,,,,,,,,
endosome1128j,initMembraneContent,EEA1,3.860003876,exCxEn,3.78E-10,R-TfaEn,5.66E-44,oMHCIEn,1.49E-07,membraneMarker,0,M6PR,0.063485806,cMHCIEn,3.76E-07,R-TfEn,3.15E-44,pepMHCIEn,0,REn,9.72E-09,imCxEn,3.78E-10,,,,,,,,,,
endosome1128j,initSolubleContent,povaEn,0,NH3Cy,0,protonEn,0.004597866,FeEn,0,NH3En,0,NH4En,0,ovaEn,0,TfaEn,4.10E-10,solubleMarker,0,mvb,0,bead2,0,bead3,0,bead4,0,TfEn,0,pepEn,0,bead1,0
endosome1129H,initOrgProp,area,7539.822369,volume,50265.48246,xcoor,36.19548477,ycoor,2.453263273,pH,7.224066642,,,,,,,,,,,,,,,,,,,,,,
endosome1129H,initRabContent,RabA,7539.822369,,,,,,,,,,,,,,,,,,,,,,,,,,,,,,
endosome1129H,initMembraneContent,EEA1,0.88106594,exCxEn,0,R-TfaEn,3.29E-42,oMHCIEn,8.02E-05,membraneMarker,0,M6PR,2.10582583,cMHCIEn,2.75E-05,R-TfEn,1.85E-42,pepMHCIEn,0,REn,5.69E-07,imCxEn,0,,,,,,,,,,
endosome1129H,initSolubleContent,povaEn,0,NH3Cy,0,protonEn,2.000566202,FeEn,0,NH3En,0,NH4En,0,ovaEn,0,TfaEn,1.30E-07,solubleMarker,0,mvb,0,bead2,0,bead3,0,bead4,0,TfEn,0,pepEn,0,bead1,0
endosome1130G,initOrgProp,area,7539.822369,volume,50265.48246,xcoor,8.050505777,ycoor,7.212897725,pH,7.289461344,,,,,,,,,,,,,,,,,,,,,,
endosome1130G,initRabContent,RabB,7539.822369,,,,,,,,,,,,,,,,,,,,,,,,,,,,,,
endosome1130G,initMembraneContent,EEA1,0.001115661,exCxEn,3.04E-19,R-TfaEn,6.62E-40,oMHCIEn,1.02E-05,membraneMarker,0,M6PR,0.005384356,cMHCIEn,0.0052454,R-TfEn,3.74E-40,pepMHCIEn,0,REn,1.15E-04,imCxEn,3.04E-19,,,,,,,,,,
endosome1130G,initSolubleContent,povaEn,0,NH3Cy,0,protonEn,1.581121872,FeEn,0,NH3En,0,NH4En,0,ovaEn,0,TfaEn,5.47E-08,solubleMarker,0,mvb,0,bead2,0,bead3,0,bead4,0,TfEn,0,pepEn,0,bead1,0
endosome1131q,initOrgProp,area,7539.822369,volume,50265.48246,xcoor,37.21533675,ycoor,6.925988411,pH,7.224066642,,,,,,,,,,,,,,,,,,,,,,
endosome1131q,initRabContent,RabD,753.9968037,RabA,6785.825565,,,,,,,,,,,,,,,,,,,,,,,,,,,,
endosome1131q,initMembraneContent,EEA1,1.19997232,exCxEn,0,R-TfaEn,2.14E-39,oMHCIEn,0.004125672,membraneMarker,0,M6PR,2.283014693,cMHCIEn,0.017073303,R-TfEn,1.20E-39,pepMHCIEn,0,REn,3.69E-04,imCxEn,0,,,,,,,,,,
endosome1131q,initSolubleContent,povaEn,0,NH3Cy,0,protonEn,2.000566202,FeEn,0,NH3En,0,NH4En,0,ovaEn,0,TfaEn,1.89E-07,solubleMarker,0,mvb,0,bead2,0,bead3,0,bead4,0,TfEn,0,pepEn,0,bead1,0
endosome1132T,initOrgProp,area,16850.99244,volume,146481.6868,xcoor,19.6314668,ycoor,21.16656592,pH,8.003431416,,,,,,,,,,,,,,,,,,,,,,
endosome1132T,initRabContent,RabD,16850.99244,,,,,,,,,,,,,,,,,,,,,,,,,,,,,,
endosome1132T,initMembraneContent,EEA1,0.002355007,exCxEn,4.44E-12,R-TfaEn,2.64E-44,oMHCIEn,1.12E-06,membraneMarker,0,M6PR,0.257134773,cMHCIEn,1.78E-07,R-TfEn,1.50E-44,pepMHCIEn,0,REn,4.59E-09,imCxEn,4.44E-12,,,,,,,,,,
endosome1132T,initSolubleContent,povaEn,0,NH3Cy,0,protonEn,0.453288766,FeEn,0,NH3En,0,NH4En,0,ovaEn,0,TfaEn,7.33E-09,solubleMarker,0,mvb,0,bead2,0,bead3,0,bead4,0,TfEn,0,pepEn,0,bead1,0
endosome1133j,initOrgProp,area,7539.822369,volume,50265.48246,xcoor,5.402538554,ycoor,37.53492883,pH,7.302830833,,,,,,,,,,,,,,,,,,,,,,
endosome1133j,initRabContent,RabA,7539.822369,,,,,,,,,,,,,,,,,,,,,,,,,,,,,,
endosome1133j,initMembraneContent,EEA1,3.364319363,exCxEn,9.94E-11,R-TfaEn,6.26E-42,oMHCIEn,2.29E-04,membraneMarker,0,M6PR,3.763750934,cMHCIEn,4.16E-05,R-TfEn,3.54E-42,pepMHCIEn,0,REn,1.08E-06,imCxEn,9.94E-11,,,,,,,,,,
endosome1133j,initSolubleContent,povaEn,0,NH3Cy,0,protonEn,1.502874206,FeEn,0,NH3En,0,NH4En,0,ovaEn,0,TfaEn,1.42E-07,solubleMarker,0,mvb,0,bead2,0,bead3,0,bead4,0,TfEn,0,pepEn,0,bead1,0
endosome1134v,initOrgProp,area,10117.34946,volume,86683.16519,xcoor,26.20728611,ycoor,24.89126182,pH,7.651827956,,,,,,,,,,,,,,,,,,,,,,
endosome1134v,initRabContent,RabC,10117.34946,,,,,,,,,,,,,,,,,,,,,,,,,,,,,,
endosome1134v,initMembraneContent,EEA1,0.002964773,exCxEn,1.02E-05,R-TfaEn,2.00E-39,oMHCIEn,0.008483423,membraneMarker,0,M6PR,0.002337377,cMHCIEn,0.011608427,R-TfEn,1.06E-39,pepMHCIEn,0,REn,3.34E-04,imCxEn,1.02E-05,,,,,,,,,,
endosome1134v,initSolubleContent,povaEn,0,NH3Cy,0,protonEn,0.9324435,FeEn,0,NH3En,0,NH4En,0,ovaEn,0,TfaEn,4.25E-08,solubleMarker,0,mvb,0,bead2,0,bead3,0,bead4,0,TfEn,0,pepEn,0,bead1,0
endosome1135y,initOrgProp,area,10117.34946,volume,86683.16519,xcoor,25.83893167,ycoor,24.99304372,pH,7.651827956,,,,,,,,,,,,,,,,,,,,,,
endosome1135y,initRabContent,RabC,10117.34946,,,,,,,,,,,,,,,,,,,,,,,,,,,,,,
endosome1135y,initMembraneContent,EEA1,0.002964773,exCxEn,1.02E-05,R-TfaEn,2.00E-39,oMHCIEn,0.008483423,membraneMarker,0,M6PR,0.002337377,cMHCIEn,0.011608427,R-TfEn,1.06E-39,pepMHCIEn,0,REn,3.34E-04,imCxEn,1.02E-05,,,,,,,,,,
endosome1135y,initSolubleContent,povaEn,0,NH3Cy,0,protonEn,0.9324435,FeEn,0,NH3En,0,NH4En,0,ovaEn,0,TfaEn,4.25E-08,solubleMarker,0,mvb,0,bead2,0,bead3,0,bead4,0,TfEn,0,pepEn,0,bead1,0
endosome1136Q,initOrgProp,area,10117.34946,volume,86683.16519,xcoor,26.51962002,ycoor,24.47511653,pH,7.651827956,,,,,,,,,,,,,,,,,,,,,,
endosome1136Q,initRabContent,RabC,10117.34946,,,,,,,,,,,,,,,,,,,,,,,,,,,,,,
endosome1136Q,initMembraneContent,EEA1,0.002964773,exCxEn,1.02E-05,R-TfaEn,2.00E-39,oMHCIEn,0.008483423,membraneMarker,0,M6PR,0.002337377,cMHCIEn,0.011608427,R-TfEn,1.06E-39,pepMHCIEn,0,REn,3.34E-04,imCxEn,1.02E-05,,,,,,,,,,
endosome1136Q,initSolubleContent,povaEn,0,NH3Cy,0,protonEn,0.9324435,FeEn,0,NH3En,0,NH4En,0,ovaEn,0,TfaEn,4.25E-08,solubleMarker,0,mvb,0,bead2,0,bead3,0,bead4,0,TfEn,0,pepEn,0,bead1,0
endosome1137X,initOrgProp,area,10117.34946,volume,86683.16519,xcoor,26.81569646,ycoor,24.76635283,pH,7.651827956,,,,,,,,,,,,,,,,,,,,,,
endosome1137X,initRabContent,RabC,10117.34946,,,,,,,,,,,,,,,,,,,,,,,,,,,,,,
endosome1137X,initMembraneContent,EEA1,0.002964773,exCxEn,1.02E-05,R-TfaEn,2.00E-39,oMHCIEn,0.008483423,membraneMarker,0,M6PR,0.002337377,cMHCIEn,0.011608427,R-TfEn,1.06E-39,pepMHCIEn,0,REn,3.34E-04,imCxEn,1.02E-05,,,,,,,,,,
endosome1137X,initSolubleContent,povaEn,0,NH3Cy,0,protonEn,0.9324435,FeEn,0,NH3En,0,NH4En,0,ovaEn,0,TfaEn,4.25E-08,solubleMarker,0,mvb,0,bead2,0,bead3,0,bead4,0,TfEn,0,pepEn,0,bead1,0
endosome1138e,initOrgProp,area,7539.822369,volume,50265.48246,xcoor,38.17932652,ycoor,7.295246257,pH,7.224066642,,,,,,,,,,,,,,,,,,,,,,
endosome1138e,initRabContent,RabA,7539.822369,,,,,,,,,,,,,,,,,,,,,,,,,,,,,,
endosome1138e,initMembraneContent,EEA1,1.19997232,exCxEn,0,R-TfaEn,2.14E-39,oMHCIEn,0.004125672,membraneMarker,0,M6PR,2.283014693,cMHCIEn,0.017073303,R-TfEn,1.20E-39,pepMHCIEn,0,REn,3.69E-04,imCxEn,0,,,,,,,,,,
endosome1138e,initSolubleContent,povaEn,0,NH3Cy,0,protonEn,2.000566202,FeEn,0,NH3En,0,NH4En,0,ovaEn,0,TfaEn,1.89E-07,solubleMarker,0,mvb,0,bead2,0,bead3,0,bead4,0,TfEn,0,pepEn,0,bead1,0
endosome1139D,initOrgProp,area,12566.37061,volume,100530.9649,xcoor,5.512330207,ycoor,33.09739593,pH,7.99751605,,,,,,,,,,,,,,,,,,,,,,
endosome1139D,initRabContent,RabA,12566.37061,,,,,,,,,,,,,,,,,,,,,,,,,,,,,,
endosome1139D,initMembraneContent,EEA1,1.712780299,exCxEn,6.24E-09,R-TfaEn,9.35E-43,oMHCIEn,6.86E-06,membraneMarker,0,M6PR,0.122857499,cMHCIEn,4.06E-06,R-TfEn,5.27E-43,pepMHCIEn,0,REn,1.62E-07,imCxEn,6.24E-09,,,,,,,,,,
endosome1139D,initSolubleContent,povaEn,0,NH3Cy,0,protonEn,0.011075998,FeEn,0,NH3En,0,NH4En,0,ovaEn,0,TfaEn,5.88E-10,solubleMarker,0,mvb,0,bead2,0,bead3,0,bead4,0,TfEn,0,pepEn,0,bead1,0
endosome1140c,initOrgProp,area,7539.822369,volume,50265.48246,xcoor,23.5316174,ycoor,25.53008875,pH,7.698871368,,,,,,,,,,,,,,,,,,,,,,
endosome1140c,initRabContent,RabC,7539.822369,,,,,,,,,,,,,,,,,,,,,,,,,,,,,,
endosome1140c,initMembraneContent,EEA1,0.001026642,exCxEn,3.78E-07,R-TfaEn,5.61E-40,oMHCIEn,0.004118563,membraneMarker,0,M6PR,1.47E-04,cMHCIEn,0.002436661,R-TfEn,3.17E-40,pepMHCIEn,0,REn,9.73E-05,imCxEn,3.78E-07,,,,,,,,,,
endosome1140c,initSolubleContent,povaEn,0,NH3Cy,0,protonEn,0.005537999,FeEn,0,NH3En,0,NH4En,0,ovaEn,0,TfaEn,2.94E-10,solubleMarker,0,mvb,0,bead2,0,bead3,0,bead4,0,TfEn,0,pepEn,0,bead1,0
endosome1141h,initOrgProp,area,12566.37061,volume,100530.9649,xcoor,23.47841194,ycoor,25.35169153,pH,7.99751605,,,,,,,,,,,,,,,,,,,,,,
endosome1141h,initRabContent,RabG,12566.37061,,,,,,,,,,,,,,,,,,,,,,,,,,,,,,
endosome1141h,initMembraneContent,EEA1,0.001711069,exCxEn,6.24E-09,R-TfaEn,9.35E-43,oMHCIEn,6.86E-06,membraneMarker,0,M6PR,2.45E-04,cMHCIEn,4.06E-06,R-TfEn,5.27E-43,pepMHCIEn,0,REn,1.62E-07,imCxEn,6.24E-09,,,,,,,,,,
endosome1141h,initSolubleContent,povaEn,0,NH3Cy,0,protonEn,0.011075998,FeEn,0,NH3En,0,NH4En,0,ovaEn,0,TfaEn,5.88E-10,solubleMarker,0,mvb,0,bead2,0,bead3,0,bead4,0,TfEn,0,pepEn,0,bead1,0
endosome1142h,initOrgProp,area,7539.822369,volume,50265.48246,xcoor,47.93718727,ycoor,47.1612605,pH,7.227285206,,,,,,,,,,,,,,,,,,,,,,
endosome1142h,initRabContent,RabB,7539.822369,,,,,,,,,,,,,,,,,,,,,,,,,,,,,,
endosome1142h,initMembraneContent,EEA1,0.001298298,exCxEn,0,R-TfaEn,8.20E-39,oMHCIEn,9.05E-05,membraneMarker,0,M6PR,0.005139538,cMHCIEn,0.05895559,R-TfEn,4.62E-39,pepMHCIEn,0,REn,0.001416864,imCxEn,0,,,,,,,,,,
endosome1142h,initSolubleContent,povaEn,0,NH3Cy,0,protonEn,1.978411154,FeEn,0,NH3En,0,NH4En,0,ovaEn,0,TfaEn,1.67E-07,solubleMarker,0,mvb,0,bead2,0,bead3,0,bead4,0,TfEn,0,pepEn,0,bead1,0
endosome1143T,initOrgProp,area,15722.49946,volume,132736.3265,xcoor,46.27269391,ycoor,49.31524169,pH,7.324829246,,,,,,,,,,,,,,,,,,,,,,
endosome1143T,initRabContent,RabB,15722.49946,,,,,,,,,,,,,,,,,,,,,,,,,,,,,,
endosome1143T,initMembraneContent,EEA1,0.001272673,exCxEn,0,R-TfaEn,1.24E-39,oMHCIEn,7.71E-06,membraneMarker,0,M6PR,0.014297893,cMHCIEn,0.0097567,R-TfEn,6.99E-40,pepMHCIEn,0,REn,2.14E-04,imCxEn,0,,,,,,,,,,
endosome1143T,initSolubleContent,povaEn,0,NH3Cy,0,protonEn,5.282905793,FeEn,0,NH3En,0,NH4En,0,ovaEn,0,TfaEn,1.43E-07,solubleMarker,0,mvb,0,bead2,0,bead3,0,bead4,0,TfEn,0,pepEn,0,bead1,0
endosome1144N,initOrgProp,area,12317.02911,volume,98037.54984,xcoor,46.15145275,ycoor,49.37528175,pH,7.30102849,,,,,,,,,,,,,,,,,,,,,,
endosome1144N,initRabContent,RabC,985.3623286,RabB,11331.66678,,,,,,,,,,,,,,,,,,,,,,,,,,,,
endosome1144N,initMembraneContent,,,,,,,,,,,,,,,,,,,,,,,,,,,,,,,,
endosome1144N,initSolubleContent,protonEn,3.901894484,,,,,,,,,,,,,,,,,,,,,,,,,,,,,,
endosome1145G,initOrgProp,area,9563.984905,volume,80743.41017,xcoor,39.54207034,ycoor,41.67844419,pH,7.282455048,,,,,,,,,,,,,,,,,,,,,,
endosome1145G,initRabContent,RabC,9563.984905,,,,,,,,,,,,,,,,,,,,,,,,,,,,,,
endosome1145G,initMembraneContent,EEA1,7.74E-04,exCxEn,0,R-TfaEn,7.54E-40,oMHCIEn,0.004697603,membraneMarker,0,M6PR,0.008697398,cMHCIEn,0.005934993,R-TfEn,4.25E-40,pepMHCIEn,0,REn,1.30E-04,imCxEn,0,,,,,,,,,,
endosome1145G,initSolubleContent,povaEn,0,NH3Cy,0,protonEn,3.213587725,FeEn,0,NH3En,0,NH4En,0,ovaEn,0,TfaEn,8.71E-08,solubleMarker,0,mvb,0,bead2,0,bead3,0,bead4,0,TfEn,0,pepEn,0,bead1,0
endosome1146A,initOrgProp,area,15722.49946,volume,132092.2534,xcoor,46.11235564,ycoor,49.48846245,pH,7.324492337,,,,,,,,,,,,,,,,,,,,,,
endosome1146A,initRabContent,RabB,15722.49946,,,,,,,,,,,,,,,,,,,,,,,,,,,,,,
endosome1146A,initMembraneContent,,,,,,,,,,,,,,,,,,,,,,,,,,,,,,,,
endosome1146A,initSolubleContent,protonEn,5.257271684,,,,,,,,,,,,,,,,,,,,,,,,,,,,,,
endosome1147x,initOrgProp,area,14848.93403,volume,129836.1339,xcoor,20.64583244,ycoor,23.26748358,pH,8.015171447,,,,,,,,,,,,,,,,,,,,,,
endosome1147x,initRabContent,RabD,14848.93403,,,,,,,,,,,,,,,,,,,,,,,,,,,,,,
endosome1147x,initMembraneContent,EEA1,0.001731223,exCxEn,6.77E-11,R-TfaEn,2.44E-40,oMHCIEn,4.55E-04,membraneMarker,0,M6PR,0.310045618,cMHCIEn,0.001844725,R-TfEn,1.39E-40,pepMHCIEn,0,REn,4.24E-05,imCxEn,6.77E-11,,,,,,,,,,
endosome1147x,initSolubleContent,povaEn,0,NH3Cy,0,protonEn,0.253788056,FeEn,0,NH3En,0,NH4En,0,ovaEn,0,TfaEn,2.22E-08,solubleMarker,0,mvb,0,bead2,0,bead3,0,bead4,0,TfEn,0,pepEn,0,bead1,0
endosome1148F,initOrgProp,area,7539.822369,volume,50265.48246,xcoor,49.37428296,ycoor,16.25966093,pH,7.224066642,,,,,,,,,,,,,,,,,,,,,,
endosome1148F,initRabContent,RabA,7539.822369,,,,,,,,,,,,,,,,,,,,,,,,,,,,,,
endosome1148F,initMembraneContent,EEA1,1.057454961,exCxEn,0,R-TfaEn,1.55E-41,oMHCIEn,3.21E-04,membraneMarker,0,M6PR,2.874013995,cMHCIEn,1.15E-04,R-TfEn,8.73E-42,pepMHCIEn,0,REn,2.68E-06,imCxEn,0,,,,,,,,,,
endosome1148F,initSolubleContent,povaEn,0,NH3Cy,0,protonEn,2.000566202,FeEn,0,NH3En,0,NH4En,0,ovaEn,0,TfaEn,1.80E-07,solubleMarker,0,mvb,0,bead2,0,bead3,0,bead4,0,TfEn,0,pepEn,0,bead1,0
endosome1149M,initOrgProp,area,11561.06097,volume,96342.17471,xcoor,1.907128872,ycoor,17.74155795,pH,7.321052527,,,,,,,,,,,,,,,,,,,,,,
endosome1149M,initRabContent,RabB,11561.06097,,,,,,,,,,,,,,,,,,,,,,,,,,,,,,
endosome1149M,initMembraneContent,EEA1,7.25E-04,exCxEn,1.15E-10,R-TfaEn,3.33E-39,oMHCIEn,7.75E-05,membraneMarker,0,M6PR,0.006407017,cMHCIEn,0.026288216,R-TfEn,1.88E-39,pepMHCIEn,0,REn,5.76E-04,imCxEn,1.15E-10,,,,,,,,,,
endosome1149M,initSolubleContent,povaEn,0,NH3Cy,0,protonEn,3.600064466,FeEn,0,NH3En,0,NH4En,0,ovaEn,0,TfaEn,1.95E-07,solubleMarker,0,mvb,0,bead2,0,bead3,0,bead4,0,TfEn,0,pepEn,0,bead1,0
endosome1150c,initOrgProp,area,9299.114255,volume,77492.61879,xcoor,3.260727103,ycoor,16.02115711,pH,7.298674383,,,,,,,,,,,,,,,,,,,,,,
endosome1150c,initRabContent,RabA,6509.379978,RabB,2789.734276,,,,,,,,,,,,,,,,,,,,,,,,,,,,
endosome1150c,initMembraneContent,EEA1,0.584020183,exCxEn,9.19E-13,R-TfaEn,2.68E-42,oMHCIEn,6.23E-05,membraneMarker,0,M6PR,2.581888555,cMHCIEn,2.11E-05,R-TfEn,1.51E-42,pepMHCIEn,0,REn,4.63E-07,imCxEn,9.19E-13,,,,,,,,,,
endosome1150c,initSolubleContent,povaEn,0,NH3Cy,0,protonEn,2.895704027,FeEn,0,NH3En,0,NH4En,0,ovaEn,0,TfaEn,1.57E-07,solubleMarker,0,mvb,0,bead2,0,bead3,0,bead4,0,TfEn,0,pepEn,0,bead1,0
endosome1151p,initOrgProp,area,12566.37061,volume,100530.9649,xcoor,49.59042873,ycoor,26.99692469,pH,7.302826666,,,,,,,,,,,,,,,,,,,,,,
endosome1151p,initRabContent,RabA,12566.37061,,,,,,,,,,,,,,,,,,,,,,,,,,,,,,
endosome1151p,initMembraneContent,EEA1,5.682786535,exCxEn,0,R-TfaEn,3.82E-39,oMHCIEn,0.006879965,membraneMarker,0,M6PR,5.045389958,cMHCIEn,0.028279549,R-TfEn,2.15E-39,pepMHCIEn,0,REn,6.60E-04,imCxEn,0,,,,,,,,,,
endosome1151p,initSolubleContent,povaEn,0,NH3Cy,0,protonEn,4.005796442,FeEn,0,NH3En,0,NH4En,0,ovaEn,0,TfaEn,3.79E-07,solubleMarker,0,mvb,0,bead2,0,bead3,0,bead4,0,TfEn,0,pepEn,0,bead1,0
endosome1152o,initOrgProp,area,7539.822369,volume,50265.48246,xcoor,36.59253581,ycoor,2.421416352,pH,7.224066642,,,,,,,,,,,,,,,,,,,,,,
endosome1152o,initRabContent,RabA,7539.822369,,,,,,,,,,,,,,,,,,,,,,,,,,,,,,
endosome1152o,initMembraneContent,EEA1,0.654011766,exCxEn,0,R-TfaEn,1.05E-41,oMHCIEn,0.003222263,membraneMarker,0,M6PR,2.056103265,cMHCIEn,8.70E-05,R-TfEn,5.90E-42,pepMHCIEn,0,REn,1.81E-06,imCxEn,0,,,,,,,,,,
endosome1152o,initSolubleContent,povaEn,0,NH3Cy,0,protonEn,2.000566202,FeEn,0,NH3En,0,NH4En,0,ovaEn,0,TfaEn,1.82E-07,solubleMarker,0,mvb,0,bead2,0,bead3,0,bead4,0,TfEn,0,pepEn,0,bead1,0
endosome1153n,initOrgProp,area,12566.37061,volume,100530.9649,xcoor,3.329005813,ycoor,1.831400942,pH,7.308812269,,,,,,,,,,,,,,,,,,,,,,
endosome1153n,initRabContent,RabB,12566.37061,,,,,,,,,,,,,,,,,,,,,,,,,,,,,,
endosome1153n,initMembraneContent,EEA1,0.001991353,exCxEn,5.40E-14,R-TfaEn,5.27E-39,oMHCIEn,5.46E-05,membraneMarker,0,M6PR,0.008372226,cMHCIEn,0.043635995,R-TfEn,2.97E-39,pepMHCIEn,0,REn,9.12E-04,imCxEn,5.40E-14,,,,,,,,,,
endosome1153n,initSolubleContent,povaEn,0,NH3Cy,0,protonEn,3.937278009,FeEn,0,NH3En,0,NH4En,0,ovaEn,0,TfaEn,2.89E-07,solubleMarker,0,mvb,0,bead2,0,bead3,0,bead4,0,TfEn,0,pepEn,0,bead1,0
endosome1154G,initOrgProp,area,7539.822369,volume,50265.48246,xcoor,8.527581716,ycoor,8.480885916,pH,7.228712466,,,,,,,,,,,,,,,,,,,,,,
endosome1154G,initRabContent,RabA,7539.822369,,,,,,,,,,,,,,,,,,,,,,,,,,,,,,
endosome1154G,initMembraneContent,EEA1,1.196006462,exCxEn,3.21E-16,R-TfaEn,3.16E-42,oMHCIEn,3.28E-05,membraneMarker,0,M6PR,2.516691152,cMHCIEn,2.62E-05,R-TfEn,1.78E-42,pepMHCIEn,0,REn,5.46E-07,imCxEn,3.21E-16,,,,,,,,,,
endosome1154G,initSolubleContent,povaEn,0,NH3Cy,0,protonEn,1.968639004,FeEn,0,NH3En,0,NH4En,0,ovaEn,0,TfaEn,1.44E-07,solubleMarker,0,mvb,0,bead2,0,bead3,0,bead4,0,TfEn,0,pepEn,0,bead1,0
endosome1155O,initOrgProp,area,7539.822369,volume,50265.48246,xcoor,4.510220314,ycoor,4.667960056,pH,7.224066642,,,,,,,,,,,,,,,,,,,,,,
endosome1155O,initRabContent,RabA,7539.822369,,,,,,,,,,,,,,,,,,,,,,,,,,,,,,
endosome1155O,initMembraneContent,EEA1,0.849577555,exCxEn,0,R-TfaEn,1.12E-41,oMHCIEn,0.002959576,membraneMarker,0,M6PR,1.783020809,cMHCIEn,9.28E-05,R-TfEn,6.29E-42,pepMHCIEn,0,REn,1.93E-06,imCxEn,0,,,,,,,,,,
endosome1155O,initSolubleContent,povaEn,0,NH3Cy,0,protonEn,2.000566202,FeEn,0,NH3En,0,NH4En,0,ovaEn,0,TfaEn,1.52E-07,solubleMarker,0,mvb,0,bead2,0,bead3,0,bead4,0,TfEn,0,pepEn,0,bead1,0
endosome1156V,initOrgProp,area,7539.822369,volume,50265.48246,xcoor,21.91665894,ycoor,23.12917955,pH,7.700557431,,,,,,,,,,,,,,,,,,,,,,
endosome1156V,initRabContent,RabC,603.1857895,RabB,6936.636579,,,,,,,,,,,,,,,,,,,,,,,,,,,,
endosome1156V,initMembraneContent,EEA1,0.002348207,exCxEn,1.68E-07,R-TfaEn,2.04E-41,oMHCIEn,8.11E-07,membraneMarker,0,M6PR,5.88E-05,cMHCIEn,9.83E-05,R-TfEn,9.80E-42,pepMHCIEn,0,REn,3.23E-06,imCxEn,1.68E-07,,,,,,,,,,
endosome1156V,initSolubleContent,povaEn,0,NH3Cy,0,protonEn,0.001641763,FeEn,0,NH3En,0,NH4En,0,ovaEn,0,TfaEn,1.27E-10,solubleMarker,0,mvb,0,bead2,0,bead3,0,bead4,0,TfEn,0,pepEn,0,bead1,0
endosome1157O,initOrgProp,area,12566.37061,volume,100530.9649,xcoor,21.39476138,ycoor,22.53505538,pH,8.00087617,,,,,,,,,,,,,,,,,,,,,,
endosome1157O,initRabContent,RabA,12566.37061,,,,,,,,,,,,,,,,,,,,,,,,,,,,,,
endosome1157O,initMembraneContent,EEA1,3.917592143,exCxEn,2.76E-09,R-TfaEn,3.40E-44,oMHCIEn,1.35E-06,membraneMarker,0,M6PR,0.049058994,cMHCIEn,1.64E-07,R-TfEn,1.63E-44,pepMHCIEn,0,REn,5.37E-09,imCxEn,2.76E-09,,,,,,,,,,
endosome1157O,initSolubleContent,povaEn,0,NH3Cy,0,protonEn,0.003283526,FeEn,0,NH3En,0,NH4En,0,ovaEn,0,TfaEn,2.54E-10,solubleMarker,0,mvb,0,bead2,0,bead3,0,bead4,0,TfEn,0,pepEn,0,bead1,0
endosome1158v,initOrgProp,area,16964.60033,volume,150796.4474,xcoor,21.9434959,ycoor,23.19774406,pH,8.176355681,,,,,,,,,,,,,,,,,,,,,,
endosome1158v,initRabContent,RabD,16964.60033,,,,,,,,,,,,,,,,,,,,,,,,,,,,,,
endosome1158v,initMembraneContent,EEA1,0.005048082,exCxEn,3.57E-09,R-TfaEn,4.39E-44,oMHCIEn,1.74E-06,membraneMarker,0,M6PR,0.06327904,cMHCIEn,2.11E-07,R-TfEn,2.11E-44,pepMHCIEn,0,REn,6.93E-09,imCxEn,3.57E-09,,,,,,,,,,
endosome1158v,initSolubleContent,povaEn,0,NH3Cy,0,protonEn,0.004697749,FeEn,0,NH3En,0,NH4En,0,ovaEn,0,TfaEn,3.63E-10,solubleMarker,0,mvb,0,bead2,0,bead3,0,bead4,0,TfEn,0,pepEn,0,bead1,0
endosome1159g,initOrgProp,area,11309.73355,volume,100530.9649,xcoor,19.48654659,ycoor,18.44108046,pH,7.971108582,,,,,,,,,,,,,,,,,,,,,,
endosome1159g,initRabContent,RabA,11309.73355,,,,,,,,,,,,,,,,,,,,,,,,,,,,,,
endosome1159g,initMembraneContent,EEA1,0.997515457,exCxEn,1.13E-10,R-TfaEn,6.47E-42,oMHCIEn,2.65E-05,membraneMarker,0,M6PR,0.139800088,cMHCIEn,5.44E-05,R-TfEn,3.65E-42,pepMHCIEn,0,REn,1.12E-06,imCxEn,1.13E-10,,,,,,,,,,
endosome1159g,initSolubleContent,povaEn,0,NH3Cy,0,protonEn,0.074462516,FeEn,0,NH3En,0,NH4En,0,ovaEn,0,TfaEn,7.04E-09,solubleMarker,0,mvb,0,bead2,0,bead3,0,bead4,0,TfEn,0,pepEn,0,bead1,0
endosome1160I,initOrgProp,area,7539.822369,volume,50265.48246,xcoor,23.5367076,ycoor,16.38845386,pH,7.685394259,,,,,,,,,,,,,,,,,,,,,,
endosome1160I,initRabContent,RabC,603.1857895,RabB,6936.636579,,,,,,,,,,,,,,,,,,,,,,,,,,,,
endosome1160I,initMembraneContent,EEA1,6.64E-04,exCxEn,7.58E-09,R-TfaEn,4.32E-39,oMHCIEn,1.77E-05,membraneMarker,0,M6PR,1.86E-04,cMHCIEn,0.036333276,R-TfEn,2.43E-39,pepMHCIEn,0,REn,7.46E-04,imCxEn,7.58E-09,,,,,,,,,,
endosome1160I,initSolubleContent,povaEn,0,NH3Cy,0,protonEn,0.037231258,FeEn,0,NH3En,0,NH4En,0,ovaEn,0,TfaEn,3.52E-09,solubleMarker,0,mvb,0,bead2,0,bead3,0,bead4,0,TfEn,0,pepEn,0,bead1,0
endosome1161R,initOrgProp,area,7539.822369,volume,50265.48246,xcoor,29.40995155,ycoor,19.79818756,pH,7.701189026,,,,,,,,,,,,,,,,,,,,,,
endosome1161R,initRabContent,RabC,7539.822369,,,,,,,,,,,,,,,,,,,,,,,,,,,,,,
endosome1161R,initMembraneContent,EEA1,6.42E-04,exCxEn,6.05E-09,R-TfaEn,4.42E-40,oMHCIEn,1.06E-05,membraneMarker,0,M6PR,5.30E-06,cMHCIEn,0.003375466,R-TfEn,2.49E-40,pepMHCIEn,0,REn,7.64E-05,imCxEn,6.05E-09,,,,,,,,,,
endosome1161R,initSolubleContent,povaEn,0,NH3Cy,0,protonEn,1.86E-04,FeEn,0,NH3En,0,NH4En,0,ovaEn,0,TfaEn,1.67E-11,solubleMarker,0,mvb,0,bead2,0,bead3,0,bead4,0,TfEn,0,pepEn,0,bead1,0
endosome1162K,initOrgProp,area,7539.822369,volume,50265.48246,xcoor,25.4656348,ycoor,21.5616561,pH,7.699337234,,,,,,,,,,,,,,,,,,,,,,
endosome1162K,initRabContent,RabC,7539.822369,,,,,,,,,,,,,,,,,,,,,,,,,,,,,,
endosome1162K,initMembraneContent,EEA1,1.99E-05,exCxEn,1.00E-05,R-TfaEn,1.48E-39,oMHCIEn,0.006082954,membraneMarker,0,M6PR,1.18E-04,cMHCIEn,0.007154182,R-TfEn,6.18E-40,pepMHCIEn,0,REn,2.18E-04,imCxEn,1.00E-05,,,,,,,,,,
endosome1162K,initSolubleContent,povaEn,0,NH3Cy,0,protonEn,0.00445994,FeEn,0,NH3En,0,NH4En,0,ovaEn,0,TfaEn,2.83E-10,solubleMarker,0,mvb,0,bead2,0,bead3,0,bead4,0,TfEn,0,pepEn,0,bead1,0
endosome1163e,initOrgProp,area,12566.37061,volume,100530.9649,xcoor,25.12754011,ycoor,21.48906695,pH,7.998443171,,,,,,,,,,,,,,,,,,,,,,
endosome1163e,initRabContent,RabB,12566.37061,,,,,,,,,,,,,,,,,,,,,,,,,,,,,,
endosome1163e,initMembraneContent,EEA1,3.32E-05,exCxEn,1.67E-05,R-TfaEn,2.47E-39,oMHCIEn,1.01E-05,membraneMarker,0,M6PR,1.97E-04,cMHCIEn,0.011923637,R-TfEn,1.03E-39,pepMHCIEn,0,REn,3.63E-04,imCxEn,1.67E-05,,,,,,,,,,
endosome1163e,initSolubleContent,povaEn,0,NH3Cy,0,protonEn,0.008919881,FeEn,0,NH3En,0,NH4En,0,ovaEn,0,TfaEn,5.66E-10,solubleMarker,0,mvb,0,bead2,0,bead3,0,bead4,0,TfEn,0,pepEn,0,bead1,0
endosome1164K,initOrgProp,area,11850.78557,volume,95718.58203,xcoor,18.06767497,ycoor,46.82002346,pH,7.655272551,,,,,,,,,,,,,,,,,,,,,,
endosome1164K,initRabContent,RabD,2251.649811,RabA,9599.135761,,,,,,,,,,,,,,,,,,,,,,,,,,,,
endosome1164K,initMembraneContent,EEA1,2.32963749,exCxEn,2.56E-10,R-TfaEn,8.87E-43,oMHCIEn,3.34E-04,membraneMarker,0,M6PR,0.490022463,cMHCIEn,6.28E-06,R-TfEn,5.00E-43,pepMHCIEn,0,REn,1.53E-07,imCxEn,2.56E-10,,,,,,,,,,
endosome1164K,initSolubleContent,povaEn,0,NH3Cy,0,protonEn,1.11701388,FeEn,0,NH3En,0,NH4En,0,ovaEn,0,TfaEn,3.07E-08,solubleMarker,0,mvb,0,bead2,0,bead3,0,bead4,0,TfEn,0,pepEn,0,bead1,0
endosome1165F,initOrgProp,area,7539.822369,volume,50265.48246,xcoor,12.66685832,ycoor,1.175849814,pH,7.68938708,,,,,,,,,,,,,,,,,,,,,,
endosome1165F,initRabContent,RabE,7539.822369,,,,,,,,,,,,,,,,,,,,,,,,,,,,,,
endosome1165F,initMembraneContent,EEA1,7.19E-04,exCxEn,3.38E-09,R-TfaEn,2.90E-42,oMHCIEn,1.19E-05,membraneMarker,0,M6PR,1.130523993,cMHCIEn,2.44E-05,R-TfEn,1.63E-42,pepMHCIEn,0,REn,5.00E-07,imCxEn,3.38E-09,,,,,,,,,,
endosome1165F,initSolubleContent,povaEn,0,NH3Cy,0,protonEn,0.027738854,FeEn,0,NH3En,0,NH4En,0,ovaEn,0,TfaEn,2.64E-09,solubleMarker,0,mvb,0,bead2,0,bead3,0,bead4,0,TfEn,0,pepEn,0,bead1,0
endosome1166A,initOrgProp,area,7539.822369,volume,50265.48246,xcoor,21.80547331,ycoor,17.72352778,pH,7.68938708,,,,,,,,,,,,,,,,,,,,,,
endosome1166A,initRabContent,RabA,7539.822369,,,,,,,,,,,,,,,,,,,,,,,,,,,,,,
endosome1166A,initMembraneContent,EEA1,0.719558836,exCxEn,3.38E-09,R-TfaEn,2.90E-42,oMHCIEn,1.19E-05,membraneMarker,0,M6PR,0.565826694,cMHCIEn,2.44E-05,R-TfEn,1.63E-42,pepMHCIEn,0,REn,5.00E-07,imCxEn,3.38E-09,,,,,,,,,,
endosome1166A,initSolubleContent,povaEn,0,NH3Cy,0,protonEn,0.027738854,FeEn,0,NH3En,0,NH4En,0,ovaEn,0,TfaEn,2.64E-09,solubleMarker,0,mvb,0,bead2,0,bead3,0,bead4,0,TfEn,0,pepEn,0,bead1,0
endosome1167c,initOrgProp,area,12566.37061,volume,100530.9649,xcoor,24.11904835,ycoor,25.75640341,pH,7.474280086,,,,,,,,,,,,,,,,,,,,,,
endosome1167c,initRabContent,RabI,2513.274123,RabH,10053.09649,,,,,,,,,,,,,,,,,,,,,,,,,,,,
endosome1167c,initMembraneContent,EEA1,0.001454766,exCxEn,8.33E-05,R-TfaEn,1.73E-42,oMHCIEn,7.66E-06,membraneMarker,0,M6PR,0.003604616,cMHCIEn,1.09E-05,R-TfEn,9.33E-43,pepMHCIEn,0,REn,2.91E-07,imCxEn,8.33E-05,,,,,,,,,,
endosome1167c,initSolubleContent,povaEn,0,NH3Cy,0,protonEn,2.373026588,FeEn,0,NH3En,0,NH4En,0,ovaEn,0,TfaEn,7.65E-09,solubleMarker,0,mvb,0,bead2,0,bead3,0,bead4,0,TfEn,0,pepEn,0,bead1,0
endosome1168R,initOrgProp,area,7539.822369,volume,50265.48246,xcoor,21.29669292,ycoor,15.94783035,pH,7.224066642,,,,,,,,,,,,,,,,,,,,,,
endosome1168R,initRabContent,RabA,7539.822369,,,,,,,,,,,,,,,,,,,,,,,,,,,,,,
endosome1168R,initMembraneContent,EEA1,2.144591687,exCxEn,0,R-TfaEn,2.22E-39,oMHCIEn,0.004133262,membraneMarker,0,M6PR,2.568364386,cMHCIEn,0.017019698,R-TfEn,1.25E-39,pepMHCIEn,0,REn,3.84E-04,imCxEn,0,,,,,,,,,,
endosome1168R,initSolubleContent,povaEn,0,NH3Cy,0,protonEn,2.000566202,FeEn,0,NH3En,0,NH4En,0,ovaEn,0,TfaEn,1.89E-07,solubleMarker,0,mvb,0,bead2,0,bead3,0,bead4,0,TfEn,0,pepEn,0,bead1,0
endosome1169x,initOrgProp,area,7539.822369,volume,50265.48246,xcoor,36.69491303,ycoor,37.33771672,pH,7.236216713,,,,,,,,,,,,,,,,,,,,,,
endosome1169x,initRabContent,RabA,7539.822369,,,,,,,,,,,,,,,,,,,,,,,,,,,,,,
endosome1169x,initMembraneContent,EEA1,4.691443114,exCxEn,2.00E-12,R-TfaEn,1.70E-39,oMHCIEn,0.002774047,membraneMarker,0,M6PR,3.519432265,cMHCIEn,0.011243938,R-TfEn,9.57E-40,pepMHCIEn,0,REn,2.93E-04,imCxEn,2.00E-12,,,,,,,,,,
endosome1169x,initSolubleContent,povaEn,0,NH3Cy,0,protonEn,1.917784027,FeEn,0,NH3En,0,NH4En,0,ovaEn,0,TfaEn,1.73E-07,solubleMarker,0,mvb,0,bead2,0,bead3,0,bead4,0,TfEn,0,pepEn,0,bead1,0
endosome1170l,initOrgProp,area,7539.822369,volume,50265.48246,xcoor,22.05394308,ycoor,2.804845717,pH,7.22479706,,,,,,,,,,,,,,,,,,,,,,
endosome1170l,initRabContent,RabC,1158.116716,RabB,6381.705653,,,,,,,,,,,,,,,,,,,,,,,,,,,,
endosome1170l,initMembraneContent,EEA1,0.006037887,exCxEn,0,R-TfaEn,1.05E-38,oMHCIEn,1.17E-04,membraneMarker,0,M6PR,0.010601998,cMHCIEn,0.073865964,R-TfEn,5.95E-39,pepMHCIEn,0,REn,0.001821637,imCxEn,0,,,,,,,,,,
endosome1170l,initSolubleContent,povaEn,0,NH3Cy,0,protonEn,1.995523943,FeEn,0,NH3En,0,NH4En,0,ovaEn,0,TfaEn,1.89E-07,solubleMarker,0,mvb,0,bead2,0,bead3,0,bead4,0,TfEn,0,pepEn,0,bead1,0
endosome1171g,initOrgProp,area,12566.37061,volume,100530.9649,xcoor,45.25767526,ycoor,45.64163284,pH,7.306760615,,,,,,,,,,,,,,,,,,,,,,
endosome1171g,initRabContent,RabB,12566.37061,,,,,,,,,,,,,,,,,,,,,,,,,,,,,,
endosome1171g,initMembraneContent,EEA1,0.002163272,exCxEn,0,R-TfaEn,4.75E-39,oMHCIEn,6.67E-05,membraneMarker,0,M6PR,0.008561486,cMHCIEn,0.03416653,R-TfEn,2.68E-39,pepMHCIEn,0,REn,8.21E-04,imCxEn,0,,,,,,,,,,
endosome1171g,initSolubleContent,povaEn,0,NH3Cy,0,protonEn,3.960657424,FeEn,0,NH3En,0,NH4En,0,ovaEn,0,TfaEn,3.06E-07,solubleMarker,0,mvb,0,bead2,0,bead3,0,bead4,0,TfEn,0,pepEn,0,bead1,0
endosome1172N,initOrgProp,area,11309.73355,volume,100530.9649,xcoor,25.04730442,ycoor,20.82812883,pH,7.972453566,,,,,,,,,,,,,,,,,,,,,,
endosome1172N,initRabContent,RabE,11309.73355,,,,,,,,,,,,,,,,,,,,,,,,,,,,,,
endosome1172N,initMembraneContent,EEA1,0.001188826,exCxEn,2.63E-07,R-TfaEn,2.56E-42,oMHCIEn,9.62E-06,membraneMarker,0,M6PR,1.079800789,cMHCIEn,1.24E-05,R-TfEn,9.97E-43,pepMHCIEn,0,REn,3.64E-07,imCxEn,2.63E-07,,,,,,,,,,
endosome1172N,initSolubleContent,povaEn,0,NH3Cy,0,protonEn,0.071140118,FeEn,0,NH3En,0,NH4En,0,ovaEn,0,TfaEn,1.43E-09,solubleMarker,0,mvb,0,bead2,0,bead3,0,bead4,0,TfEn,0,pepEn,0,bead1,0
endosome1173f,initOrgProp,area,11309.73355,volume,100530.9649,xcoor,25.08243693,ycoor,20.42431168,pH,7.972453566,,,,,,,,,,,,,,,,,,,,,,
endosome1173f,initRabContent,RabE,11309.73355,,,,,,,,,,,,,,,,,,,,,,,,,,,,,,
endosome1173f,initMembraneContent,EEA1,0.001188826,exCxEn,2.63E-07,R-TfaEn,2.56E-42,oMHCIEn,9.62E-06,membraneMarker,0,M6PR,1.079800789,cMHCIEn,1.24E-05,R-TfEn,9.97E-43,pepMHCIEn,0,REn,3.64E-07,imCxEn,2.63E-07,,,,,,,,,,
endosome1173f,initSolubleContent,povaEn,0,NH3Cy,0,protonEn,0.071140118,FeEn,0,NH3En,0,NH4En,0,ovaEn,0,TfaEn,1.43E-09,solubleMarker,0,mvb,0,bead2,0,bead3,0,bead4,0,TfEn,0,pepEn,0,bead1,0
endosome1174l,initOrgProp,area,7539.822369,volume,50265.48246,xcoor,24.94225019,ycoor,20.26277696,pH,7.68609037,,,,,,,,,,,,,,,,,,,,,,
endosome1174l,initRabContent,RabG,7539.822369,,,,,,,,,,,,,,,,,,,,,,,,,,,,,,
endosome1174l,initMembraneContent,EEA1,7.93E-04,exCxEn,1.76E-07,R-TfaEn,1.71E-42,oMHCIEn,6.41E-06,membraneMarker,0,M6PR,7.19E-04,cMHCIEn,8.28E-06,R-TfEn,6.65E-43,pepMHCIEn,0,REn,2.43E-07,imCxEn,1.76E-07,,,,,,,,,,
endosome1174l,initSolubleContent,povaEn,0,NH3Cy,0,protonEn,0.035570059,FeEn,0,NH3En,0,NH4En,0,ovaEn,0,TfaEn,7.17E-10,solubleMarker,0,mvb,0,bead2,0,bead3,0,bead4,0,TfEn,0,pepEn,0,bead1,0
endosome1175e,initOrgProp,area,12566.37061,volume,100530.9649,xcoor,25.2666591,ycoor,20.40759735,pH,7.972453566,,,,,,,,,,,,,,,,,,,,,,
endosome1175e,initRabContent,RabC,12566.37061,,,,,,,,,,,,,,,,,,,,,,,,,,,,,,
endosome1175e,initMembraneContent,EEA1,0.001320917,exCxEn,2.95E-05,R-TfaEn,2.85E-39,oMHCIEn,0.01069979,membraneMarker,0,M6PR,0.00119858,cMHCIEn,0.013814534,R-TfEn,1.11E-39,pepMHCIEn,0,REn,4.05E-04,imCxEn,2.95E-05,,,,,,,,,,
endosome1175e,initSolubleContent,povaEn,0,NH3Cy,0,protonEn,0.071140118,FeEn,0,NH3En,0,NH4En,0,ovaEn,0,TfaEn,1.43E-09,solubleMarker,0,mvb,0,bead2,0,bead3,0,bead4,0,TfEn,0,pepEn,0,bead1,0
endosome1176J,initOrgProp,area,7539.822369,volume,50265.48246,xcoor,25.04344932,ycoor,20.68558628,pH,7.687252787,,,,,,,,,,,,,,,,,,,,,,
endosome1176J,initRabContent,RabA,7539.822369,,,,,,,,,,,,,,,,,,,,,,,,,,,,,,
endosome1176J,initMembraneContent,EEA1,0.731503937,exCxEn,1.62E-07,R-TfaEn,1.57E-42,oMHCIEn,5.91E-06,membraneMarker,0,M6PR,0.332209272,cMHCIEn,7.64E-06,R-TfEn,6.13E-43,pepMHCIEn,0,REn,2.24E-07,imCxEn,1.62E-07,,,,,,,,,,
endosome1176J,initSolubleContent,povaEn,0,NH3Cy,0,protonEn,0.032801995,FeEn,0,NH3En,0,NH4En,0,ovaEn,0,TfaEn,6.61E-10,solubleMarker,0,mvb,0,bead2,0,bead3,0,bead4,0,TfEn,0,pepEn,0,bead1,0
endosome1177h,initOrgProp,area,7539.822369,volume,50265.48246,xcoor,25.21693105,ycoor,20.47361421,pH,7.687252787,,,,,,,,,,,,,,,,,,,,,,
endosome1177h,initRabContent,RabD,7539.822369,,,,,,,,,,,,,,,,,,,,,,,,,,,,,,
endosome1177h,initMembraneContent,EEA1,7.31E-04,exCxEn,1.62E-07,R-TfaEn,1.57E-42,oMHCIEn,5.91E-06,membraneMarker,0,M6PR,0.332209272,cMHCIEn,7.64E-06,R-TfEn,6.13E-43,pepMHCIEn,0,REn,2.24E-07,imCxEn,1.62E-07,,,,,,,,,,
endosome1177h,initSolubleContent,povaEn,0,NH3Cy,0,protonEn,0.032801995,FeEn,0,NH3En,0,NH4En,0,ovaEn,0,TfaEn,6.61E-10,solubleMarker,0,mvb,0,bead2,0,bead3,0,bead4,0,TfEn,0,pepEn,0,bead1,0
endosome1178f,initOrgProp,area,7539.822369,volume,50265.48246,xcoor,24.40217336,ycoor,20.27827472,pH,7.687252787,,,,,,,,,,,,,,,,,,,,,,
endosome1178f,initRabContent,RabD,7539.822369,,,,,,,,,,,,,,,,,,,,,,,,,,,,,,
endosome1178f,initMembraneContent,EEA1,7.31E-04,exCxEn,1.62E-07,R-TfaEn,1.57E-42,oMHCIEn,5.91E-06,membraneMarker,0,M6PR,0.332209272,cMHCIEn,7.64E-06,R-TfEn,6.13E-43,pepMHCIEn,0,REn,2.24E-07,imCxEn,1.62E-07,,,,,,,,,,
endosome1178f,initSolubleContent,povaEn,0,NH3Cy,0,protonEn,0.032801995,FeEn,0,NH3En,0,NH4En,0,ovaEn,0,TfaEn,6.61E-10,solubleMarker,0,mvb,0,bead2,0,bead3,0,bead4,0,TfEn,0,pepEn,0,bead1,0
endosome1179B,initOrgProp,area,7539.822369,volume,50265.48246,xcoor,0.749221333,ycoor,39.65912446,pH,7.305530779,,,,,,,,,,,,,,,,,,,,,,
endosome1179B,initRabContent,RabA,5277.875658,RabB,2261.946711,,,,,,,,,,,,,,,,,,,,,,,,,,,,
endosome1179B,initMembraneContent,EEA1,3.331115773,exCxEn,9.80E-11,R-TfaEn,6.17E-42,oMHCIEn,2.26E-04,membraneMarker,0,M6PR,3.725029823,cMHCIEn,4.10E-05,R-TfEn,3.49E-42,pepMHCIEn,0,REn,1.07E-06,imCxEn,9.80E-11,,,,,,,,,,
endosome1179B,initSolubleContent,povaEn,0,NH3Cy,0,protonEn,1.487362463,FeEn,0,NH3En,0,NH4En,0,ovaEn,0,TfaEn,1.41E-07,solubleMarker,0,mvb,0,bead2,0,bead3,0,bead4,0,TfEn,0,pepEn,0,bead1,0
endosome1180U,initOrgProp,area,7539.822369,volume,50265.48246,xcoor,27.2339634,ycoor,24.67930619,pH,7.64187967,,,,,,,,,,,,,,,,,,,,,,
endosome1180U,initRabContent,RabG,7539.822369,,,,,,,,,,,,,,,,,,,,,,,,,,,,,,
endosome1180U,initMembraneContent,EEA1,0.001484767,exCxEn,1.17E-08,R-TfaEn,6.24E-44,oMHCIEn,2.76E-06,membraneMarker,0,M6PR,9.19E-04,cMHCIEn,3.61E-07,R-TfEn,3.32E-44,pepMHCIEn,0,REn,1.04E-08,imCxEn,1.17E-08,,,,,,,,,,
endosome1180U,initSolubleContent,povaEn,0,NH3Cy,0,protonEn,0.146542573,FeEn,0,NH3En,0,NH4En,0,ovaEn,0,TfaEn,6.71E-09,solubleMarker,0,mvb,0,bead2,0,bead3,0,bead4,0,TfEn,0,pepEn,0,bead1,0
endosome1181o,initOrgProp,area,7539.822369,volume,50265.48246,xcoor,26.21573534,ycoor,47.35671541,pH,7.224066642,,,,,,,,,,,,,,,,,,,,,,
endosome1181o,initRabContent,RabB,7539.822369,,,,,,,,,,,,,,,,,,,,,,,,,,,,,,
endosome1181o,initMembraneContent,EEA1,0.001182199,exCxEn,0,R-TfaEn,9.61E-39,oMHCIEn,7.89E-05,membraneMarker,0,M6PR,0.00458729,cMHCIEn,0.075738824,R-TfEn,5.42E-39,pepMHCIEn,0,REn,0.001660844,imCxEn,0,,,,,,,,,,
endosome1181o,initSolubleContent,povaEn,0,NH3Cy,0,protonEn,2.000566202,FeEn,0,NH3En,0,NH4En,0,ovaEn,0,TfaEn,1.76E-07,solubleMarker,0,mvb,0,bead2,0,bead3,0,bead4,0,TfEn,0,pepEn,0,bead1,0
endosome1182V,initOrgProp,area,7539.822369,volume,50265.48246,xcoor,10.84898547,ycoor,5.113609731,pH,7.219734007,,,,,,,,,,,,,,,,,,,,,,
endosome1182V,initRabContent,RabA,7539.822369,,,,,,,,,,,,,,,,,,,,,,,,,,,,,,
endosome1182V,initMembraneContent,EEA1,3.46551651,exCxEn,0,R-TfaEn,9.69E-42,oMHCIEn,1.01E-04,membraneMarker,0,M6PR,3.586835068,cMHCIEn,6.70E-05,R-TfEn,5.47E-42,pepMHCIEn,0,REn,1.68E-06,imCxEn,0,,,,,,,,,,
endosome1182V,initSolubleContent,povaEn,0,NH3Cy,0,protonEn,2.030650449,FeEn,0,NH3En,0,NH4En,0,ovaEn,0,TfaEn,1.81E-07,solubleMarker,0,mvb,0,bead2,0,bead3,0,bead4,0,TfEn,0,pepEn,0,bead1,0
endosome1183y,initOrgProp,area,37115.95505,volume,545487.2912,xcoor,27.22655192,ycoor,25.12804673,pH,7.824171019,,,,,,,,,,,,,,,,,,,,,,
endosome1183y,initRabContent,RabA,25245.28572,RabB,3678.973277,RabC,2403.480582,RabD,5788.215472,,,,,,,,,,,,,,,,,,,,,,,,
endosome1183y,initMembraneContent,EEA1,7.286136313,exCxEn,5.59E-06,R-TfaEn,1.09E-39,oMHCIEn,0.002042768,membraneMarker,0,M6PR,7.346093678,cMHCIEn,0.006345085,R-TfEn,5.78E-40,pepMHCIEn,0,REn,1.82E-04,imCxEn,5.59E-06,,,,,,,,,,
endosome1183y,initSolubleContent,povaEn,0,NH3Cy,0,protonEn,7.17736942,FeEn,0,NH3En,0,NH4En,0,ovaEn,0,TfaEn,3.82E-07,solubleMarker,0,mvb,0.010118324,bead2,0,bead3,0,bead4,0,TfEn,0,pepEn,0,bead1,0
endosome1184S,initOrgProp,area,11309.73355,volume,100530.9649,xcoor,25.15416118,ycoor,17.15411552,pH,7.995092726,,,,,,,,,,,,,,,,,,,,,,
endosome1184S,initRabContent,RabE,11309.73355,,,,,,,,,,,,,,,,,,,,,,,,,,,,,,
endosome1184S,initMembraneContent,EEA1,2.84E-05,exCxEn,2.95E-08,R-TfaEn,5.97E-45,oMHCIEn,2.72E-08,membraneMarker,0,M6PR,4.684617293,cMHCIEn,2.88E-08,R-TfEn,2.06E-45,pepMHCIEn,0,REn,8.03E-10,imCxEn,2.95E-08,,,,,,,,,,
endosome1184S,initSolubleContent,povaEn,0,NH3Cy,0,protonEn,0.016733481,FeEn,0,NH3En,0,NH4En,0,ovaEn,0,TfaEn,2.90E-09,solubleMarker,0,mvb,0,bead2,0,bead3,0,bead4,0,TfEn,0,pepEn,0,bead1,0
endosome1185U,initOrgProp,area,7539.822369,volume,50265.48246,xcoor,25.34267099,ycoor,17.05634441,pH,7.697651343,,,,,,,,,,,,,,,,,,,,,,
endosome1185U,initRabContent,RabB,7539.822369,,,,,,,,,,,,,,,,,,,,,,,,,,,,,,
endosome1185U,initMembraneContent,EEA1,1.89E-05,exCxEn,1.99E-06,R-TfaEn,3.99E-42,oMHCIEn,1.81E-08,membraneMarker,0,M6PR,0.003119958,cMHCIEn,1.92E-05,R-TfEn,1.38E-42,pepMHCIEn,0,REn,5.36E-07,imCxEn,1.99E-06,,,,,,,,,,
endosome1185U,initSolubleContent,povaEn,0,NH3Cy,0,protonEn,0.008366741,FeEn,0,NH3En,0,NH4En,0,ovaEn,0,TfaEn,1.45E-09,solubleMarker,0,mvb,0,bead2,0,bead3,0,bead4,0,TfEn,0,pepEn,0,bead1,0
endosome1186M,initOrgProp,area,7539.822369,volume,50265.48246,xcoor,19.43820711,ycoor,25.02072603,pH,7.643936796,,,,,,,,,,,,,,,,,,,,,,
endosome1186M,initRabContent,RabA,7539.822369,,,,,,,,,,,,,,,,,,,,,,,,,,,,,,
endosome1186M,initMembraneContent,EEA1,0.298677432,exCxEn,2.50E-13,R-TfaEn,1.13E-42,oMHCIEn,4.25E-04,membraneMarker,0,M6PR,0.358548971,cMHCIEn,8.54E-06,R-TfEn,6.42E-43,pepMHCIEn,0,REn,1.97E-07,imCxEn,2.50E-13,,,,,,,,,,
endosome1186M,initSolubleContent,povaEn,0,NH3Cy,0,protonEn,0.141124578,FeEn,0,NH3En,0,NH4En,0,ovaEn,0,TfaEn,1.30E-08,solubleMarker,0,mvb,0,bead2,0,bead3,0,bead4,0,TfEn,0,pepEn,0,bead1,0
endosome1187c,initOrgProp,area,11309.73355,volume,100530.9649,xcoor,25.54436722,ycoor,17.33686853,pH,7.995092726,,,,,,,,,,,,,,,,,,,,,,
endosome1187c,initRabContent,RabE,11309.73355,,,,,,,,,,,,,,,,,,,,,,,,,,,,,,
endosome1187c,initMembraneContent,EEA1,2.84E-05,exCxEn,2.95E-08,R-TfaEn,5.97E-45,oMHCIEn,2.72E-08,membraneMarker,0,M6PR,4.684617293,cMHCIEn,2.88E-08,R-TfEn,2.06E-45,pepMHCIEn,0,REn,8.03E-10,imCxEn,2.95E-08,,,,,,,,,,
endosome1187c,initSolubleContent,povaEn,0,NH3Cy,0,protonEn,0.016733481,FeEn,0,NH3En,0,NH4En,0,ovaEn,0,TfaEn,2.90E-09,solubleMarker,0,mvb,0,bead2,0,bead3,0,bead4,0,TfEn,0,pepEn,0,bead1,0
endosome1188A,initOrgProp,area,12566.37061,volume,100530.9649,xcoor,49.3098099,ycoor,30.19658023,pH,7.893621016,,,,,,,,,,,,,,,,,,,,,,
endosome1188A,initRabContent,RabA,8796.45943,RabB,3769.911184,,,,,,,,,,,,,,,,,,,,,,,,,,,,
endosome1188A,initMembraneContent,EEA1,2.402871422,exCxEn,1.90E-08,R-TfaEn,1.01E-43,oMHCIEn,4.46E-06,membraneMarker,0,M6PR,0.744516692,cMHCIEn,5.83E-07,R-TfEn,5.36E-44,pepMHCIEn,0,REn,1.69E-08,imCxEn,1.90E-08,,,,,,,,,,
endosome1188A,initSolubleContent,povaEn,0,NH3Cy,0,protonEn,0.28433653,FeEn,0,NH3En,0,NH4En,0,ovaEn,0,TfaEn,1.30E-08,solubleMarker,0,mvb,0,bead2,0,bead3,0,bead4,0,TfEn,0,pepEn,0,bead1,0
endosome1189r,initOrgProp,area,12566.37061,volume,100530.9649,xcoor,49.2974273,ycoor,33.51660858,pH,7.893621016,,,,,,,,,,,,,,,,,,,,,,
endosome1189r,initRabContent,RabA,12566.37061,,,,,,,,,,,,,,,,,,,,,,,,,,,,,,
endosome1189r,initMembraneContent,EEA1,2.402871422,exCxEn,1.90E-08,R-TfaEn,1.01E-43,oMHCIEn,4.46E-06,membraneMarker,0,M6PR,0.744516692,cMHCIEn,5.83E-07,R-TfEn,5.36E-44,pepMHCIEn,0,REn,1.69E-08,imCxEn,1.90E-08,,,,,,,,,,
endosome1189r,initSolubleContent,povaEn,0,NH3Cy,0,protonEn,0.28433653,FeEn,0,NH3En,0,NH4En,0,ovaEn,0,TfaEn,1.30E-08,solubleMarker,0,mvb,0,bead2,0,bead3,0,bead4,0,TfEn,0,pepEn,0,bead1,0
endosome1190w,initOrgProp,area,14098.78523,volume,117008.8313,xcoor,26.74190108,ycoor,24.94713847,pH,7.595793034,,,,,,,,,,,,,,,,,,,,,,
endosome1190w,initRabContent,RabC,14098.78523,,,,,,,,,,,,,,,,,,,,,,,,,,,,,,
endosome1190w,initMembraneContent,EEA1,0.005837581,exCxEn,1.29E-05,R-TfaEn,2.89E-39,oMHCIEn,0.015786593,membraneMarker,0,M6PR,0.008495023,cMHCIEn,0.016993863,R-TfEn,1.54E-39,pepMHCIEn,0,REn,4.85E-04,imCxEn,1.29E-05,,,,,,,,,,
endosome1190w,initSolubleContent,povaEn,0,NH3Cy,0,protonEn,1.967738342,FeEn,0,NH3En,0,NH4En,0,ovaEn,0,TfaEn,1.07E-07,solubleMarker,0,mvb,0,bead2,0,bead3,0,bead4,0,TfEn,0,pepEn,0,bead1,0
endosome1191Z,initOrgProp,area,7539.822369,volume,50265.48246,xcoor,26.74251716,ycoor,25.0196689,pH,7.631424829,,,,,,,,,,,,,,,,,,,,,,
endosome1191Z,initRabContent,RabA,7539.822369,,,,,,,,,,,,,,,,,,,,,,,,,,,,,,
endosome1191Z,initMembraneContent,EEA1,1.605439281,exCxEn,2.94E-08,R-TfaEn,4.50E-43,oMHCIEn,3.63E-06,membraneMarker,0,M6PR,0.707390865,cMHCIEn,2.57E-06,R-TfEn,2.40E-43,pepMHCIEn,0,REn,7.53E-08,imCxEn,2.94E-08,,,,,,,,,,
endosome1191Z,initSolubleContent,povaEn,0,NH3Cy,0,protonEn,0.17447838,FeEn,0,NH3En,0,NH4En,0,ovaEn,0,TfaEn,8.46E-09,solubleMarker,0,mvb,0,bead2,0,bead3,0,bead4,0,TfEn,0,pepEn,0,bead1,0
endosome1192h,initOrgProp,area,7539.822369,volume,50265.48246,xcoor,43.10071374,ycoor,7.831420233,pH,7.254885503,,,,,,,,,,,,,,,,,,,,,,
endosome1192h,initRabContent,RabC,603.1857895,RabB,6936.636579,,,,,,,,,,,,,,,,,,,,,,,,,,,,
endosome1192h,initMembraneContent,EEA1,0.002813088,exCxEn,6.16E-13,R-TfaEn,1.53E-40,oMHCIEn,7.81E-08,membraneMarker,0,M6PR,0.005614181,cMHCIEn,0.001058741,R-TfEn,8.63E-41,pepMHCIEn,0,REn,2.64E-05,imCxEn,6.16E-13,,,,,,,,,,
endosome1192h,initSolubleContent,povaEn,0,NH3Cy,0,protonEn,1.795016347,FeEn,0,NH3En,0,NH4En,0,ovaEn,0,TfaEn,3.70E-08,solubleMarker,0,mvb,0,bead2,0,bead3,0,bead4,0,TfEn,0,pepEn,0,bead1,0
endosome1193M,initOrgProp,area,7539.822369,volume,50265.48246,xcoor,46.51865895,ycoor,4.073214101,pH,7.254885503,,,,,,,,,,,,,,,,,,,,,,
endosome1193M,initRabContent,RabC,7539.822369,,,,,,,,,,,,,,,,,,,,,,,,,,,,,,
endosome1193M,initMembraneContent,EEA1,0.002813088,exCxEn,6.16E-13,R-TfaEn,1.53E-40,oMHCIEn,7.82E-05,membraneMarker,0,M6PR,0.005614181,cMHCIEn,0.001058741,R-TfEn,8.63E-41,pepMHCIEn,0,REn,2.64E-05,imCxEn,6.16E-13,,,,,,,,,,
endosome1193M,initSolubleContent,povaEn,0,NH3Cy,0,protonEn,1.795016347,FeEn,0,NH3En,0,NH4En,0,ovaEn,0,TfaEn,3.70E-08,solubleMarker,0,mvb,0,bead2,0,bead3,0,bead4,0,TfEn,0,pepEn,0,bead1,0
endosome1194o,initOrgProp,area,7539.822369,volume,50265.48246,xcoor,15.72935675,ycoor,35.95269263,pH,7.242981937,,,,,,,,,,,,,,,,,,,,,,
endosome1194o,initRabContent,RabA,7539.822369,,,,,,,,,,,,,,,,,,,,,,,,,,,,,,
endosome1194o,initMembraneContent,EEA1,1.840759849,exCxEn,1.08E-10,R-TfaEn,2.88E-41,oMHCIEn,0.002963068,membraneMarker,0,M6PR,3.167156488,cMHCIEn,2.09E-04,R-TfEn,1.62E-41,pepMHCIEn,0,REn,4.98E-06,imCxEn,1.08E-10,,,,,,,,,,
endosome1194o,initSolubleContent,povaEn,0,NH3Cy,0,protonEn,1.872684417,FeEn,0,NH3En,0,NH4En,0,ovaEn,0,TfaEn,1.73E-07,solubleMarker,0,mvb,0,bead2,0,bead3,0,bead4,0,TfEn,0,pepEn,0,bead1,0
endosome1195S,initOrgProp,area,12566.37061,volume,100530.9649,xcoor,49.26366383,ycoor,17.31189187,pH,7.303231498,,,,,,,,,,,,,,,,,,,,,,
endosome1195S,initRabContent,RabB,12566.37061,,,,,,,,,,,,,,,,,,,,,,,,,,,,,,
endosome1195S,initMembraneContent,,,,,,,,,,,,,,,,,,,,,,,,,,,,,,,,
endosome1195S,initSolubleContent,protonEn,4.001132404,,,,,,,,,,,,,,,,,,,,,,,,,,,,,,
endosome1196I,initOrgProp,area,7539.822369,volume,50265.48246,xcoor,45.72282644,ycoor,41.13371357,pH,7.224066642,,,,,,,,,,,,,,,,,,,,,,
endosome1196I,initRabContent,RabA,5277.875658,RabB,2261.946711,,,,,,,,,,,,,,,,,,,,,,,,,,,,
endosome1196I,initMembraneContent,EEA1,3.978612248,exCxEn,0,R-TfaEn,4.57E-42,oMHCIEn,2.23E-05,membraneMarker,0,M6PR,3.676139859,cMHCIEn,3.11E-05,R-TfEn,2.57E-42,pepMHCIEn,0,REn,7.90E-07,imCxEn,0,,,,,,,,,,
endosome1196I,initSolubleContent,povaEn,0,NH3Cy,0,protonEn,2.000566202,FeEn,0,NH3En,0,NH4En,0,ovaEn,0,TfaEn,1.38E-07,solubleMarker,0,mvb,0,bead2,0,bead3,0,bead4,0,TfEn,0,pepEn,0,bead1,0
endosome1197q,initOrgProp,area,35057.45592,volume,500655.205,xcoor,5.711260259,ycoor,47.10992814,pH,7.378850913,,,,,,,,,,,,,,,,,,,,,,
endosome1197q,initRabContent,RabA,35057.45592,,,,,,,,,,,,,,,,,,,,,,,,,,,,,,
endosome1197q,initMembraneContent,EEA1,4.126502743,exCxEn,0,R-TfaEn,9.52E-39,oMHCIEn,0.019081489,membraneMarker,0,M6PR,9.572312454,cMHCIEn,0.079710221,R-TfEn,5.36E-39,pepMHCIEn,0,REn,0.001644299,imCxEn,0,,,,,,,,,,
endosome1197q,initSolubleContent,povaEn,0,NH3Cy,0,protonEn,19.92607716,FeEn,0,NH3En,0,NH4En,0,ovaEn,0,TfaEn,1.88E-06,solubleMarker,0,mvb,0.020155992,bead2,0,bead3,0,bead4,0,TfEn,0,pepEn,0,bead1,0
endosome1198Y,initOrgProp,area,21516.82053,volume,247304.5269,xcoor,36.04722903,ycoor,4.214076994,pH,7.440082521,,,,,,,,,,,,,,,,,,,,,,
endosome1198Y,initRabContent,RabA,20377.37541,RabD,1139.445124,,,,,,,,,,,,,,,,,,,,,,,,,,,,
endosome1198Y,initMembraneContent,EEA1,4.699346781,exCxEn,2.71E-12,R-TfaEn,2.62E-39,oMHCIEn,0.005271255,membraneMarker,0,M6PR,5.153173165,cMHCIEn,0.022023472,R-TfEn,1.48E-39,pepMHCIEn,0,REn,4.53E-04,imCxEn,2.71E-12,,,,,,,,,,
endosome1198Y,initSolubleContent,povaEn,0,NH3Cy,0,protonEn,7.97737868,FeEn,0,NH3En,0,NH4En,0,ovaEn,0,TfaEn,5.77E-07,solubleMarker,0,mvb,0.008343668,bead2,0,bead3,0,bead4,0,TfEn,0,pepEn,0,bead1,0
endosome1199X,initOrgProp,area,26019.42432,volume,338424.8778,xcoor,18.80477789,ycoor,32.99436733,pH,7.369014455,,,,,,,,,,,,,,,,,,,,,,
endosome1199X,initRabContent,RabA,26019.42432,,,,,,,,,,,,,,,,,,,,,,,,,,,,,,
endosome1199X,initMembraneContent,EEA1,2.80122965,exCxEn,0,R-TfaEn,7.02E-39,oMHCIEn,0.014157545,membraneMarker,0,M6PR,6.985402833,cMHCIEn,0.059182687,R-TfEn,3.96E-39,pepMHCIEn,0,REn,0.001213785,imCxEn,0,,,,,,,,,,
endosome1199X,initSolubleContent,povaEn,0,NH3Cy,0,protonEn,13.46931014,FeEn,0,NH3En,0,NH4En,0,ovaEn,0,TfaEn,1.27E-06,solubleMarker,0,mvb,0.013624323,bead2,0,bead3,0,bead4,0,TfEn,0,pepEn,0,bead1,0
endosome1200C,initOrgProp,area,21879.03098,volume,242569.2143,xcoor,9.089883387,ycoor,17.05902143,pH,7.357312606,,,,,,,,,,,,,,,,,,,,,,
endosome1200C,initRabContent,RabA,21879.03098,,,,,,,,,,,,,,,,,,,,,,,,,,,,,,
endosome1200C,initMembraneContent,EEA1,2.254232836,exCxEn,0,R-TfaEn,5.89E-39,oMHCIEn,0.011902844,membraneMarker,0,M6PR,5.825054313,cMHCIEn,0.049774633,R-TfEn,3.32E-39,pepMHCIEn,0,REn,0.001017914,imCxEn,0,,,,,,,,,,
endosome1200C,initSolubleContent,povaEn,0,NH3Cy,0,protonEn,9.654254728,FeEn,0,NH3En,0,NH4En,0,ovaEn,0,TfaEn,9.13E-07,solubleMarker,0,mvb,0.009765224,bead2,0,bead3,0,bead4,0,TfEn,0,pepEn,0,bead1,0
endosome1201Z,initOrgProp,area,28012.91718,volume,359294.0483,xcoor,40.70822051,ycoor,22.92508643,pH,7.370761342,,,,,,,,,,,,,,,,,,,,,,
endosome1201Z,initRabContent,RabA,28012.91718,,,,,,,,,,,,,,,,,,,,,,,,,,,,,,
endosome1201Z,initMembraneContent,EEA1,2.782313928,exCxEn,0,R-TfaEn,7.53E-39,oMHCIEn,0.015240307,membraneMarker,0,M6PR,7.407222325,cMHCIEn,0.063749638,R-TfEn,4.24E-39,pepMHCIEn,0,REn,0.001300573,imCxEn,0,,,,,,,,,,
endosome1201Z,initSolubleContent,povaEn,0,NH3Cy,0,protonEn,14.29990312,FeEn,0,NH3En,0,NH4En,0,ovaEn,0,TfaEn,1.35E-06,solubleMarker,0,mvb,0.014464124,bead2,0,bead3,0,bead4,0,TfEn,0,pepEn,0,bead1,0
endosome1202p,initOrgProp,area,27235.97559,volume,385661.2273,xcoor,7.23995758,ycoor,29.73530812,pH,7.372706369,,,,,,,,,,,,,,,,,,,,,,
endosome1202p,initRabContent,RabI,27235.97559,,,,,,,,,,,,,,,,,,,,,,,,,,,,,,
endosome1202p,initMembraneContent,EEA1,0,exCxEn,3.90E-06,R-TfaEn,9.45E-46,oMHCIEn,1.23E-10,membraneMarker,0,M6PR,0.009643603,cMHCIEn,1.49E-08,R-TfEn,1.47E-46,pepMHCIEn,0,REn,2.27E-10,imCxEn,3.90E-06,,,,,,,,,,
endosome1202p,initSolubleContent,povaEn,0,NH3Cy,0,protonEn,15.34931685,FeEn,0,NH3En,0,NH4En,0,ovaEn,0,TfaEn,7.90E-09,solubleMarker,0,mvb,0,bead2,0,bead3,0,bead4,0,TfEn,0,pepEn,0,bead1,0
endosome1203A,initOrgProp,area,7539.822369,volume,50265.48246,xcoor,25.05687289,ycoor,15.44844865,pH,7.699868344,,,,,,,,,,,,,,,,,,,,,,
endosome1203A,initRabContent,RabD,753.9823619,RabA,6785.840007,,,,,,,,,,,,,,,,,,,,,,,,,,,,
endosome1203A,initMembraneContent,EEA1,0.0055506,exCxEn,7.46E-09,R-TfaEn,1.54E-45,oMHCIEn,6.86E-09,membraneMarker,0,M6PR,0.571450111,cMHCIEn,7.28E-09,R-TfEn,5.32E-46,pepMHCIEn,0,REn,2.07E-10,imCxEn,7.46E-09,,,,,,,,,,
endosome1203A,initSolubleContent,povaEn,0,NH3Cy,0,protonEn,0.003232313,FeEn,0,NH3En,0,NH4En,0,ovaEn,0,TfaEn,5.45E-10,solubleMarker,0,mvb,0,bead2,0,bead3,0,bead4,0,TfEn,0,pepEn,0,bead1,0
endosome1204E,initOrgProp,area,7539.822369,volume,50265.48246,xcoor,35.35973005,ycoor,4.69712556,pH,7.241595533,,,,,,,,,,,,,,,,,,,,,,
endosome1204E,initRabContent,RabA,7539.822369,,,,,,,,,,,,,,,,,,,,,,,,,,,,,,
endosome1204E,initMembraneContent,EEA1,2.336969691,exCxEn,1.28E-12,R-TfaEn,1.24E-39,oMHCIEn,0.002493632,membraneMarker,0,M6PR,2.329788667,cMHCIEn,0.010421295,R-TfEn,6.98E-40,pepMHCIEn,0,REn,2.14E-04,imCxEn,1.28E-12,,,,,,,,,,
endosome1204E,initSolubleContent,povaEn,0,NH3Cy,0,protonEn,1.881869579,FeEn,0,NH3En,0,NH4En,0,ovaEn,0,TfaEn,1.39E-07,solubleMarker,0,mvb,0,bead2,0,bead3,0,bead4,0,TfEn,0,pepEn,0,bead1,0
endosome1205m,initOrgProp,area,20919.13815,volume,221757.7521,xcoor,37.08546882,ycoor,1.373407564,pH,7.353503884,,,,,,,,,,,,,,,,,,,,,,
endosome1205m,initRabContent,RabB,19245.6071,RabC,1673.531052,,,,,,,,,,,,,,,,,,,,,,,,,,,,
endosome1205m,initMembraneContent,,,,,,,,,,,,,,,,,,,,,,,,,,,,,,,,
endosome1205m,initSolubleContent,protonEn,8.825958534,,,,,,,,,,,,,,,,,,,,,,,,,,,,,,
endosome1206Z,initOrgProp,area,7539.822369,volume,50265.48246,xcoor,37.91835304,ycoor,2.285579001,pH,7.224066642,,,,,,,,,,,,,,,,,,,,,,
endosome1206Z,initRabContent,RabA,7539.822369,,,,,,,,,,,,,,,,,,,,,,,,,,,,,,
endosome1206Z,initMembraneContent,,,,,,,,,,,,,,,,,,,,,,,,,,,,,,,,
endosome1206Z,initSolubleContent,protonEn,2.000566202,,,,,,,,,,,,,,,,,,,,,,,,,,,,,,
endosome1207G,initOrgProp,area,7539.822369,volume,50265.48246,xcoor,46.4585927,ycoor,42.29101396,pH,7.409227056,,,,,,,,,,,,,,,,,,,,,,
endosome1207G,initRabContent,RabD,7539.822369,,,,,,,,,,,,,,,,,,,,,,,,,,,,,,
endosome1207G,initMembraneContent,EEA1,0.00144105,exCxEn,4.60E-10,R-TfaEn,4.02E-43,oMHCIEn,7.72E-07,membraneMarker,0,M6PR,2.076756462,cMHCIEn,2.95E-06,R-TfEn,2.27E-43,pepMHCIEn,0,REn,6.95E-08,imCxEn,4.60E-10,,,,,,,,,,
endosome1207G,initSolubleContent,povaEn,0,NH3Cy,0,protonEn,0.959037725,FeEn,0,NH3En,0,NH4En,0,ovaEn,0,TfaEn,2.33E-08,solubleMarker,0,mvb,0,bead2,0,bead3,0,bead4,0,TfEn,0,pepEn,0,bead1,0
endosome1208Y,initOrgProp,area,14137.16694,volume,153143.6748,xcoor,47.79702701,ycoor,42.89850125,pH,7.589983978,,,,,,,,,,,,,,,,,,,,,,
endosome1208Y,initRabContent,RabA,6597.344573,RabB,0,RabC,7539.822369,,,,,,,,,,,,,,,,,,,,,,,,,,
endosome1208Y,initMembraneContent,EEA1,1.263620507,exCxEn,4.68E-08,R-TfaEn,4.03E-40,oMHCIEn,7.73E-04,membraneMarker,0,M6PR,1.821307127,cMHCIEn,0.002950698,R-TfEn,2.27E-40,pepMHCIEn,0,REn,6.96E-05,imCxEn,4.68E-08,,,,,,,,,,
endosome1208Y,initSolubleContent,povaEn,0,NH3Cy,0,protonEn,2.936543784,FeEn,0,NH3En,0,NH4En,0,ovaEn,0,TfaEn,7.12E-08,solubleMarker,0,mvb,0,bead2,0,bead3,0,bead4,0,TfEn,0,pepEn,0,bead1,0
endosome1209l,initOrgProp,area,13823.00768,volume,125663.7061,xcoor,49.29157146,ycoor,44.55531036,pH,7.568038343,,,,,,,,,,,,,,,,,,,,,,
endosome1209l,initRabContent,RabB,13823.00768,,,,,,,,,,,,,,,,,,,,,,,,,,,,,,
endosome1209l,initMembraneContent,EEA1,0.002641925,exCxEn,8.51E-08,R-TfaEn,7.38E-40,oMHCIEn,1.42E-06,membraneMarker,0,M6PR,0.007599575,cMHCIEn,0.005404889,R-TfEn,4.16E-40,pepMHCIEn,0,REn,1.28E-04,imCxEn,8.51E-08,,,,,,,,,,
endosome1209l,initSolubleContent,povaEn,0,NH3Cy,0,protonEn,2.397594311,FeEn,0,NH3En,0,NH4En,0,ovaEn,0,TfaEn,5.81E-08,solubleMarker,0,mvb,0,bead2,0,bead3,0,bead4,0,TfEn,0,pepEn,0,bead1,0
endosome1210S,initOrgProp,area,11309.73355,volume,100530.9649,xcoor,36.16098058,ycoor,36.12059585,pH,7.344022949,,,,,,,,,,,,,,,,,,,,,,
endosome1210S,initRabContent,RabD,1130.979939,RabA,10178.75361,,,,,,,,,,,,,,,,,,,,,,,,,,,,
endosome1210S,initMembraneContent,EEA1,2.628764892,exCxEn,1.06E-09,R-TfaEn,8.99E-42,oMHCIEn,5.53E-05,membraneMarker,0,M6PR,3.851164805,cMHCIEn,6.50E-05,R-TfEn,5.07E-42,pepMHCIEn,0,REn,1.55E-06,imCxEn,1.06E-09,,,,,,,,,,
endosome1210S,initSolubleContent,povaEn,0,NH3Cy,0,protonEn,3.552782489,FeEn,0,NH3En,0,NH4En,0,ovaEn,0,TfaEn,2.80E-07,solubleMarker,0,mvb,0,bead2,0,bead3,0,bead4,0,TfEn,0,pepEn,0,bead1,0
endosome1211K,initOrgProp,area,11309.73355,volume,100530.9649,xcoor,36.35219869,ycoor,36.17550993,pH,7.344022949,,,,,,,,,,,,,,,,,,,,,,
endosome1211K,initRabContent,RabA,11309.73355,,,,,,,,,,,,,,,,,,,,,,,,,,,,,,
endosome1211K,initMembraneContent,EEA1,2.628764892,exCxEn,1.06E-09,R-TfaEn,8.99E-42,oMHCIEn,5.53E-05,membraneMarker,0,M6PR,3.851164805,cMHCIEn,6.50E-05,R-TfEn,5.07E-42,pepMHCIEn,0,REn,1.55E-06,imCxEn,1.06E-09,,,,,,,,,,
endosome1211K,initSolubleContent,povaEn,0,NH3Cy,0,protonEn,3.552782489,FeEn,0,NH3En,0,NH4En,0,ovaEn,0,TfaEn,2.80E-07,solubleMarker,0,mvb,0,bead2,0,bead3,0,bead4,0,TfEn,0,pepEn,0,bead1,0
endosome1212n,initOrgProp,area,7539.822369,volume,50265.48246,xcoor,34.60625421,ycoor,36.47872004,pH,7.257789189,,,,,,,,,,,,,,,,,,,,,,
endosome1212n,initRabContent,RabA,7539.822369,,,,,,,,,,,,,,,,,,,,,,,,,,,,,,
endosome1212n,initMembraneContent,EEA1,1.752509928,exCxEn,7.06E-10,R-TfaEn,6.00E-42,oMHCIEn,3.69E-05,membraneMarker,0,M6PR,2.567443203,cMHCIEn,4.33E-05,R-TfEn,3.38E-42,pepMHCIEn,0,REn,1.04E-06,imCxEn,7.06E-10,,,,,,,,,,
endosome1212n,initSolubleContent,povaEn,0,NH3Cy,0,protonEn,1.776391244,FeEn,0,NH3En,0,NH4En,0,ovaEn,0,TfaEn,1.40E-07,solubleMarker,0,mvb,0,bead2,0,bead3,0,bead4,0,TfEn,0,pepEn,0,bead1,0
endosome1213g,initOrgProp,area,7539.822369,volume,50265.48246,xcoor,19.50742027,ycoor,18.28190958,pH,7.698628576,,,,,,,,,,,,,,,,,,,,,,
endosome1213g,initRabContent,RabA,7539.822369,,,,,,,,,,,,,,,,,,,,,,,,,,,,,,
endosome1213g,initMembraneContent,EEA1,0.603694051,exCxEn,1.48E-11,R-TfaEn,9.54E-45,oMHCIEn,1.50E-06,membraneMarker,0,M6PR,0.020314762,cMHCIEn,6.70E-08,R-TfEn,5.40E-45,pepMHCIEn,0,REn,1.65E-09,imCxEn,1.48E-11,,,,,,,,,,
endosome1213g,initSolubleContent,povaEn,0,NH3Cy,0,protonEn,0.006100302,FeEn,0,NH3En,0,NH4En,0,ovaEn,0,TfaEn,2.31E-10,solubleMarker,0,mvb,0,bead2,0,bead3,0,bead4,0,TfEn,0,pepEn,0,bead1,0
endosome1214q,initOrgProp,area,17259.12464,volume,211278.3128,xcoor,19.87112531,ycoor,19.74153391,pH,8.314316786,,,,,,,,,,,,,,,,,,,,,,
endosome1214q,initRabContent,RabD,17259.12464,,,,,,,,,,,,,,,,,,,,,,,,,,,,,,
endosome1214q,initMembraneContent,EEA1,0.001319155,exCxEn,3.25E-11,R-TfaEn,2.09E-44,oMHCIEn,3.28E-06,membraneMarker,0,M6PR,0.04443494,cMHCIEn,1.47E-07,R-TfEn,1.18E-44,pepMHCIEn,0,REn,3.62E-09,imCxEn,3.25E-11,,,,,,,,,,
endosome1214q,initSolubleContent,povaEn,0,NH3Cy,0,protonEn,0.024561739,FeEn,0,NH3En,0,NH4En,0,ovaEn,0,TfaEn,9.32E-10,solubleMarker,0,mvb,0,bead2,0,bead3,0,bead4,0,TfEn,0,pepEn,0,bead1,0
endosome1215m,initOrgProp,area,7539.822369,volume,50265.48246,xcoor,5.590593944,ycoor,4.031509959,pH,7.219939265,,,,,,,,,,,,,,,,,,,,,,
endosome1215m,initRabContent,RabC,603.1857895,RabB,6936.636579,,,,,,,,,,,,,,,,,,,,,,,,,,,,
endosome1215m,initMembraneContent,EEA1,0.003201467,exCxEn,0,R-TfaEn,7.51E-39,oMHCIEn,1.00E-04,membraneMarker,0,M6PR,0.006542115,cMHCIEn,0.051904467,R-TfEn,4.23E-39,pepMHCIEn,0,REn,0.001297769,imCxEn,0,,,,,,,,,,
endosome1215m,initSolubleContent,povaEn,0,NH3Cy,0,protonEn,2.029218428,FeEn,0,NH3En,0,NH4En,0,ovaEn,0,TfaEn,1.72E-07,solubleMarker,0,mvb,0,bead2,0,bead3,0,bead4,0,TfEn,0,pepEn,0,bead1,0
endosome1216H,initOrgProp,area,7539.822369,volume,50265.48246,xcoor,31.01684699,ycoor,7.112075647,pH,7.259916517,,,,,,,,,,,,,,,,,,,,,,
endosome1216H,initRabContent,RabA,7539.822369,,,,,,,,,,,,,,,,,,,,,,,,,,,,,,
endosome1216H,initMembraneContent,EEA1,1.21305934,exCxEn,2.27E-17,R-TfaEn,5.10E-42,oMHCIEn,0.002752149,membraneMarker,0,M6PR,3.681890547,cMHCIEn,3.97E-05,R-TfEn,2.87E-42,pepMHCIEn,0,REn,8.82E-07,imCxEn,2.27E-17,,,,,,,,,,
endosome1216H,initSolubleContent,povaEn,0,NH3Cy,0,protonEn,1.762824751,FeEn,0,NH3En,0,NH4En,0,ovaEn,0,TfaEn,1.65E-07,solubleMarker,0,mvb,0,bead2,0,bead3,0,bead4,0,TfEn,0,pepEn,0,bead1,0
endosome1217M,initOrgProp,area,7539.822369,volume,50265.48246,xcoor,25.00320551,ycoor,32.69075358,pH,7.298213649,,,,,,,,,,,,,,,,,,,,,,
endosome1217M,initRabContent,RabB,7539.822369,,,,,,,,,,,,,,,,,,,,,,,,,,,,,,
endosome1217M,initMembraneContent,EEA1,0.003008572,exCxEn,1.92E-07,R-TfaEn,5.06E-39,oMHCIEn,0.001093892,membraneMarker,0,M6PR,0.00459389,cMHCIEn,0.033959479,R-TfEn,2.85E-39,pepMHCIEn,0,REn,8.75E-04,imCxEn,1.92E-07,,,,,,,,,,
endosome1217M,initSolubleContent,povaEn,0,NH3Cy,0,protonEn,1.529625361,FeEn,0,NH3En,0,NH4En,0,ovaEn,0,TfaEn,1.15E-07,solubleMarker,0,mvb,0,bead2,0,bead3,0,bead4,0,TfEn,0,pepEn,0,bead1,0
endosome1218i,initOrgProp,area,12566.37061,volume,100530.9649,xcoor,30.53859513,ycoor,48.18057364,pH,7.3089083,,,,,,,,,,,,,,,,,,,,,,
endosome1218i,initRabContent,RabB,12566.37061,,,,,,,,,,,,,,,,,,,,,,,,,,,,,,
endosome1218i,initMembraneContent,EEA1,0.003528532,exCxEn,0,R-TfaEn,6.74E-39,oMHCIEn,1.92E-04,membraneMarker,0,M6PR,0.010867885,cMHCIEn,0.048503892,R-TfEn,3.81E-39,pepMHCIEn,0,REn,0.001167012,imCxEn,0,,,,,,,,,,
endosome1218i,initSolubleContent,povaEn,0,NH3Cy,0,protonEn,3.936186396,FeEn,0,NH3En,0,NH4En,0,ovaEn,0,TfaEn,3.30E-07,solubleMarker,0,mvb,0,bead2,0,bead3,0,bead4,0,TfEn,0,pepEn,0,bead1,0
endosome1219B,initOrgProp,area,7539.822369,volume,50265.48246,xcoor,25.16573961,ycoor,25.80798246,pH,7.298213649,,,,,,,,,,,,,,,,,,,,,,
endosome1219B,initRabContent,RabA,7539.822369,,,,,,,,,,,,,,,,,,,,,,,,,,,,,,
endosome1219B,initMembraneContent,EEA1,3.01158055,exCxEn,1.90E-09,R-TfaEn,5.06E-42,oMHCIEn,0.001093892,membraneMarker,0,M6PR,2.30153886,cMHCIEn,3.39E-05,R-TfEn,2.85E-42,pepMHCIEn,0,REn,8.74E-07,imCxEn,1.90E-09,,,,,,,,,,
endosome1219B,initSolubleContent,povaEn,0,NH3Cy,0,protonEn,1.529625361,FeEn,0,NH3En,0,NH4En,0,ovaEn,0,TfaEn,1.15E-07,solubleMarker,0,mvb,0,bead2,0,bead3,0,bead4,0,TfEn,0,pepEn,0,bead1,0
endosome1220o,initOrgProp,area,17592.91886,volume,150796.4474,xcoor,24.79576086,ycoor,25.98710707,pH,7.43106663,,,,,,,,,,,,,,,,,,,,,,
endosome1220o,initRabContent,RabD,1759.296175,RabA,15833.62269,,,,,,,,,,,,,,,,,,,,,,,,,,,,
endosome1220o,initMembraneContent,EEA1,7.027021282,exCxEn,4.43E-09,R-TfaEn,1.18E-41,oMHCIEn,0.002552414,membraneMarker,0,M6PR,5.370257341,cMHCIEn,7.92E-05,R-TfEn,6.65E-42,pepMHCIEn,0,REn,2.04E-06,imCxEn,4.43E-09,,,,,,,,,,
endosome1220o,initSolubleContent,povaEn,0,NH3Cy,0,protonEn,4.588876083,FeEn,0,NH3En,0,NH4En,0,ovaEn,0,TfaEn,3.45E-07,solubleMarker,0,mvb,0,bead2,0,bead3,0,bead4,0,TfEn,0,pepEn,0,bead1,0
endosome1221y,initOrgProp,area,7539.822369,volume,50265.48246,xcoor,25.15735382,ycoor,26.91855669,pH,7.298213649,,,,,,,,,,,,,,,,,,,,,,
endosome1221y,initRabContent,RabA,7539.822369,,,,,,,,,,,,,,,,,,,,,,,,,,,,,,
endosome1221y,initMembraneContent,EEA1,3.01158055,exCxEn,1.90E-09,R-TfaEn,5.06E-42,oMHCIEn,0.001093892,membraneMarker,0,M6PR,2.30153886,cMHCIEn,3.39E-05,R-TfEn,2.85E-42,pepMHCIEn,0,REn,8.74E-07,imCxEn,1.90E-09,,,,,,,,,,
endosome1221y,initSolubleContent,povaEn,0,NH3Cy,0,protonEn,1.529625361,FeEn,0,NH3En,0,NH4En,0,ovaEn,0,TfaEn,1.15E-07,solubleMarker,0,mvb,0,bead2,0,bead3,0,bead4,0,TfEn,0,pepEn,0,bead1,0
endosome1222c,initOrgProp,area,12566.37061,volume,100530.9649,xcoor,24.99364804,ycoor,25.58745902,pH,7.393853974,,,,,,,,,,,,,,,,,,,,,,
endosome1222c,initRabContent,RabA,12566.37061,,,,,,,,,,,,,,,,,,,,,,,,,,,,,,
endosome1222c,initMembraneContent,EEA1,5.019300916,exCxEn,3.16E-09,R-TfaEn,8.43E-42,oMHCIEn,0.001823153,membraneMarker,0,M6PR,3.835898101,cMHCIEn,5.65E-05,R-TfEn,4.75E-42,pepMHCIEn,0,REn,1.46E-06,imCxEn,3.16E-09,,,,,,,,,,
endosome1222c,initSolubleContent,povaEn,0,NH3Cy,0,protonEn,3.059250722,FeEn,0,NH3En,0,NH4En,0,ovaEn,0,TfaEn,2.30E-07,solubleMarker,0,mvb,0,bead2,0,bead3,0,bead4,0,TfEn,0,pepEn,0,bead1,0
endosome1223M,initOrgProp,area,7539.822369,volume,50265.48246,xcoor,39.07068186,ycoor,42.36341754,pH,7.234267582,,,,,,,,,,,,,,,,,,,,,,
endosome1223M,initRabContent,RabA,7539.822369,,,,,,,,,,,,,,,,,,,,,,,,,,,,,,
endosome1223M,initMembraneContent,EEA1,1.11306613,exCxEn,1.81E-13,R-TfaEn,1.66E-41,oMHCIEn,0.002917265,membraneMarker,0,M6PR,2.456883362,cMHCIEn,1.36E-04,R-TfEn,9.34E-42,pepMHCIEn,0,REn,2.86E-06,imCxEn,1.81E-13,,,,,,,,,,
endosome1223M,initSolubleContent,povaEn,0,NH3Cy,0,protonEn,1.930908585,FeEn,0,NH3En,0,NH4En,0,ovaEn,0,TfaEn,1.76E-07,solubleMarker,0,mvb,0,bead2,0,bead3,0,bead4,0,TfEn,0,pepEn,0,bead1,0
endosome1224c,initOrgProp,area,7539.822369,volume,50265.48246,xcoor,25.05308018,ycoor,25.59729742,pH,7.298213649,,,,,,,,,,,,,,,,,,,,,,
endosome1224c,initRabContent,RabA,7539.822369,,,,,,,,,,,,,,,,,,,,,,,,,,,,,,
endosome1224c,initMembraneContent,EEA1,3.01158055,exCxEn,1.90E-09,R-TfaEn,5.06E-42,oMHCIEn,0.001093892,membraneMarker,0,M6PR,2.30153886,cMHCIEn,3.39E-05,R-TfEn,2.85E-42,pepMHCIEn,0,REn,8.74E-07,imCxEn,1.90E-09,,,,,,,,,,
endosome1224c,initSolubleContent,povaEn,0,NH3Cy,0,protonEn,1.529625361,FeEn,0,NH3En,0,NH4En,0,ovaEn,0,TfaEn,1.15E-07,solubleMarker,0,mvb,0,bead2,0,bead3,0,bead4,0,TfEn,0,pepEn,0,bead1,0
endosome1225C,initOrgProp,area,7539.822369,volume,50265.48246,xcoor,27.38740741,ycoor,15.74042306,pH,7.698688749,,,,,,,,,,,,,,,,,,,,,,
endosome1225C,initRabContent,RabA,7539.822369,,,,,,,,,,,,,,,,,,,,,,,,,,,,,,
endosome1225C,initMembraneContent,EEA1,1.241743405,exCxEn,2.51E-09,R-TfaEn,1.60E-45,oMHCIEn,3.03E-08,membraneMarker,0,M6PR,0.278701887,cMHCIEn,1.05E-08,R-TfEn,8.36E-46,pepMHCIEn,0,REn,2.65E-10,imCxEn,2.51E-09,,,,,,,,,,
endosome1225C,initSolubleContent,povaEn,0,NH3Cy,0,protonEn,0.005960912,FeEn,0,NH3En,0,NH4En,0,ovaEn,0,TfaEn,5.23E-10,solubleMarker,0,mvb,0,bead2,0,bead3,0,bead4,0,TfEn,0,pepEn,0,bead1,0
endosome1226M,initOrgProp,area,7539.822369,volume,50265.48246,xcoor,26.11441549,ycoor,16.1973141,pH,7.698688749,,,,,,,,,,,,,,,,,,,,,,
endosome1226M,initRabContent,RabD,7539.822369,,,,,,,,,,,,,,,,,,,,,,,,,,,,,,
endosome1226M,initMembraneContent,EEA1,0.001240503,exCxEn,2.51E-09,R-TfaEn,1.60E-45,oMHCIEn,3.03E-08,membraneMarker,0,M6PR,0.278701887,cMHCIEn,1.05E-08,R-TfEn,8.36E-46,pepMHCIEn,0,REn,2.65E-10,imCxEn,2.51E-09,,,,,,,,,,
endosome1226M,initSolubleContent,povaEn,0,NH3Cy,0,protonEn,0.005960912,FeEn,0,NH3En,0,NH4En,0,ovaEn,0,TfaEn,5.23E-10,solubleMarker,0,mvb,0,bead2,0,bead3,0,bead4,0,TfEn,0,pepEn,0,bead1,0
endosome1227S,initOrgProp,area,7539.822369,volume,50265.48246,xcoor,19.98718028,ycoor,19.973248,pH,7.698790707,,,,,,,,,,,,,,,,,,,,,,
endosome1227S,initRabContent,RabD,7539.822369,,,,,,,,,,,,,,,,,,,,,,,,,,,,,,
endosome1227S,initMembraneContent,EEA1,5.68E-04,exCxEn,1.40E-11,R-TfaEn,8.99E-45,oMHCIEn,1.41E-06,membraneMarker,0,M6PR,0.019144305,cMHCIEn,6.31E-08,R-TfEn,5.09E-45,pepMHCIEn,0,REn,1.56E-09,imCxEn,1.40E-11,,,,,,,,,,
endosome1227S,initSolubleContent,povaEn,0,NH3Cy,0,protonEn,0.005724775,FeEn,0,NH3En,0,NH4En,0,ovaEn,0,TfaEn,2.17E-10,solubleMarker,0,mvb,0,bead2,0,bead3,0,bead4,0,TfEn,0,pepEn,0,bead1,0
endosome1228Y,initOrgProp,area,7539.822369,volume,50265.48246,xcoor,22.31420166,ycoor,17.82260879,pH,7.700635182,,,,,,,,,,,,,,,,,,,,,,
endosome1228Y,initRabContent,RabE,7539.822369,,,,,,,,,,,,,,,,,,,,,,,,,,,,,,
endosome1228Y,initMembraneContent,EEA1,1.69E-05,exCxEn,1.00E-08,R-TfaEn,2.62E-44,oMHCIEn,1.24E-07,membraneMarker,0,M6PR,0.557044856,cMHCIEn,2.01E-07,R-TfEn,1.39E-44,pepMHCIEn,0,REn,4.37E-09,imCxEn,1.00E-08,,,,,,,,,,
endosome1228Y,initSolubleContent,povaEn,0,NH3Cy,0,protonEn,0.001462458,FeEn,0,NH3En,0,NH4En,0,ovaEn,0,TfaEn,1.26E-10,solubleMarker,0,mvb,0,bead2,0,bead3,0,bead4,0,TfEn,0,pepEn,0,bead1,0
endosome1229B,initOrgProp,area,7539.822369,volume,50265.48246,xcoor,14.03156684,ycoor,11.42676091,pH,7.225171391,,,,,,,,,,,,,,,,,,,,,,
endosome1229B,initRabContent,RabA,7539.822369,,,,,,,,,,,,,,,,,,,,,,,,,,,,,,
endosome1229B,initMembraneContent,EEA1,0.703377869,exCxEn,8.21E-10,R-TfaEn,1.72E-39,oMHCIEn,0.003933743,membraneMarker,0,M6PR,2.114176969,cMHCIEn,0.014193758,R-TfEn,9.70E-40,pepMHCIEn,0,REn,2.97E-04,imCxEn,8.21E-10,,,,,,,,,,
endosome1229B,initSolubleContent,povaEn,0,NH3Cy,0,protonEn,1.992943125,FeEn,0,NH3En,0,NH4En,0,ovaEn,0,TfaEn,1.88E-07,solubleMarker,0,mvb,0,bead2,0,bead3,0,bead4,0,TfEn,0,pepEn,0,bead1,0
endosome1230d,initOrgProp,area,7539.822369,volume,50265.48246,xcoor,25.14901022,ycoor,25.78753499,pH,7.267474509,,,,,,,,,,,,,,,,,,,,,,
endosome1230d,initRabContent,RabI,7539.822369,,,,,,,,,,,,,,,,,,,,,,,,,,,,,,
endosome1230d,initMembraneContent,EEA1,0.001076146,exCxEn,2.13E-04,R-TfaEn,9.56E-43,oMHCIEn,3.49E-06,membraneMarker,0,M6PR,0.080905467,cMHCIEn,5.11E-06,R-TfEn,4.61E-43,pepMHCIEn,0,REn,1.51E-07,imCxEn,2.13E-04,,,,,,,,,,
endosome1230d,initSolubleContent,povaEn,0,NH3Cy,0,protonEn,1.715159498,FeEn,0,NH3En,0,NH4En,0,ovaEn,0,TfaEn,3.27E-09,solubleMarker,0,mvb,0,bead2,0,bead3,0,bead4,0,TfEn,0,pepEn,0,bead1,0
endosome1231v,initOrgProp,area,12566.37061,volume,100530.9649,xcoor,49.46022625,ycoor,44.53972986,pH,7.537203334,,,,,,,,,,,,,,,,,,,,,,
endosome1231v,initRabContent,RabB,12566.37061,,,,,,,,,,,,,,,,,,,,,,,,,,,,,,
endosome1231v,initMembraneContent,EEA1,0.00240175,exCxEn,7.74E-08,R-TfaEn,6.71E-40,oMHCIEn,1.29E-06,membraneMarker,0,M6PR,0.006908704,cMHCIEn,0.004913536,R-TfEn,3.78E-40,pepMHCIEn,0,REn,1.16E-04,imCxEn,7.74E-08,,,,,,,,,,
endosome1231v,initSolubleContent,povaEn,0,NH3Cy,0,protonEn,1.918075449,FeEn,0,NH3En,0,NH4En,0,ovaEn,0,TfaEn,4.65E-08,solubleMarker,0,mvb,0,bead2,0,bead3,0,bead4,0,TfEn,0,pepEn,0,bead1,0
endosome1232j,initOrgProp,area,7539.822369,volume,50265.48246,xcoor,49.44543413,ycoor,44.371188,pH,7.224066642,,,,,,,,,,,,,,,,,,,,,,
endosome1232j,initRabContent,RabB,7539.822369,,,,,,,,,,,,,,,,,,,,,,,,,,,,,,
endosome1232j,initMembraneContent,,,,,,,,,,,,,,,,,,,,,,,,,,,,,,,,
endosome1232j,initSolubleContent,protonEn,2.000566202,,,,,,,,,,,,,,,,,,,,,,,,,,,,,,
endosome1233X,initOrgProp,area,14098.78523,volume,117008.8313,xcoor,26.81897111,ycoor,24.77441679,pH,7.595793034,,,,,,,,,,,,,,,,,,,,,,
endosome1233X,initRabContent,RabC,14098.78523,,,,,,,,,,,,,,,,,,,,,,,,,,,,,,
endosome1233X,initMembraneContent,EEA1,0.005837581,exCxEn,1.29E-05,R-TfaEn,2.89E-39,oMHCIEn,0.015786593,membraneMarker,0,M6PR,0.008495023,cMHCIEn,0.016993863,R-TfEn,1.54E-39,pepMHCIEn,0,REn,4.85E-04,imCxEn,1.29E-05,,,,,,,,,,
endosome1233X,initSolubleContent,povaEn,0,NH3Cy,0,protonEn,1.967738342,FeEn,0,NH3En,0,NH4En,0,ovaEn,0,TfaEn,1.07E-07,solubleMarker,0,mvb,0,bead2,0,bead3,0,bead4,0,TfEn,0,pepEn,0,bead1,0
endosome1234k,initOrgProp,area,7539.822369,volume,50265.48246,xcoor,45.9642718,ycoor,48.39705894,pH,7.361401018,,,,,,,,,,,,,,,,,,,,,,
endosome1234k,initRabContent,RabB,7539.822369,,,,,,,,,,,,,,,,,,,,,,,,,,,,,,
endosome1234k,initMembraneContent,EEA1,0.002333902,exCxEn,1.92E-06,R-TfaEn,3.22E-39,oMHCIEn,1.69E-05,membraneMarker,0,M6PR,0.004222775,cMHCIEn,0.022513202,R-TfEn,1.80E-39,pepMHCIEn,0,REn,5.54E-04,imCxEn,1.92E-06,,,,,,,,,,
endosome1234k,initSolubleContent,povaEn,0,NH3Cy,0,protonEn,1.187100991,FeEn,0,NH3En,0,NH4En,0,ovaEn,0,TfaEn,8.53E-08,solubleMarker,0,mvb,0,bead2,0,bead3,0,bead4,0,TfEn,0,pepEn,0,bead1,0
endosome1235T,initOrgProp,area,7539.822369,volume,50265.48246,xcoor,45.12743741,ycoor,48.86666028,pH,7.361401018,,,,,,,,,,,,,,,,,,,,,,
endosome1235T,initRabContent,RabA,7539.822369,,,,,,,,,,,,,,,,,,,,,,,,,,,,,,
endosome1235T,initMembraneContent,EEA1,2.336236112,exCxEn,1.90E-08,R-TfaEn,3.22E-42,oMHCIEn,1.69E-05,membraneMarker,0,M6PR,2.115610094,cMHCIEn,2.25E-05,R-TfEn,1.80E-42,pepMHCIEn,0,REn,5.54E-07,imCxEn,1.90E-08,,,,,,,,,,
endosome1235T,initSolubleContent,povaEn,0,NH3Cy,0,protonEn,1.187100991,FeEn,0,NH3En,0,NH4En,0,ovaEn,0,TfaEn,8.53E-08,solubleMarker,0,mvb,0,bead2,0,bead3,0,bead4,0,TfEn,0,pepEn,0,bead1,0
endosome1236i,initOrgProp,area,14848.93403,volume,129836.1339,xcoor,20.70674615,ycoor,23.19928485,pH,8.015171447,,,,,,,,,,,,,,,,,,,,,,
endosome1236i,initRabContent,RabD,14848.93403,,,,,,,,,,,,,,,,,,,,,,,,,,,,,,
endosome1236i,initMembraneContent,EEA1,0.001731223,exCxEn,6.77E-11,R-TfaEn,2.44E-40,oMHCIEn,4.55E-04,membraneMarker,0,M6PR,0.310045618,cMHCIEn,0.001844725,R-TfEn,1.39E-40,pepMHCIEn,0,REn,4.24E-05,imCxEn,6.77E-11,,,,,,,,,,
endosome1236i,initSolubleContent,povaEn,0,NH3Cy,0,protonEn,0.253788056,FeEn,0,NH3En,0,NH4En,0,ovaEn,0,TfaEn,2.22E-08,solubleMarker,0,mvb,0,bead2,0,bead3,0,bead4,0,TfEn,0,pepEn,0,bead1,0
endosome1237y,initOrgProp,area,14848.93403,volume,129836.1339,xcoor,20.55769209,ycoor,24.0332138,pH,8.015171447,,,,,,,,,,,,,,,,,,,,,,
endosome1237y,initRabContent,RabD,14848.93403,,,,,,,,,,,,,,,,,,,,,,,,,,,,,,
endosome1237y,initMembraneContent,EEA1,0.001731223,exCxEn,6.77E-11,R-TfaEn,2.44E-40,oMHCIEn,4.55E-04,membraneMarker,0,M6PR,0.310045618,cMHCIEn,0.001844725,R-TfEn,1.39E-40,pepMHCIEn,0,REn,4.24E-05,imCxEn,6.77E-11,,,,,,,,,,
endosome1237y,initSolubleContent,povaEn,0,NH3Cy,0,protonEn,0.253788056,FeEn,0,NH3En,0,NH4En,0,ovaEn,0,TfaEn,2.22E-08,solubleMarker,0,mvb,0,bead2,0,bead3,0,bead4,0,TfEn,0,pepEn,0,bead1,0
endosome1238n,initOrgProp,area,14848.93403,volume,129836.1339,xcoor,20.73170963,ycoor,23.26051149,pH,8.015171447,,,,,,,,,,,,,,,,,,,,,,
endosome1238n,initRabContent,RabD,14848.93403,,,,,,,,,,,,,,,,,,,,,,,,,,,,,,
endosome1238n,initMembraneContent,EEA1,0.001731223,exCxEn,6.77E-11,R-TfaEn,2.44E-40,oMHCIEn,4.55E-04,membraneMarker,0,M6PR,0.310045618,cMHCIEn,0.001844725,R-TfEn,1.39E-40,pepMHCIEn,0,REn,4.24E-05,imCxEn,6.77E-11,,,,,,,,,,
endosome1238n,initSolubleContent,povaEn,0,NH3Cy,0,protonEn,0.253788056,FeEn,0,NH3En,0,NH4En,0,ovaEn,0,TfaEn,2.22E-08,solubleMarker,0,mvb,0,bead2,0,bead3,0,bead4,0,TfEn,0,pepEn,0,bead1,0
endosome1239w,initOrgProp,area,7539.822369,volume,50265.48246,xcoor,37.06182587,ycoor,2.090697487,pH,7.224066642,,,,,,,,,,,,,,,,,,,,,,
endosome1239w,initRabContent,RabB,7539.822369,,,,,,,,,,,,,,,,,,,,,,,,,,,,,,
endosome1239w,initMembraneContent,,,,,,,,,,,,,,,,,,,,,,,,,,,,,,,,
endosome1239w,initSolubleContent,protonEn,2.000566202,,,,,,,,,,,,,,,,,,,,,,,,,,,,,,
endosome1240M,initOrgProp,area,7539.822369,volume,50265.48246,xcoor,26.07060229,ycoor,25.52644988,pH,7.667380159,,,,,,,,,,,,,,,,,,,,,,
endosome1240M,initRabContent,RabC,7539.822369,,,,,,,,,,,,,,,,,,,,,,,,,,,,,,
endosome1240M,initMembraneContent,EEA1,0.001070302,exCxEn,5.01E-06,R-TfaEn,1.15E-39,oMHCIEn,0.00780399,membraneMarker,0,M6PR,7.08E-04,cMHCIEn,0.006773503,R-TfEn,6.12E-40,pepMHCIEn,0,REn,1.92E-04,imCxEn,5.01E-06,,,,,,,,,,
endosome1240M,initSolubleContent,povaEn,0,NH3Cy,0,protonEn,0.08115932,FeEn,0,NH3En,0,NH4En,0,ovaEn,0,TfaEn,4.31E-09,solubleMarker,0,mvb,0,bead2,0,bead3,0,bead4,0,TfEn,0,pepEn,0,bead1,0
endosome1241o,initOrgProp,area,11309.73355,volume,100530.9649,xcoor,25.87530127,ycoor,25.46971622,pH,7.936974649,,,,,,,,,,,,,,,,,,,,,,
endosome1241o,initRabContent,RabA,11309.73355,,,,,,,,,,,,,,,,,,,,,,,,,,,,,,
endosome1241o,initMembraneContent,EEA1,1.607058439,exCxEn,7.44E-08,R-TfaEn,1.72E-42,oMHCIEn,1.17E-05,membraneMarker,0,M6PR,0.532401922,cMHCIEn,1.02E-05,R-TfEn,9.17E-43,pepMHCIEn,0,REn,2.88E-07,imCxEn,7.44E-08,,,,,,,,,,
endosome1241o,initSolubleContent,povaEn,0,NH3Cy,0,protonEn,0.16231864,FeEn,0,NH3En,0,NH4En,0,ovaEn,0,TfaEn,8.63E-09,solubleMarker,0,mvb,0,bead2,0,bead3,0,bead4,0,TfEn,0,pepEn,0,bead1,0
endosome1242y,initOrgProp,area,11309.73355,volume,100530.9649,xcoor,26.04915454,ycoor,25.54869615,pH,7.936974649,,,,,,,,,,,,,,,,,,,,,,
endosome1242y,initRabContent,RabA,11309.73355,,,,,,,,,,,,,,,,,,,,,,,,,,,,,,
endosome1242y,initMembraneContent,EEA1,1.607058439,exCxEn,7.44E-08,R-TfaEn,1.72E-42,oMHCIEn,1.17E-05,membraneMarker,0,M6PR,0.532401922,cMHCIEn,1.02E-05,R-TfEn,9.17E-43,pepMHCIEn,0,REn,2.88E-07,imCxEn,7.44E-08,,,,,,,,,,
endosome1242y,initSolubleContent,povaEn,0,NH3Cy,0,protonEn,0.16231864,FeEn,0,NH3En,0,NH4En,0,ovaEn,0,TfaEn,8.63E-09,solubleMarker,0,mvb,0,bead2,0,bead3,0,bead4,0,TfEn,0,pepEn,0,bead1,0
endosome1243B,initOrgProp,area,11309.73355,volume,100530.9649,xcoor,25.48025743,ycoor,26.55854123,pH,7.991921174,,,,,,,,,,,,,,,,,,,,,,
endosome1243B,initRabContent,RabA,11309.73355,,,,,,,,,,,,,,,,,,,,,,,,,,,,,,
endosome1243B,initMembraneContent,EEA1,1.861142103,exCxEn,1.55E-08,R-TfaEn,2.17E-42,oMHCIEn,1.50E-05,membraneMarker,0,M6PR,0.139579916,cMHCIEn,1.37E-05,R-TfEn,1.19E-42,pepMHCIEn,0,REn,3.70E-07,imCxEn,1.55E-08,,,,,,,,,,
endosome1243B,initSolubleContent,povaEn,0,NH3Cy,0,protonEn,0.024185627,FeEn,0,NH3En,0,NH4En,0,ovaEn,0,TfaEn,1.62E-09,solubleMarker,0,mvb,0,bead2,0,bead3,0,bead4,0,TfEn,0,pepEn,0,bead1,0
endosome1244c,initOrgProp,area,11309.73355,volume,100530.9649,xcoor,25.31051748,ycoor,26.3793994,pH,7.991921174,,,,,,,,,,,,,,,,,,,,,,
endosome1244c,initRabContent,RabA,11309.73355,,,,,,,,,,,,,,,,,,,,,,,,,,,,,,
endosome1244c,initMembraneContent,EEA1,1.861142103,exCxEn,1.55E-08,R-TfaEn,2.17E-42,oMHCIEn,1.50E-05,membraneMarker,0,M6PR,0.139579916,cMHCIEn,1.37E-05,R-TfEn,1.19E-42,pepMHCIEn,0,REn,3.70E-07,imCxEn,1.55E-08,,,,,,,,,,
endosome1244c,initSolubleContent,povaEn,0,NH3Cy,0,protonEn,0.024185627,FeEn,0,NH3En,0,NH4En,0,ovaEn,0,TfaEn,1.62E-09,solubleMarker,0,mvb,0,bead2,0,bead3,0,bead4,0,TfEn,0,pepEn,0,bead1,0
endosome1245K,initOrgProp,area,12566.37061,volume,100530.9649,xcoor,25.39924749,ycoor,25.7844952,pH,7.991921174,,,,,,,,,,,,,,,,,,,,,,
endosome1245K,initRabContent,RabB,12566.37061,,,,,,,,,,,,,,,,,,,,,,,,,,,,,,
endosome1245K,initMembraneContent,EEA1,0.00206587,exCxEn,1.74E-06,R-TfaEn,2.41E-39,oMHCIEn,1.67E-05,membraneMarker,0,M6PR,3.10E-04,cMHCIEn,0.015291968,R-TfEn,1.33E-39,pepMHCIEn,0,REn,4.11E-04,imCxEn,1.74E-06,,,,,,,,,,
endosome1245K,initSolubleContent,povaEn,0,NH3Cy,0,protonEn,0.024185627,FeEn,0,NH3En,0,NH4En,0,ovaEn,0,TfaEn,1.62E-09,solubleMarker,0,mvb,0,bead2,0,bead3,0,bead4,0,TfEn,0,pepEn,0,bead1,0
endosome1246h,initOrgProp,area,10053.09649,volume,87964.5943,xcoor,36.69520794,ycoor,48.65707169,pH,7.460882243,,,,,,,,,,,,,,,,,,,,,,
endosome1246h,initRabContent,RabA,10053.09649,,,,,,,,,,,,,,,,,,,,,,,,,,,,,,
endosome1246h,initMembraneContent,EEA1,2.44871363,exCxEn,0,R-TfaEn,3.17E-42,oMHCIEn,1.64E-04,membraneMarker,0,M6PR,3.369904243,cMHCIEn,2.41E-05,R-TfEn,1.80E-42,pepMHCIEn,0,REn,5.50E-07,imCxEn,0,,,,,,,,,,
endosome1246h,initSolubleContent,povaEn,0,NH3Cy,0,protonEn,2.043866919,FeEn,0,NH3En,0,NH4En,0,ovaEn,0,TfaEn,1.74E-07,solubleMarker,0,mvb,0,bead2,0,bead3,0,bead4,0,TfEn,0,pepEn,0,bead1,0
endosome1247G,initOrgProp,area,13823.00768,volume,150284.5845,xcoor,25.35931238,ycoor,25.68502748,pH,8.161437972,,,,,,,,,,,,,,,,,,,,,,
endosome1247G,initRabContent,RabA,13823.00768,,,,,,,,,,,,,,,,,,,,,,,,,,,,,,
endosome1247G,initMembraneContent,EEA1,2.274729237,exCxEn,1.90E-08,R-TfaEn,2.65E-42,oMHCIEn,1.83E-05,membraneMarker,0,M6PR,0.170597675,cMHCIEn,1.68E-05,R-TfEn,1.46E-42,pepMHCIEn,0,REn,4.52E-07,imCxEn,1.90E-08,,,,,,,,,,
endosome1247G,initSolubleContent,povaEn,0,NH3Cy,0,protonEn,0.03627844,FeEn,0,NH3En,0,NH4En,0,ovaEn,0,TfaEn,2.43E-09,solubleMarker,0,mvb,0,bead2,0,bead3,0,bead4,0,TfEn,0,pepEn,0,bead1,0
endosome1248X,initOrgProp,area,12566.37061,volume,100530.9649,xcoor,26.24256813,ycoor,34.0847146,pH,7.992905927,,,,,,,,,,,,,,,,,,,,,,
endosome1248X,initRabContent,RabA,12566.37061,,,,,,,,,,,,,,,,,,,,,,,,,,,,,,
endosome1248X,initMembraneContent,EEA1,1.869319853,exCxEn,1.56E-08,R-TfaEn,2.18E-42,oMHCIEn,1.51E-05,membraneMarker,0,M6PR,0.140193222,cMHCIEn,1.38E-05,R-TfEn,1.20E-42,pepMHCIEn,0,REn,3.71E-07,imCxEn,1.56E-08,,,,,,,,,,
endosome1248X,initSolubleContent,povaEn,0,NH3Cy,0,protonEn,0.021865939,FeEn,0,NH3En,0,NH4En,0,ovaEn,0,TfaEn,1.46E-09,solubleMarker,0,mvb,0,bead2,0,bead3,0,bead4,0,TfEn,0,pepEn,0,bead1,0
endosome1249H,initOrgProp,area,12566.37061,volume,100530.9649,xcoor,26.39722074,ycoor,29.20036902,pH,7.993806973,,,,,,,,,,,,,,,,,,,,,,
endosome1249H,initRabContent,RabA,12566.37061,,,,,,,,,,,,,,,,,,,,,,,,,,,,,,
endosome1249H,initMembraneContent,EEA1,1.688009804,exCxEn,1.41E-08,R-TfaEn,1.97E-42,oMHCIEn,1.36E-05,membraneMarker,0,M6PR,0.126595528,cMHCIEn,1.25E-05,R-TfEn,1.08E-42,pepMHCIEn,0,REn,3.35E-07,imCxEn,1.41E-08,,,,,,,,,,
endosome1249H,initSolubleContent,povaEn,0,NH3Cy,0,protonEn,0.019748036,FeEn,0,NH3En,0,NH4En,0,ovaEn,0,TfaEn,1.32E-09,solubleMarker,0,mvb,0,bead2,0,bead3,0,bead4,0,TfEn,0,pepEn,0,bead1,0
endosome1250P,initOrgProp,area,13823.00768,volume,150299.6145,xcoor,24.67678373,ycoor,25.52160809,pH,8.161481404,,,,,,,,,,,,,,,,,,,,,,
endosome1250P,initRabContent,RabA,13823.00768,,,,,,,,,,,,,,,,,,,,,,,,,,,,,,
endosome1250P,initMembraneContent,EEA1,2.274729237,exCxEn,1.90E-08,R-TfaEn,2.65E-42,oMHCIEn,1.83E-05,membraneMarker,0,M6PR,0.170597675,cMHCIEn,1.68E-05,R-TfEn,1.46E-42,pepMHCIEn,0,REn,4.52E-07,imCxEn,1.90E-08,,,,,,,,,,
endosome1250P,initSolubleContent,povaEn,0,NH3Cy,0,protonEn,0.03627844,FeEn,0,NH3En,0,NH4En,0,ovaEn,0,TfaEn,2.43E-09,solubleMarker,0,mvb,0,bead2,0,bead3,0,bead4,0,TfEn,0,pepEn,0,bead1,0
endosome1251o,initOrgProp,area,7539.822369,volume,50265.48246,xcoor,24.76839577,ycoor,25.82964129,pH,7.696049514,,,,,,,,,,,,,,,,,,,,,,
endosome1251o,initRabContent,RabA,7539.822369,,,,,,,,,,,,,,,,,,,,,,,,,,,,,,
endosome1251o,initMembraneContent,EEA1,1.240761402,exCxEn,1.03E-08,R-TfaEn,1.44E-42,oMHCIEn,1.00E-05,membraneMarker,0,M6PR,0.093053277,cMHCIEn,9.17E-06,R-TfEn,7.95E-43,pepMHCIEn,0,REn,2.46E-07,imCxEn,1.03E-08,,,,,,,,,,
endosome1251o,initSolubleContent,povaEn,0,NH3Cy,0,protonEn,0.012092813,FeEn,0,NH3En,0,NH4En,0,ovaEn,0,TfaEn,8.09E-10,solubleMarker,0,mvb,0,bead2,0,bead3,0,bead4,0,TfEn,0,pepEn,0,bead1,0
endosome1252r,initOrgProp,area,31582.82365,volume,346291.8227,xcoor,20.66644382,ycoor,20.09234147,pH,8.524560656,,,,,,,,,,,,,,,,,,,,,,
endosome1252r,initRabContent,RabD,31582.82365,,,,,,,,,,,,,,,,,,,,,,,,,,,,,,
endosome1252r,initMembraneContent,EEA1,0.002080539,exCxEn,5.12E-11,R-TfaEn,3.29E-44,oMHCIEn,5.17E-06,membraneMarker,0,M6PR,0.070081711,cMHCIEn,2.31E-07,R-TfEn,1.86E-44,pepMHCIEn,0,REn,5.70E-09,imCxEn,5.12E-11,,,,,,,,,,
endosome1252r,initSolubleContent,povaEn,0,NH3Cy,0,protonEn,0.034859951,FeEn,0,NH3En,0,NH4En,0,ovaEn,0,TfaEn,1.32E-09,solubleMarker,0,mvb,0,bead2,0,bead3,0,bead4,0,TfEn,0,pepEn,0,bead1,0
endosome1253z,initOrgProp,area,7539.822369,volume,50265.48246,xcoor,24.84482545,ycoor,25.67693481,pH,7.696049514,,,,,,,,,,,,,,,,,,,,,,
endosome1253z,initRabContent,RabA,7539.822369,,,,,,,,,,,,,,,,,,,,,,,,,,,,,,
endosome1253z,initMembraneContent,EEA1,1.240761402,exCxEn,1.03E-08,R-TfaEn,1.44E-42,oMHCIEn,1.00E-05,membraneMarker,0,M6PR,0.093053277,cMHCIEn,9.17E-06,R-TfEn,7.95E-43,pepMHCIEn,0,REn,2.46E-07,imCxEn,1.03E-08,,,,,,,,,,
endosome1253z,initSolubleContent,povaEn,0,NH3Cy,0,protonEn,0.012092813,FeEn,0,NH3En,0,NH4En,0,ovaEn,0,TfaEn,8.09E-10,solubleMarker,0,mvb,0,bead2,0,bead3,0,bead4,0,TfEn,0,pepEn,0,bead1,0
endosome1254r,initOrgProp,area,7539.822369,volume,50265.48246,xcoor,9.938393814,ycoor,8.761950242,pH,7.23177136,,,,,,,,,,,,,,,,,,,,,,
endosome1254r,initRabContent,RabA,7539.822369,,,,,,,,,,,,,,,,,,,,,,,,,,,,,,
endosome1254r,initMembraneContent,EEA1,0.651296859,exCxEn,4.60E-09,R-TfaEn,2.64E-41,oMHCIEn,0.003341069,membraneMarker,0,M6PR,2.329943516,cMHCIEn,2.20E-04,R-TfEn,1.49E-41,pepMHCIEn,0,REn,4.56E-06,imCxEn,4.60E-09,,,,,,,,,,
endosome1254r,initSolubleContent,povaEn,0,NH3Cy,0,protonEn,1.947803265,FeEn,0,NH3En,0,NH4En,0,ovaEn,0,TfaEn,1.83E-07,solubleMarker,0,mvb,0,bead2,0,bead3,0,bead4,0,TfEn,0,pepEn,0,bead1,0
endosome1255C,initOrgProp,area,7539.822369,volume,50265.48246,xcoor,22.67939311,ycoor,30.95009277,pH,7.342196195,,,,,,,,,,,,,,,,,,,,,,
endosome1255C,initRabContent,RabB,7539.822369,,,,,,,,,,,,,,,,,,,,,,,,,,,,,,
endosome1255C,initMembraneContent,EEA1,0.002540799,exCxEn,2.47E-08,R-TfaEn,8.66E-41,oMHCIEn,6.16E-05,membraneMarker,0,M6PR,0.005564782,cMHCIEn,5.55E-04,R-TfEn,4.92E-41,pepMHCIEn,0,REn,1.50E-05,imCxEn,2.47E-08,,,,,,,,,,
endosome1255C,initSolubleContent,povaEn,0,NH3Cy,0,protonEn,1.285986496,FeEn,0,NH3En,0,NH4En,0,ovaEn,0,TfaEn,6.23E-08,solubleMarker,0,mvb,0,bead2,0,bead3,0,bead4,0,TfEn,0,pepEn,0,bead1,0
endosome1256x,initOrgProp,area,12566.37061,volume,100530.9649,xcoor,28.14065289,ycoor,20.47261883,pH,7.332286055,,,,,,,,,,,,,,,,,,,,,,
endosome1256x,initRabContent,RabA,12566.37061,,,,,,,,,,,,,,,,,,,,,,,,,,,,,,
endosome1256x,initMembraneContent,EEA1,4.334484303,exCxEn,5.30E-07,R-TfaEn,2.11E-41,oMHCIEn,0.005636751,membraneMarker,0,M6PR,5.667954457,cMHCIEn,1.41E-04,R-TfEn,1.13E-41,pepMHCIEn,0,REn,3.54E-06,imCxEn,5.30E-07,,,,,,,,,,
endosome1256x,initSolubleContent,povaEn,0,NH3Cy,0,protonEn,3.677500004,FeEn,0,NH3En,0,NH4En,0,ovaEn,0,TfaEn,3.48E-07,solubleMarker,0,mvb,0,bead2,0,bead3,0,bead4,0,TfEn,0,pepEn,0,bead1,0
endosome1257C,initOrgProp,area,23876.10417,volume,276211.7371,xcoor,47.20340738,ycoor,42.69362733,pH,7.642626648,,,,,,,,,,,,,,,,,,,,,,
endosome1257C,initRabContent,RabB,3015.928947,RabC,20860.17522,,,,,,,,,,,,,,,,,,,,,,,,,,,,
endosome1257C,initMembraneContent,EEA1,0.004791869,exCxEn,1.39E-07,R-TfaEn,1.75E-39,oMHCIEn,0.002093256,membraneMarker,0,M6PR,0.013687973,cMHCIEn,0.012559256,R-TfEn,9.87E-40,pepMHCIEn,0,REn,3.03E-04,imCxEn,1.39E-07,,,,,,,,,,
endosome1257C,initSolubleContent,povaEn,0,NH3Cy,0,protonEn,5.289490732,FeEn,0,NH3En,0,NH4En,0,ovaEn,0,TfaEn,1.33E-07,solubleMarker,0,mvb,0,bead2,0,bead3,0,bead4,0,TfEn,0,pepEn,0,bead1,0
endosome1258Y,initOrgProp,area,17592.91886,volume,150796.4474,xcoor,49.35733715,ycoor,44.49338148,pH,7.333187698,,,,,,,,,,,,,,,,,,,,,,
endosome1258Y,initRabContent,RabB,17592.91886,,,,,,,,,,,,,,,,,,,,,,,,,,,,,,
endosome1258Y,initMembraneContent,,,,,,,,,,,,,,,,,,,,,,,,,,,,,,,,
endosome1258Y,initSolubleContent,protonEn,6.001698605,,,,,,,,,,,,,,,,,,,,,,,,,,,,,,
endosome1259M,initOrgProp,area,11309.73355,volume,100530.9649,xcoor,49.03223307,ycoor,44.18436408,pH,7.536122833,,,,,,,,,,,,,,,,,,,,,,
endosome1259M,initRabContent,RabB,11309.73355,,,,,,,,,,,,,,,,,,,,,,,,,,,,,,
endosome1259M,initMembraneContent,EEA1,0.002290016,exCxEn,6.51E-08,R-TfaEn,8.71E-40,oMHCIEn,1.24E-06,membraneMarker,0,M6PR,0.006533359,cMHCIEn,0.006233805,R-TfEn,4.91E-40,pepMHCIEn,0,REn,1.51E-04,imCxEn,6.51E-08,,,,,,,,,,
endosome1259M,initSolubleContent,povaEn,0,NH3Cy,0,protonEn,1.925344499,FeEn,0,NH3En,0,NH4En,0,ovaEn,0,TfaEn,4.89E-08,solubleMarker,0,mvb,0,bead2,0,bead3,0,bead4,0,TfEn,0,pepEn,0,bead1,0
endosome1260Z,initOrgProp,area,17592.91886,volume,150796.4474,xcoor,3.787337236,ycoor,16.20282098,pH,7.359542173,,,,,,,,,,,,,,,,,,,,,,
endosome1260Z,initRabContent,RabB,17592.91886,,,,,,,,,,,,,,,,,,,,,,,,,,,,,,
endosome1260Z,initMembraneContent,EEA1,0.002965631,exCxEn,0,R-TfaEn,2.20E-38,oMHCIEn,1.96E-04,membraneMarker,0,M6PR,0.012979602,cMHCIEn,0.171314574,R-TfEn,1.24E-38,pepMHCIEn,0,REn,0.003804506,imCxEn,0,,,,,,,,,,
endosome1260Z,initSolubleContent,povaEn,0,NH3Cy,0,protonEn,5.589446516,FeEn,0,NH3En,0,NH4En,0,ovaEn,0,TfaEn,5.10E-07,solubleMarker,0,mvb,0,bead2,0,bead3,0,bead4,0,TfEn,0,pepEn,0,bead1,0
endosome1261b,initOrgProp,area,12566.37061,volume,100530.9649,xcoor,3.901609038,ycoor,15.70800017,pH,7.32777878,,,,,,,,,,,,,,,,,,,,,,
endosome1261b,initRabContent,RabA,12566.37061,,,,,,,,,,,,,,,,,,,,,,,,,,,,,,
endosome1261b,initMembraneContent,EEA1,2.120426268,exCxEn,0,R-TfaEn,1.57E-41,oMHCIEn,1.40E-04,membraneMarker,0,M6PR,4.644843272,cMHCIEn,1.22E-04,R-TfEn,8.86E-42,pepMHCIEn,0,REn,2.71E-06,imCxEn,0,,,,,,,,,,
endosome1261b,initSolubleContent,povaEn,0,NH3Cy,0,protonEn,3.726297677,FeEn,0,NH3En,0,NH4En,0,ovaEn,0,TfaEn,3.40E-07,solubleMarker,0,mvb,0,bead2,0,bead3,0,bead4,0,TfEn,0,pepEn,0,bead1,0
endosome1262m,initOrgProp,area,17592.91886,volume,150796.4474,xcoor,21.80174664,ycoor,22.02186246,pH,8.178275932,,,,,,,,,,,,,,,,,,,,,,
endosome1262m,initRabContent,RabA,17592.91886,,,,,,,,,,,,,,,,,,,,,,,,,,,,,,
endosome1262m,initMembraneContent,EEA1,2.733723994,exCxEn,6.98E-10,R-TfaEn,3.28E-45,oMHCIEn,1.82E-07,membraneMarker,0,M6PR,0.015831156,cMHCIEn,1.60E-08,R-TfEn,1.54E-45,pepMHCIEn,0,REn,5.12E-10,imCxEn,6.98E-10,,,,,,,,,,
endosome1262m,initSolubleContent,povaEn,0,NH3Cy,0,protonEn,2.65E-04,FeEn,0,NH3En,0,NH4En,0,ovaEn,0,TfaEn,2.08E-11,solubleMarker,0,mvb,0,bead2,0,bead3,0,bead4,0,TfEn,0,pepEn,0,bead1,0
endosome1263U,initOrgProp,area,14451.32621,volume,125663.7061,xcoor,22.62094154,ycoor,22.47466881,pH,8.09911388,,,,,,,,,,,,,,,,,,,,,,
endosome1263U,initRabContent,RabD,14451.32621,,,,,,,,,,,,,,,,,,,,,,,,,,,,,,
endosome1263U,initMembraneContent,EEA1,0.002243316,exCxEn,5.73E-10,R-TfaEn,2.69E-45,oMHCIEn,1.50E-07,membraneMarker,0,M6PR,0.013004164,cMHCIEn,1.31E-08,R-TfEn,1.26E-45,pepMHCIEn,0,REn,4.21E-10,imCxEn,5.73E-10,,,,,,,,,,
endosome1263U,initSolubleContent,povaEn,0,NH3Cy,0,protonEn,2.21E-04,FeEn,0,NH3En,0,NH4En,0,ovaEn,0,TfaEn,1.73E-11,solubleMarker,0,mvb,0,bead2,0,bead3,0,bead4,0,TfEn,0,pepEn,0,bead1,0
endosome1264r,initOrgProp,area,7539.822369,volume,50265.48246,xcoor,37.71186106,ycoor,2.351438548,pH,7.221820452,,,,,,,,,,,,,,,,,,,,,,
endosome1264r,initRabContent,RabA,7539.822369,,,,,,,,,,,,,,,,,,,,,,,,,,,,,,
endosome1264r,initMembraneContent,EEA1,0.792973349,exCxEn,0,R-TfaEn,8.34E-42,oMHCIEn,1.48E-04,membraneMarker,0,M6PR,2.10240198,cMHCIEn,6.89E-05,R-TfEn,4.70E-42,pepMHCIEn,0,REn,1.44E-06,imCxEn,0,,,,,,,,,,
endosome1264r,initSolubleContent,povaEn,0,NH3Cy,0,protonEn,2.016125468,FeEn,0,NH3En,0,NH4En,0,ovaEn,0,TfaEn,1.57E-07,solubleMarker,0,mvb,0,bead2,0,bead3,0,bead4,0,TfEn,0,pepEn,0,bead1,0
endosome1265B,initOrgProp,area,14619.77766,volume,123084.0458,xcoor,26.57426702,ycoor,25.22595872,pH,7.705502798,,,,,,,,,,,,,,,,,,,,,,
endosome1265B,initRabContent,RabC,14619.77766,,,,,,,,,,,,,,,,,,,,,,,,,,,,,,
endosome1265B,initMembraneContent,EEA1,0.004541534,exCxEn,1.46E-05,R-TfaEn,2.94E-39,oMHCIEn,0.013096383,membraneMarker,0,M6PR,0.004266432,cMHCIEn,0.017089572,R-TfEn,1.56E-39,pepMHCIEn,0,REn,4.91E-04,imCxEn,1.46E-05,,,,,,,,,,
endosome1265B,initSolubleContent,povaEn,0,NH3Cy,0,protonEn,1.424928653,FeEn,0,NH3En,0,NH4En,0,ovaEn,0,TfaEn,6.79E-08,solubleMarker,0,mvb,0,bead2,0,bead3,0,bead4,0,TfEn,0,pepEn,0,bead1,0
endosome1266O,initOrgProp,area,14619.77766,volume,123084.0458,xcoor,26.40176456,ycoor,25.80260824,pH,7.705502798,,,,,,,,,,,,,,,,,,,,,,
endosome1266O,initRabContent,RabC,14619.77766,,,,,,,,,,,,,,,,,,,,,,,,,,,,,,
endosome1266O,initMembraneContent,EEA1,0.004541534,exCxEn,1.46E-05,R-TfaEn,2.94E-39,oMHCIEn,0.013096383,membraneMarker,0,M6PR,0.004266432,cMHCIEn,0.017089572,R-TfEn,1.56E-39,pepMHCIEn,0,REn,4.91E-04,imCxEn,1.46E-05,,,,,,,,,,
endosome1266O,initSolubleContent,povaEn,0,NH3Cy,0,protonEn,1.424928653,FeEn,0,NH3En,0,NH4En,0,ovaEn,0,TfaEn,6.79E-08,solubleMarker,0,mvb,0,bead2,0,bead3,0,bead4,0,TfEn,0,pepEn,0,bead1,0
endosome1267L,initOrgProp,area,14619.77766,volume,123084.0458,xcoor,26.44406053,ycoor,25.81408175,pH,7.705502798,,,,,,,,,,,,,,,,,,,,,,
endosome1267L,initRabContent,RabC,14619.77766,,,,,,,,,,,,,,,,,,,,,,,,,,,,,,
endosome1267L,initMembraneContent,EEA1,0.004541534,exCxEn,1.46E-05,R-TfaEn,2.94E-39,oMHCIEn,0.013096383,membraneMarker,0,M6PR,0.004266432,cMHCIEn,0.017089572,R-TfEn,1.56E-39,pepMHCIEn,0,REn,4.91E-04,imCxEn,1.46E-05,,,,,,,,,,
endosome1267L,initSolubleContent,povaEn,0,NH3Cy,0,protonEn,1.424928653,FeEn,0,NH3En,0,NH4En,0,ovaEn,0,TfaEn,6.79E-08,solubleMarker,0,mvb,0,bead2,0,bead3,0,bead4,0,TfEn,0,pepEn,0,bead1,0
endosome1268Z,initOrgProp,area,14619.77766,volume,123084.0458,xcoor,26.80009025,ycoor,25.43512408,pH,7.705502798,,,,,,,,,,,,,,,,,,,,,,
endosome1268Z,initRabContent,RabC,14619.77766,,,,,,,,,,,,,,,,,,,,,,,,,,,,,,
endosome1268Z,initMembraneContent,EEA1,0.004541534,exCxEn,1.46E-05,R-TfaEn,2.94E-39,oMHCIEn,0.013096383,membraneMarker,0,M6PR,0.004266432,cMHCIEn,0.017089572,R-TfEn,1.56E-39,pepMHCIEn,0,REn,4.91E-04,imCxEn,1.46E-05,,,,,,,,,,
endosome1268Z,initSolubleContent,povaEn,0,NH3Cy,0,protonEn,1.424928653,FeEn,0,NH3En,0,NH4En,0,ovaEn,0,TfaEn,6.79E-08,solubleMarker,0,mvb,0,bead2,0,bead3,0,bead4,0,TfEn,0,pepEn,0,bead1,0
endosome1269a,initOrgProp,area,14619.77766,volume,123084.0458,xcoor,26.32522779,ycoor,25.51520266,pH,7.705502798,,,,,,,,,,,,,,,,,,,,,,
endosome1269a,initRabContent,RabC,14619.77766,,,,,,,,,,,,,,,,,,,,,,,,,,,,,,
endosome1269a,initMembraneContent,EEA1,0.004541534,exCxEn,1.46E-05,R-TfaEn,2.94E-39,oMHCIEn,0.013096383,membraneMarker,0,M6PR,0.004266432,cMHCIEn,0.017089572,R-TfEn,1.56E-39,pepMHCIEn,0,REn,4.91E-04,imCxEn,1.46E-05,,,,,,,,,,
endosome1269a,initSolubleContent,povaEn,0,NH3Cy,0,protonEn,1.424928653,FeEn,0,NH3En,0,NH4En,0,ovaEn,0,TfaEn,6.79E-08,solubleMarker,0,mvb,0,bead2,0,bead3,0,bead4,0,TfEn,0,pepEn,0,bead1,0
endosome1270r,initOrgProp,area,14619.77766,volume,123084.0458,xcoor,26.39289002,ycoor,25.66583569,pH,7.705502798,,,,,,,,,,,,,,,,,,,,,,
endosome1270r,initRabContent,RabC,14619.77766,,,,,,,,,,,,,,,,,,,,,,,,,,,,,,
endosome1270r,initMembraneContent,EEA1,0.004541534,exCxEn,1.46E-05,R-TfaEn,2.94E-39,oMHCIEn,0.013096383,membraneMarker,0,M6PR,0.004266432,cMHCIEn,0.017089572,R-TfEn,1.56E-39,pepMHCIEn,0,REn,4.91E-04,imCxEn,1.46E-05,,,,,,,,,,
endosome1270r,initSolubleContent,povaEn,0,NH3Cy,0,protonEn,1.424928653,FeEn,0,NH3En,0,NH4En,0,ovaEn,0,TfaEn,6.79E-08,solubleMarker,0,mvb,0,bead2,0,bead3,0,bead4,0,TfEn,0,pepEn,0,bead1,0
endosome1271u,initOrgProp,area,14619.77766,volume,123084.0458,xcoor,26.46095933,ycoor,25.08788189,pH,7.705502798,,,,,,,,,,,,,,,,,,,,,,
endosome1271u,initRabContent,RabC,14619.77766,,,,,,,,,,,,,,,,,,,,,,,,,,,,,,
endosome1271u,initMembraneContent,EEA1,0.004541534,exCxEn,1.46E-05,R-TfaEn,2.94E-39,oMHCIEn,0.013096383,membraneMarker,0,M6PR,0.004266432,cMHCIEn,0.017089572,R-TfEn,1.56E-39,pepMHCIEn,0,REn,4.91E-04,imCxEn,1.46E-05,,,,,,,,,,
endosome1271u,initSolubleContent,povaEn,0,NH3Cy,0,protonEn,1.424928653,FeEn,0,NH3En,0,NH4En,0,ovaEn,0,TfaEn,6.79E-08,solubleMarker,0,mvb,0,bead2,0,bead3,0,bead4,0,TfEn,0,pepEn,0,bead1,0
endosome1272O,initOrgProp,area,12566.37061,volume,100530.9649,xcoor,18.27909881,ycoor,47.74725104,pH,7.996107746,,,,,,,,,,,,,,,,,,,,,,
endosome1272O,initRabContent,RabC,12566.37061,,,,,,,,,,,,,,,,,,,,,,,,,,,,,,
endosome1272O,initMembraneContent,EEA1,0.003784526,exCxEn,2.79E-06,R-TfaEn,2.10E-39,oMHCIEn,0.011407246,membraneMarker,0,M6PR,2.60E-04,cMHCIEn,0.012773369,R-TfEn,1.13E-39,pepMHCIEn,0,REn,3.54E-04,imCxEn,2.79E-06,,,,,,,,,,
endosome1272O,initSolubleContent,povaEn,0,NH3Cy,0,protonEn,0.014359977,FeEn,0,NH3En,0,NH4En,0,ovaEn,0,TfaEn,9.84E-10,solubleMarker,0,mvb,0,bead2,0,bead3,0,bead4,0,TfEn,0,pepEn,0,bead1,0
endosome1273R,initOrgProp,area,17592.91886,volume,150796.4474,xcoor,18.29546553,ycoor,47.72123267,pH,8.169135748,,,,,,,,,,,,,,,,,,,,,,
endosome1273R,initRabContent,RabA,17592.91886,,,,,,,,,,,,,,,,,,,,,,,,,,,,,,
endosome1273R,initMembraneContent,EEA1,5.303634709,exCxEn,3.87E-08,R-TfaEn,2.94E-42,oMHCIEn,1.60E-05,membraneMarker,0,M6PR,0.182273004,cMHCIEn,1.79E-05,R-TfEn,1.59E-42,pepMHCIEn,0,REn,4.96E-07,imCxEn,3.87E-08,,,,,,,,,,
endosome1273R,initSolubleContent,povaEn,0,NH3Cy,0,protonEn,0.021539966,FeEn,0,NH3En,0,NH4En,0,ovaEn,0,TfaEn,1.48E-09,solubleMarker,0,mvb,0,bead2,0,bead3,0,bead4,0,TfEn,0,pepEn,0,bead1,0
endosome1274M,initOrgProp,area,7539.822369,volume,50265.48246,xcoor,29.79482825,ycoor,18.28764017,pH,7.694426306,,,,,,,,,,,,,,,,,,,,,,
endosome1274M,initRabContent,RabA,7539.822369,,,,,,,,,,,,,,,,,,,,,,,,,,,,,,
endosome1274M,initMembraneContent,EEA1,0.358323737,exCxEn,7.11E-10,R-TfaEn,1.07E-44,oMHCIEn,3.89E-08,membraneMarker,0,M6PR,0.020243714,cMHCIEn,7.26E-08,R-TfEn,5.36E-45,pepMHCIEn,0,REn,1.74E-09,imCxEn,7.11E-10,,,,,,,,,,
endosome1274M,initSolubleContent,povaEn,0,NH3Cy,0,protonEn,0.015882665,FeEn,0,NH3En,0,NH4En,0,ovaEn,0,TfaEn,1.08E-10,solubleMarker,0,mvb,0,bead2,0,bead3,0,bead4,0,TfEn,0,pepEn,0,bead1,0
endosome1275Y,initOrgProp,area,12566.37061,volume,100530.9649,xcoor,20.04122716,ycoor,19.84271145,pH,7.9972717,,,,,,,,,,,,,,,,,,,,,,
endosome1275Y,initRabContent,RabD,12566.37061,,,,,,,,,,,,,,,,,,,,,,,,,,,,,,
endosome1275Y,initMembraneContent,EEA1,9.60E-04,exCxEn,2.36E-11,R-TfaEn,1.52E-44,oMHCIEn,2.39E-06,membraneMarker,0,M6PR,0.032353085,cMHCIEn,1.07E-07,R-TfEn,8.60E-45,pepMHCIEn,0,REn,2.63E-09,imCxEn,2.36E-11,,,,,,,,,,
endosome1275Y,initSolubleContent,povaEn,0,NH3Cy,0,protonEn,0.011645027,FeEn,0,NH3En,0,NH4En,0,ovaEn,0,TfaEn,4.42E-10,solubleMarker,0,mvb,0,bead2,0,bead3,0,bead4,0,TfEn,0,pepEn,0,bead1,0
endosome1276J,initOrgProp,area,7539.822369,volume,50265.48246,xcoor,20.07079416,ycoor,19.99222877,pH,7.698748503,,,,,,,,,,,,,,,,,,,,,,
endosome1276J,initRabContent,RabD,7539.822369,,,,,,,,,,,,,,,,,,,,,,,,,,,,,,
endosome1276J,initMembraneContent,EEA1,5.76E-04,exCxEn,1.42E-11,R-TfaEn,9.11E-45,oMHCIEn,1.43E-06,membraneMarker,0,M6PR,0.019411851,cMHCIEn,6.40E-08,R-TfEn,5.16E-45,pepMHCIEn,0,REn,1.58E-09,imCxEn,1.42E-11,,,,,,,,,,
endosome1276J,initSolubleContent,povaEn,0,NH3Cy,0,protonEn,0.005822514,FeEn,0,NH3En,0,NH4En,0,ovaEn,0,TfaEn,2.21E-10,solubleMarker,0,mvb,0,bead2,0,bead3,0,bead4,0,TfEn,0,pepEn,0,bead1,0
endosome1277H,initOrgProp,area,17592.91886,volume,150796.4474,xcoor,29.47099308,ycoor,19.12130502,pH,8.159781287,,,,,,,,,,,,,,,,,,,,,,
endosome1277H,initRabContent,RabD,17592.91886,,,,,,,,,,,,,,,,,,,,,,,,,,,,,,
endosome1277H,initMembraneContent,EEA1,7.67E-04,exCxEn,1.52E-09,R-TfaEn,2.30E-44,oMHCIEn,8.34E-08,membraneMarker,0,M6PR,0.043396797,cMHCIEn,1.56E-07,R-TfEn,1.15E-44,pepMHCIEn,0,REn,3.72E-09,imCxEn,1.52E-09,,,,,,,,,,
endosome1277H,initSolubleContent,povaEn,0,NH3Cy,0,protonEn,0.043782047,FeEn,0,NH3En,0,NH4En,0,ovaEn,0,TfaEn,2.96E-10,solubleMarker,0,mvb,0,bead2,0,bead3,0,bead4,0,TfEn,0,pepEn,0,bead1,0
endosome1278R,initOrgProp,area,14215.60619,volume,148777.3881,xcoor,27.56847848,ycoor,24.42051636,pH,7.688874901,,,,,,,,,,,,,,,,,,,,,,
endosome1278R,initRabContent,RabC,14215.60619,,,,,,,,,,,,,,,,,,,,,,,,,,,,,,
endosome1278R,initMembraneContent,EEA1,0.004502433,exCxEn,1.37E-05,R-TfaEn,2.75E-39,oMHCIEn,0.012773855,membraneMarker,0,M6PR,0.006510256,cMHCIEn,0.016048464,R-TfEn,1.46E-39,pepMHCIEn,0,REn,4.60E-04,imCxEn,1.37E-05,,,,,,,,,,
endosome1278R,initSolubleContent,povaEn,0,NH3Cy,0,protonEn,2.045524021,FeEn,0,NH3En,0,NH4En,0,ovaEn,0,TfaEn,1.06E-07,solubleMarker,0,mvb,0,bead2,0,bead3,0,bead4,0,TfEn,0,pepEn,0,bead1,0
endosome1279c,initOrgProp,area,7539.822369,volume,50265.48246,xcoor,27.29748648,ycoor,24.4850529,pH,7.466984823,,,,,,,,,,,,,,,,,,,,,,
endosome1279c,initRabContent,RabA,7539.822369,,,,,,,,,,,,,,,,,,,,,,,,,,,,,,
endosome1279c,initMembraneContent,EEA1,2.352948772,exCxEn,7.07E-08,R-TfaEn,1.45E-42,oMHCIEn,6.83E-06,membraneMarker,0,M6PR,1.929990845,cMHCIEn,8.46E-06,R-TfEn,7.70E-43,pepMHCIEn,0,REn,2.42E-07,imCxEn,7.07E-08,,,,,,,,,,
endosome1279c,initSolubleContent,povaEn,0,NH3Cy,0,protonEn,0.715082568,FeEn,0,NH3En,0,NH4En,0,ovaEn,0,TfaEn,3.81E-08,solubleMarker,0,mvb,0,bead2,0,bead3,0,bead4,0,TfEn,0,pepEn,0,bead1,0
endosome1280v,initOrgProp,area,17948.8024,volume,161928.1841,xcoor,20.23997818,ycoor,19.78309734,pH,8.201770236,,,,,,,,,,,,,,,,,,,,,,
endosome1280v,initRabContent,RabD,17948.8024,,,,,,,,,,,,,,,,,,,,,,,,,,,,,,
endosome1280v,initMembraneContent,EEA1,0.001296109,exCxEn,3.19E-11,R-TfaEn,2.05E-44,oMHCIEn,3.22E-06,membraneMarker,0,M6PR,0.043658647,cMHCIEn,1.44E-07,R-TfEn,1.16E-44,pepMHCIEn,0,REn,3.55E-09,imCxEn,3.19E-11,,,,,,,,,,
endosome1280v,initSolubleContent,povaEn,0,NH3Cy,0,protonEn,0.017541685,FeEn,0,NH3En,0,NH4En,0,ovaEn,0,TfaEn,6.65E-10,solubleMarker,0,mvb,0,bead2,0,bead3,0,bead4,0,TfEn,0,pepEn,0,bead1,0
endosome1281c,initOrgProp,area,10681.41502,volume,87964.5943,xcoor,20.54819883,ycoor,32.00583653,pH,7.69829446,,,,,,,,,,,,,,,,,,,,,,
endosome1281c,initRabContent,RabC,10681.41502,,,,,,,,,,,,,,,,,,,,,,,,,,,,,,
endosome1281c,initMembraneContent,EEA1,6.87E-05,exCxEn,7.79E-06,R-TfaEn,2.38E-39,oMHCIEn,0.009634926,membraneMarker,0,M6PR,1.68E-04,cMHCIEn,0.015120844,R-TfEn,1.30E-39,pepMHCIEn,0,REn,4.03E-04,imCxEn,7.79E-06,,,,,,,,,,
endosome1281c,initSolubleContent,povaEn,0,NH3Cy,0,protonEn,0.762030592,FeEn,0,NH3En,0,NH4En,0,ovaEn,0,TfaEn,2.81E-08,solubleMarker,0,mvb,0,bead2,0,bead3,0,bead4,0,TfEn,0,pepEn,0,bead1,0
endosome1282n,initOrgProp,area,17592.91886,volume,150796.4474,xcoor,18.0742963,ycoor,36.70706222,pH,7.815468126,,,,,,,,,,,,,,,,,,,,,,
endosome1282n,initRabContent,RabC,17592.91886,,,,,,,,,,,,,,,,,,,,,,,,,,,,,,
endosome1282n,initMembraneContent,EEA1,1.13E-04,exCxEn,1.28E-05,R-TfaEn,3.92E-39,oMHCIEn,0.015869291,membraneMarker,0,M6PR,2.76E-04,cMHCIEn,0.02490492,R-TfEn,2.13E-39,pepMHCIEn,0,REn,6.64E-04,imCxEn,1.28E-05,,,,,,,,,,
endosome1282n,initSolubleContent,povaEn,0,NH3Cy,0,protonEn,1.306338158,FeEn,0,NH3En,0,NH4En,0,ovaEn,0,TfaEn,4.83E-08,solubleMarker,0,mvb,0,bead2,0,bead3,0,bead4,0,TfEn,0,pepEn,0,bead1,0
endosome1283w,initOrgProp,area,13980.08731,volume,125661.8213,xcoor,24.38905018,ycoor,25.18076011,pH,7.981246702,,,,,,,,,,,,,,,,,,,,,,
endosome1283w,initRabContent,RabD,13980.08731,,,,,,,,,,,,,,,,,,,,,,,,,,,,,,
endosome1283w,initMembraneContent,EEA1,0.003074524,exCxEn,4.84E-08,R-TfaEn,2.50E-42,oMHCIEn,1.24E-05,membraneMarker,0,M6PR,0.133404726,cMHCIEn,1.54E-05,R-TfEn,1.35E-42,pepMHCIEn,0,REn,4.22E-07,imCxEn,4.84E-08,,,,,,,,,,
endosome1283w,initSolubleContent,povaEn,0,NH3Cy,0,protonEn,0.312068919,FeEn,0,NH3En,0,NH4En,0,ovaEn,0,TfaEn,1.19E-08,solubleMarker,0,mvb,0,bead2,0,bead3,0,bead4,0,TfEn,0,pepEn,0,bead1,0
endosome1284j,initOrgProp,area,17948.8024,volume,161928.1841,xcoor,20.45834436,ycoor,19.75164049,pH,8.201770236,,,,,,,,,,,,,,,,,,,,,,
endosome1284j,initRabContent,RabD,17948.8024,,,,,,,,,,,,,,,,,,,,,,,,,,,,,,
endosome1284j,initMembraneContent,EEA1,0.001296109,exCxEn,3.19E-11,R-TfaEn,2.05E-44,oMHCIEn,3.22E-06,membraneMarker,0,M6PR,0.043658647,cMHCIEn,1.44E-07,R-TfEn,1.16E-44,pepMHCIEn,0,REn,3.55E-09,imCxEn,3.19E-11,,,,,,,,,,
endosome1284j,initSolubleContent,povaEn,0,NH3Cy,0,protonEn,0.017541685,FeEn,0,NH3En,0,NH4En,0,ovaEn,0,TfaEn,6.65E-10,solubleMarker,0,mvb,0,bead2,0,bead3,0,bead4,0,TfEn,0,pepEn,0,bead1,0
endosome1285w,initOrgProp,area,17948.8024,volume,161928.1841,xcoor,20.3829391,ycoor,19.68216802,pH,8.201770236,,,,,,,,,,,,,,,,,,,,,,
endosome1285w,initRabContent,RabD,17948.8024,,,,,,,,,,,,,,,,,,,,,,,,,,,,,,
endosome1285w,initMembraneContent,EEA1,0.001296109,exCxEn,3.19E-11,R-TfaEn,2.05E-44,oMHCIEn,3.22E-06,membraneMarker,0,M6PR,0.043658647,cMHCIEn,1.44E-07,R-TfEn,1.16E-44,pepMHCIEn,0,REn,3.55E-09,imCxEn,3.19E-11,,,,,,,,,,
endosome1285w,initSolubleContent,povaEn,0,NH3Cy,0,protonEn,0.017541685,FeEn,0,NH3En,0,NH4En,0,ovaEn,0,TfaEn,6.65E-10,solubleMarker,0,mvb,0,bead2,0,bead3,0,bead4,0,TfEn,0,pepEn,0,bead1,0
endosome1286E,initOrgProp,area,17948.8024,volume,161928.1841,xcoor,20.64805569,ycoor,19.89239423,pH,8.201770236,,,,,,,,,,,,,,,,,,,,,,
endosome1286E,initRabContent,RabD,17948.8024,,,,,,,,,,,,,,,,,,,,,,,,,,,,,,
endosome1286E,initMembraneContent,EEA1,0.001296109,exCxEn,3.19E-11,R-TfaEn,2.05E-44,oMHCIEn,3.22E-06,membraneMarker,0,M6PR,0.043658647,cMHCIEn,1.44E-07,R-TfEn,1.16E-44,pepMHCIEn,0,REn,3.55E-09,imCxEn,3.19E-11,,,,,,,,,,
endosome1286E,initSolubleContent,povaEn,0,NH3Cy,0,protonEn,0.017541685,FeEn,0,NH3En,0,NH4En,0,ovaEn,0,TfaEn,6.65E-10,solubleMarker,0,mvb,0,bead2,0,bead3,0,bead4,0,TfEn,0,pepEn,0,bead1,0
endosome1287V,initOrgProp,area,7539.822369,volume,50265.48246,xcoor,45.90681996,ycoor,5.273631071,pH,7.25173191,,,,,,,,,,,,,,,,,,,,,,
endosome1287V,initRabContent,RabC,7539.822369,,,,,,,,,,,,,,,,,,,,,,,,,,,,,,
endosome1287V,initMembraneContent,EEA1,0.002788723,exCxEn,4.46E-13,R-TfaEn,1.11E-40,oMHCIEn,6.85E-05,membraneMarker,0,M6PR,0.005561066,cMHCIEn,7.67E-04,R-TfEn,6.25E-41,pepMHCIEn,0,REn,1.91E-05,imCxEn,4.46E-13,,,,,,,,,,
endosome1287V,initSolubleContent,povaEn,0,NH3Cy,0,protonEn,1.815385992,FeEn,0,NH3En,0,NH4En,0,ovaEn,0,TfaEn,3.25E-08,solubleMarker,0,mvb,0,bead2,0,bead3,0,bead4,0,TfEn,0,pepEn,0,bead1,0
endosome1288y,initOrgProp,area,14451.32621,volume,125663.7061,xcoor,22.2776083,ycoor,22.24868489,pH,8.09911388,,,,,,,,,,,,,,,,,,,,,,
endosome1288y,initRabContent,RabD,14451.32621,,,,,,,,,,,,,,,,,,,,,,,,,,,,,,
endosome1288y,initMembraneContent,EEA1,0.002243316,exCxEn,5.73E-10,R-TfaEn,2.69E-45,oMHCIEn,1.50E-07,membraneMarker,0,M6PR,0.013004164,cMHCIEn,1.31E-08,R-TfEn,1.26E-45,pepMHCIEn,0,REn,4.21E-10,imCxEn,5.73E-10,,,,,,,,,,
endosome1288y,initSolubleContent,povaEn,0,NH3Cy,0,protonEn,2.21E-04,FeEn,0,NH3En,0,NH4En,0,ovaEn,0,TfaEn,1.73E-11,solubleMarker,0,mvb,0,bead2,0,bead3,0,bead4,0,TfEn,0,pepEn,0,bead1,0
endosome1289I,initOrgProp,area,14451.32621,volume,125663.7061,xcoor,22.55810703,ycoor,22.24945489,pH,8.09911388,,,,,,,,,,,,,,,,,,,,,,
endosome1289I,initRabContent,RabD,14451.32621,,,,,,,,,,,,,,,,,,,,,,,,,,,,,,
endosome1289I,initMembraneContent,EEA1,0.002243316,exCxEn,5.73E-10,R-TfaEn,2.69E-45,oMHCIEn,1.50E-07,membraneMarker,0,M6PR,0.013004164,cMHCIEn,1.31E-08,R-TfEn,1.26E-45,pepMHCIEn,0,REn,4.21E-10,imCxEn,5.73E-10,,,,,,,,,,
endosome1289I,initSolubleContent,povaEn,0,NH3Cy,0,protonEn,2.21E-04,FeEn,0,NH3En,0,NH4En,0,ovaEn,0,TfaEn,1.73E-11,solubleMarker,0,mvb,0,bead2,0,bead3,0,bead4,0,TfEn,0,pepEn,0,bead1,0
endosome1290Y,initOrgProp,area,14451.32621,volume,125663.7061,xcoor,22.50347279,ycoor,22.113744,pH,8.09911388,,,,,,,,,,,,,,,,,,,,,,
endosome1290Y,initRabContent,RabD,14451.32621,,,,,,,,,,,,,,,,,,,,,,,,,,,,,,
endosome1290Y,initMembraneContent,EEA1,0.002243316,exCxEn,5.73E-10,R-TfaEn,2.69E-45,oMHCIEn,1.50E-07,membraneMarker,0,M6PR,0.013004164,cMHCIEn,1.31E-08,R-TfEn,1.26E-45,pepMHCIEn,0,REn,4.21E-10,imCxEn,5.73E-10,,,,,,,,,,
endosome1290Y,initSolubleContent,povaEn,0,NH3Cy,0,protonEn,2.21E-04,FeEn,0,NH3En,0,NH4En,0,ovaEn,0,TfaEn,1.73E-11,solubleMarker,0,mvb,0,bead2,0,bead3,0,bead4,0,TfEn,0,pepEn,0,bead1,0
endosome1291R,initOrgProp,area,7539.822369,volume,50265.48246,xcoor,27.36552454,ycoor,20.72857933,pH,7.269707447,,,,,,,,,,,,,,,,,,,,,,
endosome1291R,initRabContent,RabA,7539.822369,,,,,,,,,,,,,,,,,,,,,,,,,,,,,,
endosome1291R,initMembraneContent,EEA1,2.600838303,exCxEn,6.20E-07,R-TfaEn,7.83E-42,oMHCIEn,4.46E-05,membraneMarker,0,M6PR,3.401099126,cMHCIEn,4.96E-05,R-TfEn,4.01E-42,pepMHCIEn,0,REn,1.28E-06,imCxEn,6.20E-07,,,,,,,,,,
endosome1291R,initSolubleContent,povaEn,0,NH3Cy,0,protonEn,1.701235251,FeEn,0,NH3En,0,NH4En,0,ovaEn,0,TfaEn,1.61E-07,solubleMarker,0,mvb,0,bead2,0,bead3,0,bead4,0,TfEn,0,pepEn,0,bead1,0
endosome1292b,initOrgProp,area,7539.822369,volume,50265.48246,xcoor,27.63725777,ycoor,20.49563353,pH,7.269707447,,,,,,,,,,,,,,,,,,,,,,
endosome1292b,initRabContent,RabA,7539.822369,,,,,,,,,,,,,,,,,,,,,,,,,,,,,,
endosome1292b,initMembraneContent,EEA1,2.600838303,exCxEn,6.20E-07,R-TfaEn,7.83E-42,oMHCIEn,4.46E-05,membraneMarker,0,M6PR,3.401099126,cMHCIEn,4.96E-05,R-TfEn,4.01E-42,pepMHCIEn,0,REn,1.28E-06,imCxEn,6.20E-07,,,,,,,,,,
endosome1292b,initSolubleContent,povaEn,0,NH3Cy,0,protonEn,1.701235251,FeEn,0,NH3En,0,NH4En,0,ovaEn,0,TfaEn,1.61E-07,solubleMarker,0,mvb,0,bead2,0,bead3,0,bead4,0,TfEn,0,pepEn,0,bead1,0
endosome1293U,initOrgProp,area,30473.44874,volume,379427.2332,xcoor,49.31391464,ycoor,44.44852696,pH,7.6619512,,,,,,,,,,,,,,,,,,,,,,
endosome1293U,initRabContent,RabA,14137.16694,RabB,16336.2818,,,,,,,,,,,,,,,,,,,,,,,,,,,,
endosome1293U,initMembraneContent,EEA1,2.708020963,exCxEn,9.58E-08,R-TfaEn,1.20E-39,oMHCIEn,3.08E-06,membraneMarker,0,M6PR,3.903460521,cMHCIEn,0.008599299,R-TfEn,6.76E-40,pepMHCIEn,0,REn,2.07E-04,imCxEn,9.58E-08,,,,,,,,,,
endosome1293U,initSolubleContent,povaEn,0,NH3Cy,0,protonEn,7.263752451,FeEn,0,NH3En,0,NH4En,0,ovaEn,0,TfaEn,1.81E-07,solubleMarker,0,mvb,0,bead2,0,bead3,0,bead4,0,TfEn,0,pepEn,0,bead1,0
endosome1294D,initOrgProp,area,12566.37061,volume,100530.9649,xcoor,49.15947417,ycoor,44.38797416,pH,7.536147097,,,,,,,,,,,,,,,,,,,,,,
endosome1294D,initRabContent,RabC,12566.37061,,,,,,,,,,,,,,,,,,,,,,,,,,,,,,
endosome1294D,initMembraneContent,EEA1,0.002522036,exCxEn,7.31E-08,R-TfaEn,9.21E-40,oMHCIEn,0.001260815,membraneMarker,0,M6PR,0.007204196,cMHCIEn,0.006610135,R-TfEn,5.19E-40,pepMHCIEn,0,REn,1.59E-04,imCxEn,7.31E-08,,,,,,,,,,
endosome1294D,initSolubleContent,povaEn,0,NH3Cy,0,protonEn,1.925181069,FeEn,0,NH3En,0,NH4En,0,ovaEn,0,TfaEn,4.85E-08,solubleMarker,0,mvb,0,bead2,0,bead3,0,bead4,0,TfEn,0,pepEn,0,bead1,0
endosome1295H,initOrgProp,area,12566.37061,volume,100530.9649,xcoor,49.2660816,ycoor,44.57477535,pH,7.303231498,,,,,,,,,,,,,,,,,,,,,,
endosome1295H,initRabContent,RabB,12566.37061,,,,,,,,,,,,,,,,,,,,,,,,,,,,,,
endosome1295H,initMembraneContent,,,,,,,,,,,,,,,,,,,,,,,,,,,,,,,,
endosome1295H,initSolubleContent,protonEn,4.001132404,,,,,,,,,,,,,,,,,,,,,,,,,,,,,,
endosome1296O,initOrgProp,area,7539.822369,volume,50265.48246,xcoor,49.38433292,ycoor,44.61464438,pH,7.408440155,,,,,,,,,,,,,,,,,,,,,,
endosome1296O,initRabContent,RabB,7539.822369,,,,,,,,,,,,,,,,,,,,,,,,,,,,,,
endosome1296O,initMembraneContent,EEA1,0.001513222,exCxEn,4.38E-08,R-TfaEn,5.53E-40,oMHCIEn,7.56E-07,membraneMarker,0,M6PR,0.004322518,cMHCIEn,0.003966081,R-TfEn,3.12E-40,pepMHCIEn,0,REn,9.56E-05,imCxEn,4.38E-08,,,,,,,,,,
endosome1296O,initSolubleContent,povaEn,0,NH3Cy,0,protonEn,0.962590534,FeEn,0,NH3En,0,NH4En,0,ovaEn,0,TfaEn,2.42E-08,solubleMarker,0,mvb,0,bead2,0,bead3,0,bead4,0,TfEn,0,pepEn,0,bead1,0
endosome1297x,initOrgProp,area,12566.37061,volume,100530.9649,xcoor,13.66700207,ycoor,30.28083669,pH,7.303231498,,,,,,,,,,,,,,,,,,,,,,
endosome1297x,initRabContent,RabA,12566.37061,,,,,,,,,,,,,,,,,,,,,,,,,,,,,,
endosome1297x,initMembraneContent,EEA1,3.670961636,exCxEn,0,R-TfaEn,3.75E-39,oMHCIEn,0.006883586,membraneMarker,0,M6PR,4.651144365,cMHCIEn,0.028346877,R-TfEn,2.11E-39,pepMHCIEn,0,REn,6.48E-04,imCxEn,0,,,,,,,,,,
endosome1297x,initSolubleContent,povaEn,0,NH3Cy,0,protonEn,4.001132404,FeEn,0,NH3En,0,NH4En,0,ovaEn,0,TfaEn,3.78E-07,solubleMarker,0,mvb,0,bead2,0,bead3,0,bead4,0,TfEn,0,pepEn,0,bead1,0
endosome1298o,initOrgProp,area,7539.822369,volume,50265.48246,xcoor,49.26174047,ycoor,44.70019887,pH,7.408440155,,,,,,,,,,,,,,,,,,,,,,
endosome1298o,initRabContent,RabB,7539.822369,,,,,,,,,,,,,,,,,,,,,,,,,,,,,,
endosome1298o,initMembraneContent,EEA1,0.001513222,exCxEn,4.38E-08,R-TfaEn,5.53E-40,oMHCIEn,7.56E-07,membraneMarker,0,M6PR,0.004322518,cMHCIEn,0.003966081,R-TfEn,3.12E-40,pepMHCIEn,0,REn,9.56E-05,imCxEn,4.38E-08,,,,,,,,,,
endosome1298o,initSolubleContent,povaEn,0,NH3Cy,0,protonEn,0.962590534,FeEn,0,NH3En,0,NH4En,0,ovaEn,0,TfaEn,2.42E-08,solubleMarker,0,mvb,0,bead2,0,bead3,0,bead4,0,TfEn,0,pepEn,0,bead1,0
endosome1299R,initOrgProp,area,7539.822369,volume,50265.48246,xcoor,19.69581616,ycoor,18.02615897,pH,7.280285249,,,,,,,,,,,,,,,,,,,,,,
endosome1299R,initRabContent,RabB,7539.822369,,,,,,,,,,,,,,,,,,,,,,,,,,,,,,
endosome1299R,initMembraneContent,EEA1,0.00132868,exCxEn,7.11E-09,R-TfaEn,3.66E-39,oMHCIEn,6.79E-05,membraneMarker,0,M6PR,0.00516647,cMHCIEn,0.029481902,R-TfEn,2.07E-39,pepMHCIEn,0,REn,6.34E-04,imCxEn,7.11E-09,,,,,,,,,,
endosome1299R,initSolubleContent,povaEn,0,NH3Cy,0,protonEn,1.636237941,FeEn,0,NH3En,0,NH4En,0,ovaEn,0,TfaEn,1.33E-07,solubleMarker,0,mvb,0,bead2,0,bead3,0,bead4,0,TfEn,0,pepEn,0,bead1,0
endosome1300z,initOrgProp,area,7539.822369,volume,50265.48246,xcoor,24.2542734,ycoor,15.96838496,pH,7.224066642,,,,,,,,,,,,,,,,,,,,,,
endosome1300z,initRabContent,RabA,7539.822369,,,,,,,,,,,,,,,,,,,,,,,,,,,,,,
endosome1300z,initMembraneContent,EEA1,1.991975611,exCxEn,0,R-TfaEn,2.22E-39,oMHCIEn,0.004133042,membraneMarker,0,M6PR,2.594022078,cMHCIEn,0.01701965,R-TfEn,1.25E-39,pepMHCIEn,0,REn,3.85E-04,imCxEn,0,,,,,,,,,,
endosome1300z,initSolubleContent,povaEn,0,NH3Cy,0,protonEn,2.000566202,FeEn,0,NH3En,0,NH4En,0,ovaEn,0,TfaEn,1.89E-07,solubleMarker,0,mvb,0,bead2,0,bead3,0,bead4,0,TfEn,0,pepEn,0,bead1,0
endosome1301t,initOrgProp,area,7539.822369,volume,50265.48246,xcoor,28.21964782,ycoor,17.20142314,pH,7.700422939,,,,,,,,,,,,,,,,,,,,,,
endosome1301t,initRabContent,RabC,7539.822369,,,,,,,,,,,,,,,,,,,,,,,,,,,,,,
endosome1301t,initMembraneContent,EEA1,1.55E-06,exCxEn,4.09E-06,R-TfaEn,1.80E-40,oMHCIEn,8.75E-04,membraneMarker,0,M6PR,2.61E-09,R-TfEn,9.69E-41,cMHCIEn,0.001088625,pepMHCIEn,0,REn,3.04E-05,imCxEn,4.09E-06,,,,,,,,,,
endosome1301t,initSolubleContent,povaEn,0,NH3Cy,0,protonEn,0.001952,FeEn,0,NH3En,0,NH4En,0,ovaEn,0,TfaEn,3.42E-12,solubleMarker,0,bead2,0,mvb,0,bead3,0,bead4,0,TfEn,0,pepEn,0,bead1,0
endosome1302t,initOrgProp,area,10681.41502,volume,87964.5943,xcoor,20.29069089,ycoor,32.41428002,pH,7.69829446,,,,,,,,,,,,,,,,,,,,,,
endosome1302t,initRabContent,RabC,10681.41502,,,,,,,,,,,,,,,,,,,,,,,,,,,,,,
endosome1302t,initMembraneContent,EEA1,6.87E-05,exCxEn,7.79E-06,R-TfaEn,2.38E-39,oMHCIEn,0.009634926,membraneMarker,0,M6PR,1.68E-04,cMHCIEn,0.015120844,R-TfEn,1.30E-39,pepMHCIEn,0,REn,4.03E-04,imCxEn,7.79E-06,,,,,,,,,,
endosome1302t,initSolubleContent,povaEn,0,NH3Cy,0,protonEn,0.762030592,FeEn,0,NH3En,0,NH4En,0,ovaEn,0,TfaEn,2.81E-08,solubleMarker,0,mvb,0,bead2,0,bead3,0,bead4,0,TfEn,0,pepEn,0,bead1,0
endosome1303C,initOrgProp,area,10681.41502,volume,87964.5943,xcoor,20.51490317,ycoor,32.05864808,pH,7.69829446,,,,,,,,,,,,,,,,,,,,,,
endosome1303C,initRabContent,RabC,10681.41502,,,,,,,,,,,,,,,,,,,,,,,,,,,,,,
endosome1303C,initMembraneContent,EEA1,6.87E-05,exCxEn,7.79E-06,R-TfaEn,2.38E-39,oMHCIEn,0.009634926,membraneMarker,0,M6PR,1.68E-04,cMHCIEn,0.015120844,R-TfEn,1.30E-39,pepMHCIEn,0,REn,4.03E-04,imCxEn,7.79E-06,,,,,,,,,,
endosome1303C,initSolubleContent,povaEn,0,NH3Cy,0,protonEn,0.762030592,FeEn,0,NH3En,0,NH4En,0,ovaEn,0,TfaEn,2.81E-08,solubleMarker,0,mvb,0,bead2,0,bead3,0,bead4,0,TfEn,0,pepEn,0,bead1,0
endosome1304p,initOrgProp,area,10681.41502,volume,87964.5943,xcoor,20.20662434,ycoor,32.58195459,pH,7.69829446,,,,,,,,,,,,,,,,,,,,,,
endosome1304p,initRabContent,RabC,10681.41502,,,,,,,,,,,,,,,,,,,,,,,,,,,,,,
endosome1304p,initMembraneContent,EEA1,6.87E-05,exCxEn,7.79E-06,R-TfaEn,2.38E-39,oMHCIEn,0.009634926,membraneMarker,0,M6PR,1.68E-04,cMHCIEn,0.015120844,R-TfEn,1.30E-39,pepMHCIEn,0,REn,4.03E-04,imCxEn,7.79E-06,,,,,,,,,,
endosome1304p,initSolubleContent,povaEn,0,NH3Cy,0,protonEn,0.762030592,FeEn,0,NH3En,0,NH4En,0,ovaEn,0,TfaEn,2.81E-08,solubleMarker,0,mvb,0,bead2,0,bead3,0,bead4,0,TfEn,0,pepEn,0,bead1,0
endosome1305i,initOrgProp,area,12566.37061,volume,100530.9649,xcoor,24.98823005,ycoor,40.72290976,pH,7.342622512,,,,,,,,,,,,,,,,,,,,,,
endosome1305i,initRabContent,RabE,12566.37061,,,,,,,,,,,,,,,,,,,,,,,,,,,,,,
endosome1305i,initMembraneContent,EEA1,0.001660098,exCxEn,2.67E-07,R-TfaEn,1.43E-42,oMHCIEn,5.13E-06,membraneMarker,0,M6PR,0.147661098,cMHCIEn,7.44E-06,R-TfEn,6.83E-43,pepMHCIEn,0,REn,2.25E-07,imCxEn,2.67E-07,,,,,,,,,,
endosome1305i,initSolubleContent,povaEn,0,NH3Cy,0,protonEn,3.567487198,FeEn,0,NH3En,0,NH4En,0,ovaEn,0,TfaEn,6.44E-09,solubleMarker,0,mvb,0,bead2,0,bead3,0,bead4,0,TfEn,0,pepEn,0,bead1,0
endosome1306v,initOrgProp,area,13823.00768,volume,150600.5296,xcoor,24.98801891,ycoor,40.91167419,pH,7.374968604,,,,,,,,,,,,,,,,,,,,,,
endosome1306v,initRabContent,RabE,13823.00768,,,,,,,,,,,,,,,,,,,,,,,,,,,,,,
endosome1306v,initMembraneContent,EEA1,0.001826108,exCxEn,2.93E-07,R-TfaEn,1.57E-42,oMHCIEn,5.64E-06,membraneMarker,0,M6PR,0.162427208,cMHCIEn,8.18E-06,R-TfEn,7.51E-43,pepMHCIEn,0,REn,2.48E-07,imCxEn,2.93E-07,,,,,,,,,,
endosome1306v,initSolubleContent,povaEn,0,NH3Cy,0,protonEn,5.351230797,FeEn,0,NH3En,0,NH4En,0,ovaEn,0,TfaEn,9.66E-09,solubleMarker,0,mvb,0,bead2,0,bead3,0,bead4,0,TfEn,0,pepEn,0,bead1,0
endosome1307j,initOrgProp,area,7539.822369,volume,50265.48246,xcoor,24.98808144,ycoor,40.85577001,pH,7.256640624,,,,,,,,,,,,,,,,,,,,,,
endosome1307j,initRabContent,RabE,7539.822369,,,,,,,,,,,,,,,,,,,,,,,,,,,,,,
endosome1307j,initMembraneContent,EEA1,9.96E-04,exCxEn,1.60E-07,R-TfaEn,8.57E-43,oMHCIEn,3.08E-06,membraneMarker,0,M6PR,0.088596659,cMHCIEn,4.46E-06,R-TfEn,4.10E-43,pepMHCIEn,0,REn,1.35E-07,imCxEn,1.60E-07,,,,,,,,,,
endosome1307j,initSolubleContent,povaEn,0,NH3Cy,0,protonEn,1.783743599,FeEn,0,NH3En,0,NH4En,0,ovaEn,0,TfaEn,3.22E-09,solubleMarker,0,mvb,0,bead2,0,bead3,0,bead4,0,TfEn,0,pepEn,0,bead1,0
endosome1308s,initOrgProp,area,11309.73355,volume,100530.9649,xcoor,24.9883304,ycoor,40.63318667,pH,7.342622512,,,,,,,,,,,,,,,,,,,,,,
endosome1308s,initRabContent,RabE,11309.73355,,,,,,,,,,,,,,,,,,,,,,,,,,,,,,
endosome1308s,initMembraneContent,EEA1,0.001494088,exCxEn,2.40E-07,R-TfaEn,1.29E-42,oMHCIEn,4.61E-06,membraneMarker,0,M6PR,0.132894988,cMHCIEn,6.69E-06,R-TfEn,6.15E-43,pepMHCIEn,0,REn,2.03E-07,imCxEn,2.40E-07,,,,,,,,,,
endosome1308s,initSolubleContent,povaEn,0,NH3Cy,0,protonEn,3.567487198,FeEn,0,NH3En,0,NH4En,0,ovaEn,0,TfaEn,6.44E-09,solubleMarker,0,mvb,0,bead2,0,bead3,0,bead4,0,TfEn,0,pepEn,0,bead1,0
endosome1309T,initOrgProp,area,27646.01535,volume,251327.4123,xcoor,25,ycoor,30.2,pH,7.403784317,,,,,,,,,,,,,,,,,,,,,,
endosome1309T,initRabContent,RabF,27646.01535,,,,,,,,,,,,,,,,,,,,,,,,,,,,,,
endosome1309T,initMembraneContent,EEA1,0.003652215,exCxEn,5.87E-07,R-TfaEn,3.14E-42,oMHCIEn,1.13E-05,membraneMarker,0,M6PR,3.25E-04,cMHCIEn,1.64E-05,R-TfEn,1.50E-42,pepMHCIEn,0,REn,4.95E-07,imCxEn,5.87E-07,,,,,,,,,,
endosome1309T,initSolubleContent,povaEn,0,NH3Cy,0,protonEn,8.918717995,FeEn,0,NH3En,0,NH4En,0,ovaEn,0,TfaEn,1.61E-08,solubleMarker,0,mvb,0,bead2,0,bead3,0,bead4,0,TfEn,0,pepEn,0,bead1,0
endosome1310K,initOrgProp,area,12566.37061,volume,100530.9649,xcoor,24.93850751,ycoor,25.96646609,pH,7.342622512,,,,,,,,,,,,,,,,,,,,,,
endosome1310K,initRabContent,RabF,12566.37061,,,,,,,,,,,,,,,,,,,,,,,,,,,,,,
endosome1310K,initMembraneContent,EEA1,0.001660098,exCxEn,2.67E-07,R-TfaEn,1.43E-42,oMHCIEn,5.13E-06,membraneMarker,0,M6PR,1.48E-04,cMHCIEn,7.44E-06,R-TfEn,6.83E-43,pepMHCIEn,0,REn,2.25E-07,imCxEn,2.67E-07,,,,,,,,,,
endosome1310K,initSolubleContent,povaEn,0,NH3Cy,0,protonEn,3.567487198,FeEn,0,NH3En,0,NH4En,0,ovaEn,0,TfaEn,6.44E-09,solubleMarker,0,mvb,0,bead2,0,bead3,0,bead4,0,TfEn,0,pepEn,0,bead1,0
endosome1311q,initOrgProp,area,11309.73355,volume,100530.9649,xcoor,24.98838553,ycoor,40.58389847,pH,7.342622512,,,,,,,,,,,,,,,,,,,,,,
endosome1311q,initRabContent,RabE,11309.73355,,,,,,,,,,,,,,,,,,,,,,,,,,,,,,
endosome1311q,initMembraneContent,EEA1,0.001494088,exCxEn,2.40E-07,R-TfaEn,1.29E-42,oMHCIEn,4.61E-06,membraneMarker,0,M6PR,0.132894988,cMHCIEn,6.69E-06,R-TfEn,6.15E-43,pepMHCIEn,0,REn,2.03E-07,imCxEn,2.40E-07,,,,,,,,,,
endosome1311q,initSolubleContent,povaEn,0,NH3Cy,0,protonEn,3.567487198,FeEn,0,NH3En,0,NH4En,0,ovaEn,0,TfaEn,6.44E-09,solubleMarker,0,mvb,0,bead2,0,bead3,0,bead4,0,TfEn,0,pepEn,0,bead1,0
endosome1312c,initOrgProp,area,11309.73355,volume,100530.9649,xcoor,24.98817044,ycoor,40.77619829,pH,7.342622512,,,,,,,,,,,,,,,,,,,,,,
endosome1312c,initRabContent,RabE,11309.73355,,,,,,,,,,,,,,,,,,,,,,,,,,,,,,
endosome1312c,initMembraneContent,EEA1,0.001494088,exCxEn,2.40E-07,R-TfaEn,1.29E-42,oMHCIEn,4.61E-06,membraneMarker,0,M6PR,0.132894988,cMHCIEn,6.69E-06,R-TfEn,6.15E-43,pepMHCIEn,0,REn,2.03E-07,imCxEn,2.40E-07,,,,,,,,,,
endosome1312c,initSolubleContent,povaEn,0,NH3Cy,0,protonEn,3.567487198,FeEn,0,NH3En,0,NH4En,0,ovaEn,0,TfaEn,6.44E-09,solubleMarker,0,mvb,0,bead2,0,bead3,0,bead4,0,TfEn,0,pepEn,0,bead1,0
endosome1313W,initOrgProp,area,17592.91886,volume,150796.4474,xcoor,24.98840134,ycoor,40.5697634,pH,7.375533215,,,,,,,,,,,,,,,,,,,,,,
endosome1313W,initRabContent,RabE,17592.91886,,,,,,,,,,,,,,,,,,,,,,,,,,,,,,
endosome1313W,initMembraneContent,EEA1,0.002324137,exCxEn,3.74E-07,R-TfaEn,2.00E-42,oMHCIEn,7.18E-06,membraneMarker,0,M6PR,0.206725537,cMHCIEn,1.04E-05,R-TfEn,9.56E-43,pepMHCIEn,0,REn,3.15E-07,imCxEn,3.74E-07,,,,,,,,,,
endosome1313W,initSolubleContent,povaEn,0,NH3Cy,0,protonEn,5.351230797,FeEn,0,NH3En,0,NH4En,0,ovaEn,0,TfaEn,9.66E-09,solubleMarker,0,mvb,0,bead2,0,bead3,0,bead4,0,TfEn,0,pepEn,0,bead1,0
endosome1314W,initOrgProp,area,20106.19298,volume,251327.4123,xcoor,24.98833547,ycoor,40.62865944,pH,7.403784317,,,,,,,,,,,,,,,,,,,,,,
endosome1314W,initRabContent,RabE,20106.19298,,,,,,,,,,,,,,,,,,,,,,,,,,,,,,
endosome1314W,initMembraneContent,EEA1,0.002656157,exCxEn,4.27E-07,R-TfaEn,2.29E-42,oMHCIEn,8.20E-06,membraneMarker,0,M6PR,0.236257757,cMHCIEn,1.19E-05,R-TfEn,1.09E-42,pepMHCIEn,0,REn,3.60E-07,imCxEn,4.27E-07,,,,,,,,,,
endosome1314W,initSolubleContent,povaEn,0,NH3Cy,0,protonEn,8.918717995,FeEn,0,NH3En,0,NH4En,0,ovaEn,0,TfaEn,1.61E-08,solubleMarker,0,mvb,0,bead2,0,bead3,0,bead4,0,TfEn,0,pepEn,0,bead1,0
endosome1315Q,initOrgProp,area,32672.5636,volume,301592.8947,xcoor,25,ycoor,30.2,pH,7.411143881,,,,,,,,,,,,,,,,,,,,,,
endosome1315Q,initRabContent,RabF,32672.5636,,,,,,,,,,,,,,,,,,,,,,,,,,,,,,
endosome1315Q,initMembraneContent,EEA1,0.004316254,exCxEn,6.94E-07,R-TfaEn,3.71E-42,oMHCIEn,1.33E-05,membraneMarker,0,M6PR,3.84E-04,cMHCIEn,1.93E-05,R-TfEn,1.78E-42,pepMHCIEn,0,REn,5.85E-07,imCxEn,6.94E-07,,,,,,,,,,
endosome1315Q,initSolubleContent,povaEn,0,NH3Cy,0,protonEn,10.70246159,FeEn,0,NH3En,0,NH4En,0,ovaEn,0,TfaEn,1.93E-08,solubleMarker,0,mvb,0,bead2,0,bead3,0,bead4,0,TfEn,0,pepEn,0,bead1,0
endosome1316F,initOrgProp,area,16336.2818,volume,150796.4474,xcoor,24.98800964,ycoor,40.91996008,pH,7.375533215,,,,,,,,,,,,,,,,,,,,,,
endosome1316F,initRabContent,RabE,16336.2818,,,,,,,,,,,,,,,,,,,,,,,,,,,,,,
endosome1316F,initMembraneContent,EEA1,0.002158127,exCxEn,3.47E-07,R-TfaEn,1.86E-42,oMHCIEn,6.67E-06,membraneMarker,0,M6PR,0.191959428,cMHCIEn,9.67E-06,R-TfEn,8.88E-43,pepMHCIEn,0,REn,2.93E-07,imCxEn,3.47E-07,,,,,,,,,,
endosome1316F,initSolubleContent,povaEn,0,NH3Cy,0,protonEn,5.351230797,FeEn,0,NH3En,0,NH4En,0,ovaEn,0,TfaEn,9.66E-09,solubleMarker,0,mvb,0,bead2,0,bead3,0,bead4,0,TfEn,0,pepEn,0,bead1,0
endosome1317F,initOrgProp,area,12566.37061,volume,100530.9649,xcoor,24.98807282,ycoor,40.86348152,pH,7.342622512,,,,,,,,,,,,,,,,,,,,,,
endosome1317F,initRabContent,RabE,12566.37061,,,,,,,,,,,,,,,,,,,,,,,,,,,,,,
endosome1317F,initMembraneContent,EEA1,0.001660098,exCxEn,2.67E-07,R-TfaEn,1.43E-42,oMHCIEn,5.13E-06,membraneMarker,0,M6PR,0.147661098,cMHCIEn,7.44E-06,R-TfEn,6.83E-43,pepMHCIEn,0,REn,2.25E-07,imCxEn,2.67E-07,,,,,,,,,,
endosome1317F,initSolubleContent,povaEn,0,NH3Cy,0,protonEn,3.567487198,FeEn,0,NH3En,0,NH4En,0,ovaEn,0,TfaEn,6.44E-09,solubleMarker,0,mvb,0,bead2,0,bead3,0,bead4,0,TfEn,0,pepEn,0,bead1,0
endosome1318z,initOrgProp,area,12566.37061,volume,100530.9649,xcoor,24.98844387,ycoor,40.53174536,pH,7.342622512,,,,,,,,,,,,,,,,,,,,,,
endosome1318z,initRabContent,RabE,12566.37061,,,,,,,,,,,,,,,,,,,,,,,,,,,,,,
endosome1318z,initMembraneContent,EEA1,0.001660098,exCxEn,2.67E-07,R-TfaEn,1.43E-42,oMHCIEn,5.13E-06,membraneMarker,0,M6PR,0.147661098,cMHCIEn,7.44E-06,R-TfEn,6.83E-43,pepMHCIEn,0,REn,2.25E-07,imCxEn,2.67E-07,,,,,,,,,,
endosome1318z,initSolubleContent,povaEn,0,NH3Cy,0,protonEn,3.567487198,FeEn,0,NH3En,0,NH4En,0,ovaEn,0,TfaEn,6.44E-09,solubleMarker,0,mvb,0,bead2,0,bead3,0,bead4,0,TfEn,0,pepEn,0,bead1,0
endosome1319O,initOrgProp,area,7539.822369,volume,50265.48246,xcoor,24.98810415,ycoor,40.83546919,pH,7.256640624,,,,,,,,,,,,,,,,,,,,,,
endosome1319O,initRabContent,RabE,7539.822369,,,,,,,,,,,,,,,,,,,,,,,,,,,,,,
endosome1319O,initMembraneContent,EEA1,9.96E-04,exCxEn,1.60E-07,R-TfaEn,8.57E-43,oMHCIEn,3.08E-06,membraneMarker,0,M6PR,0.088596659,cMHCIEn,4.46E-06,R-TfEn,4.10E-43,pepMHCIEn,0,REn,1.35E-07,imCxEn,1.60E-07,,,,,,,,,,
endosome1319O,initSolubleContent,povaEn,0,NH3Cy,0,protonEn,1.783743599,FeEn,0,NH3En,0,NH4En,0,ovaEn,0,TfaEn,3.22E-09,solubleMarker,0,mvb,0,bead2,0,bead3,0,bead4,0,TfEn,0,pepEn,0,bead1,0
endosome1320n,initOrgProp,area,16336.2818,volume,150796.4474,xcoor,24.98776343,ycoor,41.14008843,pH,7.375533215,,,,,,,,,,,,,,,,,,,,,,
endosome1320n,initRabContent,RabE,16336.2818,,,,,,,,,,,,,,,,,,,,,,,,,,,,,,
endosome1320n,initMembraneContent,EEA1,0.002158127,exCxEn,3.47E-07,R-TfaEn,1.86E-42,oMHCIEn,6.67E-06,membraneMarker,0,M6PR,0.191959428,cMHCIEn,9.67E-06,R-TfEn,8.88E-43,pepMHCIEn,0,REn,2.93E-07,imCxEn,3.47E-07,,,,,,,,,,
endosome1320n,initSolubleContent,povaEn,0,NH3Cy,0,protonEn,5.351230797,FeEn,0,NH3En,0,NH4En,0,ovaEn,0,TfaEn,9.66E-09,solubleMarker,0,mvb,0,bead2,0,bead3,0,bead4,0,TfEn,0,pepEn,0,bead1,0
endosome1321p,initOrgProp,area,7539.822369,volume,50265.48246,xcoor,36.1855564,ycoor,4.403352006,pH,7.282731718,,,,,,,,,,,,,,,,,,,,,,
endosome1321p,initRabContent,RabA,7539.822369,,,,,,,,,,,,,,,,,,,,,,,,,,,,,,
endosome1321p,initMembraneContent,EEA1,1.738705799,exCxEn,9.51E-13,R-TfaEn,9.18E-40,oMHCIEn,0.001847128,membraneMarker,0,M6PR,1.80575054,cMHCIEn,0.007717361,R-TfEn,5.17E-40,pepMHCIEn,0,REn,1.59E-04,imCxEn,9.51E-13,,,,,,,,,,
endosome1321p,initSolubleContent,povaEn,0,NH3Cy,0,protonEn,1.621429228,FeEn,0,NH3En,0,NH4En,0,ovaEn,0,TfaEn,1.17E-07,solubleMarker,0,mvb,0,bead2,0,bead3,0,bead4,0,TfEn,0,pepEn,0,bead1,0
endosome1322Y,initOrgProp,area,7539.822369,volume,50265.48246,xcoor,24.98846737,ycoor,40.51073423,pH,7.256640624,,,,,,,,,,,,,,,,,,,,,,
endosome1322Y,initRabContent,RabE,7539.822369,,,,,,,,,,,,,,,,,,,,,,,,,,,,,,
endosome1322Y,initMembraneContent,EEA1,9.96E-04,exCxEn,1.60E-07,R-TfaEn,8.57E-43,oMHCIEn,3.08E-06,membraneMarker,0,M6PR,0.088596659,cMHCIEn,4.46E-06,R-TfEn,4.10E-43,pepMHCIEn,0,REn,1.35E-07,imCxEn,1.60E-07,,,,,,,,,,
endosome1322Y,initSolubleContent,povaEn,0,NH3Cy,0,protonEn,1.783743599,FeEn,0,NH3En,0,NH4En,0,ovaEn,0,TfaEn,3.22E-09,solubleMarker,0,mvb,0,bead2,0,bead3,0,bead4,0,TfEn,0,pepEn,0,bead1,0
endosome1323V,initOrgProp,area,11321.91789,volume,91002.24283,xcoor,17.58389107,ycoor,49.58504966,pH,7.436944993,,,,,,,,,,,,,,,,,,,,,,
endosome1323V,initRabContent,RabB,11321.91789,,,,,,,,,,,,,,,,,,,,,,,,,,,,,,
endosome1323V,initMembraneContent,EEA1,0.002666369,exCxEn,1.24E-09,R-TfaEn,3.56E-42,oMHCIEn,9.07E-06,membraneMarker,0,M6PR,0.003853171,cMHCIEn,2.77E-05,R-TfEn,2.01E-42,pepMHCIEn,0,REn,6.16E-07,imCxEn,1.24E-09,,,,,,,,,,
endosome1323V,initSolubleContent,povaEn,0,NH3Cy,0,protonEn,2.327416017,FeEn,0,NH3En,0,NH4En,0,ovaEn,0,TfaEn,6.26E-08,solubleMarker,0,mvb,0,bead2,0,bead3,0,bead4,0,TfEn,0,pepEn,0,bead1,0
endosome1324g,initOrgProp,area,12861.58686,volume,103377.6487,xcoor,17.73387228,ycoor,49.37192086,pH,7.452857626,,,,,,,,,,,,,,,,,,,,,,
endosome1324g,initRabContent,RabA,12861.58686,,,,,,,,,,,,,,,,,,,,,,,,,,,,,,
endosome1324g,initMembraneContent,EEA1,3.031997289,exCxEn,1.40E-11,R-TfaEn,4.04E-45,oMHCIEn,1.03E-05,membraneMarker,0,M6PR,2.192959167,cMHCIEn,3.14E-08,R-TfEn,2.28E-45,pepMHCIEn,0,REn,6.99E-10,imCxEn,1.40E-11,,,,,,,,,,
endosome1324g,initSolubleContent,povaEn,0,NH3Cy,0,protonEn,2.6439216,FeEn,0,NH3En,0,NH4En,0,ovaEn,0,TfaEn,7.11E-08,solubleMarker,0,mvb,0,bead2,0,bead3,0,bead4,0,TfEn,0,pepEn,0,bead1,0
endosome1325L,initOrgProp,area,7539.822369,volume,50265.48246,xcoor,22.57919177,ycoor,16.73742213,pH,7.701244441,,,,,,,,,,,,,,,,,,,,,,
endosome1325L,initRabContent,RabD,7539.822369,,,,,,,,,,,,,,,,,,,,,,,,,,,,,,
endosome1325L,initMembraneContent,EEA1,6.11E-07,exCxEn,4.02E-10,R-TfaEn,9.27E-46,oMHCIEn,4.47E-09,membraneMarker,0,M6PR,0.021469342,cMHCIEn,6.98E-09,R-TfEn,4.89E-46,pepMHCIEn,0,REn,1.54E-10,imCxEn,4.02E-10,,,,,,,,,,
endosome1325L,initSolubleContent,povaEn,0,NH3Cy,0,protonEn,5.85E-05,FeEn,0,NH3En,0,NH4En,0,ovaEn,0,TfaEn,5.02E-12,solubleMarker,0,mvb,0,bead2,0,bead3,0,bead4,0,TfEn,0,pepEn,0,bead1,0
endosome1326x,initOrgProp,area,11309.73355,volume,100530.9649,xcoor,28.26604092,ycoor,23.52880433,pH,8.002148575,,,,,,,,,,,,,,,,,,,,,,
endosome1326x,initRabContent,RabD,11309.73355,,,,,,,,,,,,,,,,,,,,,,,,,,,,,,
endosome1326x,initMembraneContent,EEA1,6.63E-06,exCxEn,1.54E-11,R-TfaEn,1.90E-46,oMHCIEn,5.64E-07,membraneMarker,0,M6PR,0.017062456,cMHCIEn,1.11E-09,R-TfEn,8.75E-47,pepMHCIEn,0,REn,2.94E-11,imCxEn,1.54E-11,,,,,,,,,,
endosome1326x,initSolubleContent,povaEn,0,NH3Cy,0,protonEn,3.48E-04,FeEn,0,NH3En,0,NH4En,0,ovaEn,0,TfaEn,1.25E-11,solubleMarker,0,mvb,0,bead2,0,bead3,0,bead4,0,TfEn,0,pepEn,0,bead1,0
endosome1327b,initOrgProp,area,7539.822369,volume,50265.48246,xcoor,1.881478787,ycoor,5.913937558,pH,7.250605132,,,,,,,,,,,,,,,,,,,,,,
endosome1327b,initRabContent,RabB,7539.822369,,,,,,,,,,,,,,,,,,,,,,,,,,,,,,
endosome1327b,initMembraneContent,EEA1,0.001528754,exCxEn,2.08E-10,R-TfaEn,1.14E-40,oMHCIEn,4.06E-05,membraneMarker,0,M6PR,0.004713333,cMHCIEn,8.98E-04,R-TfEn,6.47E-41,pepMHCIEn,0,REn,1.98E-05,imCxEn,2.08E-10,,,,,,,,,,
endosome1327b,initSolubleContent,povaEn,0,NH3Cy,0,protonEn,1.822700004,FeEn,0,NH3En,0,NH4En,0,ovaEn,0,TfaEn,7.39E-08,solubleMarker,0,mvb,0,bead2,0,bead3,0,bead4,0,TfEn,0,pepEn,0,bead1,0
endosome1328b,initOrgProp,area,7539.822369,volume,50265.48246,xcoor,27.54310042,ycoor,25.13620252,pH,7.473101949,,,,,,,,,,,,,,,,,,,,,,
endosome1328b,initRabContent,RabC,7539.822369,,,,,,,,,,,,,,,,,,,,,,,,,,,,,,
endosome1328b,initMembraneContent,EEA1,0.002388048,exCxEn,7.26E-06,R-TfaEn,1.46E-39,oMHCIEn,0.006775131,membraneMarker,0,M6PR,0.003452978,cMHCIEn,0.008511953,R-TfEn,7.75E-40,pepMHCIEn,0,REn,2.44E-04,imCxEn,7.26E-06,,,,,,,,,,
endosome1328b,initSolubleContent,povaEn,0,NH3Cy,0,protonEn,0.691094615,FeEn,0,NH3En,0,NH4En,0,ovaEn,0,TfaEn,3.58E-08,solubleMarker,0,mvb,0,bead2,0,bead3,0,bead4,0,TfEn,0,pepEn,0,bead1,0
endosome1329L,initOrgProp,area,7539.822369,volume,50265.48246,xcoor,24.33815465,ycoor,26.2960837,pH,7.474775859,,,,,,,,,,,,,,,,,,,,,,
endosome1329L,initRabContent,RabA,7539.822369,,,,,,,,,,,,,,,,,,,,,,,,,,,,,,
endosome1329L,initMembraneContent,EEA1,0.211423969,exCxEn,6.16E-08,R-TfaEn,1.69E-42,oMHCIEn,6.89E-06,membraneMarker,0,M6PR,0.913752418,cMHCIEn,1.07E-05,R-TfEn,9.17E-43,pepMHCIEn,0,REn,2.86E-07,imCxEn,6.16E-08,,,,,,,,,,
endosome1329L,initSolubleContent,povaEn,0,NH3Cy,0,protonEn,0.684589137,FeEn,0,NH3En,0,NH4En,0,ovaEn,0,TfaEn,2.65E-08,solubleMarker,0,mvb,0,bead2,0,bead3,0,bead4,0,TfEn,0,pepEn,0,bead1,0
endosome1330M,initOrgProp,area,7539.822369,volume,50265.48246,xcoor,24.42686551,ycoor,26.08990437,pH,7.474775859,,,,,,,,,,,,,,,,,,,,,,
endosome1330M,initRabContent,RabC,7539.822369,,,,,,,,,,,,,,,,,,,,,,,,,,,,,,
endosome1330M,initMembraneContent,EEA1,2.11E-04,exCxEn,6.22E-06,R-TfaEn,1.69E-39,oMHCIEn,0.006896277,membraneMarker,0,M6PR,0.001823857,cMHCIEn,0.01073032,R-TfEn,9.17E-40,pepMHCIEn,0,REn,2.86E-04,imCxEn,6.22E-06,,,,,,,,,,
endosome1330M,initSolubleContent,povaEn,0,NH3Cy,0,protonEn,0.684589137,FeEn,0,NH3En,0,NH4En,0,ovaEn,0,TfaEn,2.65E-08,solubleMarker,0,mvb,0,bead2,0,bead3,0,bead4,0,TfEn,0,pepEn,0,bead1,0
endosome1331j,initOrgProp,area,10053.09649,volume,87964.5943,xcoor,24.6719437,ycoor,25.94842425,pH,7.612102115,,,,,,,,,,,,,,,,,,,,,,
endosome1331j,initRabContent,RabC,10053.09649,,,,,,,,,,,,,,,,,,,,,,,,,,,,,,
endosome1331j,initMembraneContent,EEA1,0.001216851,exCxEn,7.39E-06,R-TfaEn,1.97E-39,oMHCIEn,0.00810806,membraneMarker,0,M6PR,0.001631719,cMHCIEn,0.012336645,R-TfEn,1.07E-39,pepMHCIEn,0,REn,3.33E-04,imCxEn,7.39E-06,,,,,,,,,,
endosome1331j,initSolubleContent,povaEn,0,NH3Cy,0,protonEn,1.148848457,FeEn,0,NH3En,0,NH4En,0,ovaEn,0,TfaEn,3.80E-08,solubleMarker,0,mvb,0,bead2,0,bead3,0,bead4,0,TfEn,0,pepEn,0,bead1,0
endosome1332a,initOrgProp,area,13823.00768,volume,125663.7061,xcoor,24.22623808,ycoor,26.59969248,pH,7.666004605,,,,,,,,,,,,,,,,,,,,,,
endosome1332a,initRabContent,RabC,13823.00768,,,,,,,,,,,,,,,,,,,,,,,,,,,,,,
endosome1332a,initMembraneContent,EEA1,3.87E-04,exCxEn,1.14E-05,R-TfaEn,3.11E-39,oMHCIEn,0.012643174,membraneMarker,0,M6PR,0.003343738,cMHCIEn,0.019672254,R-TfEn,1.68E-39,pepMHCIEn,0,REn,5.25E-04,imCxEn,1.14E-05,,,,,,,,,,
endosome1332a,initSolubleContent,povaEn,0,NH3Cy,0,protonEn,1.711472843,FeEn,0,NH3En,0,NH4En,0,ovaEn,0,TfaEn,6.63E-08,solubleMarker,0,mvb,0,bead2,0,bead3,0,bead4,0,TfEn,0,pepEn,0,bead1,0
endosome1333p,initOrgProp,area,14215.60619,volume,148777.3881,xcoor,27.43294485,ycoor,24.82985002,pH,7.688874901,,,,,,,,,,,,,,,,,,,,,,
endosome1333p,initRabContent,RabC,14215.60619,,,,,,,,,,,,,,,,,,,,,,,,,,,,,,
endosome1333p,initMembraneContent,EEA1,0.004502433,exCxEn,1.37E-05,R-TfaEn,2.75E-39,oMHCIEn,0.012773855,membraneMarker,0,M6PR,0.006510256,cMHCIEn,0.016048464,R-TfEn,1.46E-39,pepMHCIEn,0,REn,4.60E-04,imCxEn,1.37E-05,,,,,,,,,,
endosome1333p,initSolubleContent,povaEn,0,NH3Cy,0,protonEn,2.045524021,FeEn,0,NH3En,0,NH4En,0,ovaEn,0,TfaEn,1.06E-07,solubleMarker,0,mvb,0,bead2,0,bead3,0,bead4,0,TfEn,0,pepEn,0,bead1,0
endosome1334C,initOrgProp,area,14215.60619,volume,148777.3881,xcoor,27.43746619,ycoor,24.6395463,pH,7.688874901,,,,,,,,,,,,,,,,,,,,,,
endosome1334C,initRabContent,RabC,14215.60619,,,,,,,,,,,,,,,,,,,,,,,,,,,,,,
endosome1334C,initMembraneContent,EEA1,0.004502433,exCxEn,1.37E-05,R-TfaEn,2.75E-39,oMHCIEn,0.012773855,membraneMarker,0,M6PR,0.006510256,cMHCIEn,0.016048464,R-TfEn,1.46E-39,pepMHCIEn,0,REn,4.60E-04,imCxEn,1.37E-05,,,,,,,,,,
endosome1334C,initSolubleContent,povaEn,0,NH3Cy,0,protonEn,2.045524021,FeEn,0,NH3En,0,NH4En,0,ovaEn,0,TfaEn,1.06E-07,solubleMarker,0,mvb,0,bead2,0,bead3,0,bead4,0,TfEn,0,pepEn,0,bead1,0
endosome1335A,initOrgProp,area,14215.60619,volume,148777.3881,xcoor,27.26700928,ycoor,24.83360508,pH,7.688874901,,,,,,,,,,,,,,,,,,,,,,
endosome1335A,initRabContent,RabC,14215.60619,,,,,,,,,,,,,,,,,,,,,,,,,,,,,,
endosome1335A,initMembraneContent,EEA1,0.004502433,exCxEn,1.37E-05,R-TfaEn,2.75E-39,oMHCIEn,0.012773855,membraneMarker,0,M6PR,0.006510256,cMHCIEn,0.016048464,R-TfEn,1.46E-39,pepMHCIEn,0,REn,4.60E-04,imCxEn,1.37E-05,,,,,,,,,,
endosome1335A,initSolubleContent,povaEn,0,NH3Cy,0,protonEn,2.045524021,FeEn,0,NH3En,0,NH4En,0,ovaEn,0,TfaEn,1.06E-07,solubleMarker,0,mvb,0,bead2,0,bead3,0,bead4,0,TfEn,0,pepEn,0,bead1,0
endosome1336q,initOrgProp,area,13823.00768,volume,125663.7061,xcoor,24.24115649,ycoor,26.77176075,pH,7.666004605,,,,,,,,,,,,,,,,,,,,,,
endosome1336q,initRabContent,RabC,13823.00768,,,,,,,,,,,,,,,,,,,,,,,,,,,,,,
endosome1336q,initMembraneContent,EEA1,3.87E-04,exCxEn,1.14E-05,R-TfaEn,3.11E-39,oMHCIEn,0.012643174,membraneMarker,0,M6PR,0.003343738,cMHCIEn,0.019672254,R-TfEn,1.68E-39,pepMHCIEn,0,REn,5.25E-04,imCxEn,1.14E-05,,,,,,,,,,
endosome1336q,initSolubleContent,povaEn,0,NH3Cy,0,protonEn,1.711472843,FeEn,0,NH3En,0,NH4En,0,ovaEn,0,TfaEn,6.63E-08,solubleMarker,0,mvb,0,bead2,0,bead3,0,bead4,0,TfEn,0,pepEn,0,bead1,0
endosome1337S,initOrgProp,area,7539.822369,volume,50265.48246,xcoor,27.09155548,ycoor,25.20217575,pH,7.473101949,,,,,,,,,,,,,,,,,,,,,,
endosome1337S,initRabContent,RabC,7539.822369,,,,,,,,,,,,,,,,,,,,,,,,,,,,,,
endosome1337S,initMembraneContent,EEA1,0.002388048,exCxEn,7.26E-06,R-TfaEn,1.46E-39,oMHCIEn,0.006775131,membraneMarker,0,M6PR,0.003452978,cMHCIEn,0.008511953,R-TfEn,7.75E-40,pepMHCIEn,0,REn,2.44E-04,imCxEn,7.26E-06,,,,,,,,,,
endosome1337S,initSolubleContent,povaEn,0,NH3Cy,0,protonEn,0.691094615,FeEn,0,NH3En,0,NH4En,0,ovaEn,0,TfaEn,3.58E-08,solubleMarker,0,mvb,0,bead2,0,bead3,0,bead4,0,TfEn,0,pepEn,0,bead1,0
endosome1338F,initOrgProp,area,12566.37061,volume,100530.9649,xcoor,22.15257979,ycoor,30.02807017,pH,7.62770211,,,,,,,,,,,,,,,,,,,,,,
endosome1338F,initRabContent,RabC,12566.37061,,,,,,,,,,,,,,,,,,,,,,,,,,,,,,
endosome1338F,initMembraneContent,EEA1,3.52E-04,exCxEn,1.04E-05,R-TfaEn,2.82E-39,oMHCIEn,0.011493795,membraneMarker,0,M6PR,0.003039762,cMHCIEn,0.017883867,R-TfEn,1.53E-39,pepMHCIEn,0,REn,4.77E-04,imCxEn,1.04E-05,,,,,,,,,,
endosome1338F,initSolubleContent,povaEn,0,NH3Cy,0,protonEn,1.369178275,FeEn,0,NH3En,0,NH4En,0,ovaEn,0,TfaEn,5.30E-08,solubleMarker,0,mvb,0,bead2,0,bead3,0,bead4,0,TfEn,0,pepEn,0,bead1,0
endosome1339J,initOrgProp,area,7539.822369,volume,50265.48246,xcoor,27.56084059,ycoor,24.7196158,pH,7.473101949,,,,,,,,,,,,,,,,,,,,,,
endosome1339J,initRabContent,RabC,7539.822369,,,,,,,,,,,,,,,,,,,,,,,,,,,,,,
endosome1339J,initMembraneContent,EEA1,0.002388048,exCxEn,7.26E-06,R-TfaEn,1.46E-39,oMHCIEn,0.006775131,membraneMarker,0,M6PR,0.003452978,cMHCIEn,0.008511953,R-TfEn,7.75E-40,pepMHCIEn,0,REn,2.44E-04,imCxEn,7.26E-06,,,,,,,,,,
endosome1339J,initSolubleContent,povaEn,0,NH3Cy,0,protonEn,0.691094615,FeEn,0,NH3En,0,NH4En,0,ovaEn,0,TfaEn,3.58E-08,solubleMarker,0,mvb,0,bead2,0,bead3,0,bead4,0,TfEn,0,pepEn,0,bead1,0
endosome1340U,initOrgProp,area,7539.822369,volume,50265.48246,xcoor,27.5278641,ycoor,24.68595309,pH,7.473101949,,,,,,,,,,,,,,,,,,,,,,
endosome1340U,initRabContent,RabC,7539.822369,,,,,,,,,,,,,,,,,,,,,,,,,,,,,,
endosome1340U,initMembraneContent,EEA1,0.002388048,exCxEn,7.26E-06,R-TfaEn,1.46E-39,oMHCIEn,0.006775131,membraneMarker,0,M6PR,0.003452978,cMHCIEn,0.008511953,R-TfEn,7.75E-40,pepMHCIEn,0,REn,2.44E-04,imCxEn,7.26E-06,,,,,,,,,,
endosome1340U,initSolubleContent,povaEn,0,NH3Cy,0,protonEn,0.691094615,FeEn,0,NH3En,0,NH4En,0,ovaEn,0,TfaEn,3.58E-08,solubleMarker,0,mvb,0,bead2,0,bead3,0,bead4,0,TfEn,0,pepEn,0,bead1,0
endosome1341I,initOrgProp,area,7539.822369,volume,50265.48246,xcoor,27.42248223,ycoor,25.01257095,pH,7.473101949,,,,,,,,,,,,,,,,,,,,,,
endosome1341I,initRabContent,RabC,7539.822369,,,,,,,,,,,,,,,,,,,,,,,,,,,,,,
endosome1341I,initMembraneContent,EEA1,0.002388048,exCxEn,7.26E-06,R-TfaEn,1.46E-39,oMHCIEn,0.006775131,membraneMarker,0,M6PR,0.003452978,cMHCIEn,0.008511953,R-TfEn,7.75E-40,pepMHCIEn,0,REn,2.44E-04,imCxEn,7.26E-06,,,,,,,,,,
endosome1341I,initSolubleContent,povaEn,0,NH3Cy,0,protonEn,0.691094615,FeEn,0,NH3En,0,NH4En,0,ovaEn,0,TfaEn,3.58E-08,solubleMarker,0,mvb,0,bead2,0,bead3,0,bead4,0,TfEn,0,pepEn,0,bead1,0
endosome1342G,initOrgProp,area,7539.822369,volume,50265.48246,xcoor,24.21853677,ycoor,26.66612124,pH,7.474775859,,,,,,,,,,,,,,,,,,,,,,
endosome1342G,initRabContent,RabC,7539.822369,,,,,,,,,,,,,,,,,,,,,,,,,,,,,,
endosome1342G,initMembraneContent,EEA1,2.11E-04,exCxEn,6.22E-06,R-TfaEn,1.69E-39,oMHCIEn,0.006896277,membraneMarker,0,M6PR,0.001823857,cMHCIEn,0.01073032,R-TfEn,9.17E-40,pepMHCIEn,0,REn,2.86E-04,imCxEn,6.22E-06,,,,,,,,,,
endosome1342G,initSolubleContent,povaEn,0,NH3Cy,0,protonEn,0.684589137,FeEn,0,NH3En,0,NH4En,0,ovaEn,0,TfaEn,2.65E-08,solubleMarker,0,mvb,0,bead2,0,bead3,0,bead4,0,TfEn,0,pepEn,0,bead1,0
endosome1343Q,initOrgProp,area,16336.2818,volume,150796.4474,xcoor,48.04283891,ycoor,42.47447909,pH,7.582656556,,,,,,,,,,,,,,,,,,,,,,
endosome1343Q,initRabContent,RabA,16336.2818,,,,,,,,,,,,,,,,,,,,,,,,,,,,,,
endosome1343Q,initMembraneContent,EEA1,3.310553933,exCxEn,8.52E-10,R-TfaEn,1.14E-42,oMHCIEn,2.03E-06,membraneMarker,0,M6PR,4.726966824,cMHCIEn,8.27E-06,R-TfEn,6.42E-43,pepMHCIEn,0,REn,1.97E-07,imCxEn,8.52E-10,,,,,,,,,,
endosome1343Q,initSolubleContent,povaEn,0,NH3Cy,0,protonEn,2.942162788,FeEn,0,NH3En,0,NH4En,0,ovaEn,0,TfaEn,7.38E-08,solubleMarker,0,mvb,0,bead2,0,bead3,0,bead4,0,TfEn,0,pepEn,0,bead1,0
endosome1344o,initOrgProp,area,12566.37061,volume,100530.9649,xcoor,48.02076972,ycoor,42.44127784,pH,7.53079664,,,,,,,,,,,,,,,,,,,,,,
endosome1344o,initRabContent,RabB,12566.37061,,,,,,,,,,,,,,,,,,,,,,,,,,,,,,
endosome1344o,initMembraneContent,EEA1,0.002544036,exCxEn,6.62E-08,R-TfaEn,8.77E-40,oMHCIEn,1.56E-06,membraneMarker,0,M6PR,0.007257741,cMHCIEn,0.006367997,R-TfEn,4.94E-40,pepMHCIEn,0,REn,1.52E-04,imCxEn,6.62E-08,,,,,,,,,,
endosome1344o,initSolubleContent,povaEn,0,NH3Cy,0,protonEn,1.961441859,FeEn,0,NH3En,0,NH4En,0,ovaEn,0,TfaEn,4.92E-08,solubleMarker,0,mvb,0,bead2,0,bead3,0,bead4,0,TfEn,0,pepEn,0,bead1,0
endosome1345G,initOrgProp,area,7539.822369,volume,50265.48246,xcoor,23.30467785,ycoor,49.27650369,pH,7.213343751,,,,,,,,,,,,,,,,,,,,,,
endosome1345G,initRabContent,RabA,7539.822369,,,,,,,,,,,,,,,,,,,,,,,,,,,,,,
endosome1345G,initMembraneContent,EEA1,0.390261442,exCxEn,0,R-TfaEn,3.28E-42,oMHCIEn,1.44E-04,membraneMarker,0,M6PR,3.121283542,cMHCIEn,2.67E-05,R-TfEn,1.85E-42,pepMHCIEn,0,REn,5.66E-07,imCxEn,0,,,,,,,,,,
endosome1345G,initSolubleContent,povaEn,0,NH3Cy,0,protonEn,2.075573458,FeEn,0,NH3En,0,NH4En,0,ovaEn,0,TfaEn,1.69E-07,solubleMarker,0,mvb,0,bead2,0,bead3,0,bead4,0,TfEn,0,pepEn,0,bead1,0
endosome1346x,initOrgProp,area,12566.37061,volume,100530.9649,xcoor,6.92697687,ycoor,5.453204007,pH,7.448319732,,,,,,,,,,,,,,,,,,,,,,
endosome1346x,initRabContent,RabC,12566.37061,,,,,,,,,,,,,,,,,,,,,,,,,,,,,,
endosome1346x,initMembraneContent,EEA1,0.001714132,exCxEn,8.82E-07,R-TfaEn,1.07E-39,oMHCIEn,0.010389329,membraneMarker,0,M6PR,0.008237546,cMHCIEn,0.007753301,R-TfEn,5.75E-40,pepMHCIEn,0,REn,1.81E-04,imCxEn,8.82E-07,,,,,,,,,,
endosome1346x,initSolubleContent,povaEn,0,NH3Cy,0,protonEn,2.58080045,FeEn,0,NH3En,0,NH4En,0,ovaEn,0,TfaEn,8.93E-08,solubleMarker,0,mvb,0,bead2,0,bead3,0,bead4,0,TfEn,0,pepEn,0,bead1,0
endosome1347q,initOrgProp,area,7539.822369,volume,50265.48246,xcoor,30.75311929,ycoor,6.388127614,pH,7.278130232,,,,,,,,,,,,,,,,,,,,,,
endosome1347q,initRabContent,RabB,7539.822369,,,,,,,,,,,,,,,,,,,,,,,,,,,,,,
endosome1347q,initMembraneContent,EEA1,0.001066362,exCxEn,2.09E-15,R-TfaEn,4.67E-39,oMHCIEn,0.002087749,membraneMarker,0,M6PR,0.006442874,cMHCIEn,0.036353837,R-TfEn,2.63E-39,pepMHCIEn,0,REn,8.08E-04,imCxEn,2.09E-15,,,,,,,,,,
endosome1347q,initSolubleContent,povaEn,0,NH3Cy,0,protonEn,1.649351755,FeEn,0,NH3En,0,NH4En,0,ovaEn,0,TfaEn,1.53E-07,solubleMarker,0,mvb,0,bead2,0,bead3,0,bead4,0,TfEn,0,pepEn,0,bead1,0
endosome1348o,initOrgProp,area,16336.2818,volume,150796.4474,xcoor,24.39697082,ycoor,25.94904354,pH,7.711098179,,,,,,,,,,,,,,,,,,,,,,
endosome1348o,initRabContent,RabC,16336.2818,,,,,,,,,,,,,,,,,,,,,,,,,,,,,,
endosome1348o,initMembraneContent,EEA1,0.003267983,exCxEn,1.27E-05,R-TfaEn,3.25E-39,oMHCIEn,0.013369318,membraneMarker,0,M6PR,0.001261405,cMHCIEn,0.020284419,R-TfEn,1.76E-39,pepMHCIEn,0,REn,5.48E-04,imCxEn,1.27E-05,,,,,,,,,,
endosome1348o,initSolubleContent,povaEn,0,NH3Cy,0,protonEn,1.932870795,FeEn,0,NH3En,0,NH4En,0,ovaEn,0,TfaEn,6.04E-08,solubleMarker,0,mvb,0,bead2,0,bead3,0,bead4,0,TfEn,0,pepEn,0,bead1,0
endosome1349y,initOrgProp,area,12566.37061,volume,100530.9649,xcoor,22.62657458,ycoor,29.00048479,pH,7.642733652,,,,,,,,,,,,,,,,,,,,,,
endosome1349y,initRabContent,RabA,12566.37061,,,,,,,,,,,,,,,,,,,,,,,,,,,,,,
endosome1349y,initMembraneContent,EEA1,2.516346655,exCxEn,9.68E-08,R-TfaEn,2.50E-42,oMHCIEn,1.03E-05,membraneMarker,0,M6PR,0.486126251,cMHCIEn,1.56E-05,R-TfEn,1.35E-42,pepMHCIEn,0,REn,4.21E-07,imCxEn,9.68E-08,,,,,,,,,,
endosome1349y,initSolubleContent,povaEn,0,NH3Cy,0,protonEn,1.28858053,FeEn,0,NH3En,0,NH4En,0,ovaEn,0,TfaEn,4.03E-08,solubleMarker,0,mvb,0,bead2,0,bead3,0,bead4,0,TfEn,0,pepEn,0,bead1,0
endosome1350g,initOrgProp,area,16336.2818,volume,150796.4474,xcoor,24.39581773,ycoor,25.95317267,pH,7.711098179,,,,,,,,,,,,,,,,,,,,,,
endosome1350g,initRabContent,RabC,16336.2818,,,,,,,,,,,,,,,,,,,,,,,,,,,,,,
endosome1350g,initMembraneContent,EEA1,0.003267983,exCxEn,1.27E-05,R-TfaEn,3.25E-39,oMHCIEn,0.013369318,membraneMarker,0,M6PR,0.001261405,cMHCIEn,0.020284419,R-TfEn,1.76E-39,pepMHCIEn,0,REn,5.48E-04,imCxEn,1.27E-05,,,,,,,,,,
endosome1350g,initSolubleContent,povaEn,0,NH3Cy,0,protonEn,1.932870795,FeEn,0,NH3En,0,NH4En,0,ovaEn,0,TfaEn,6.04E-08,solubleMarker,0,mvb,0,bead2,0,bead3,0,bead4,0,TfEn,0,pepEn,0,bead1,0
endosome1351S,initOrgProp,area,7539.822369,volume,50265.48246,xcoor,25.14828057,ycoor,25.07661436,pH,7.698821609,,,,,,,,,,,,,,,,,,,,,,
endosome1351S,initRabContent,RabH,7539.822369,,,,,,,,,,,,,,,,,,,,,,,,,,,,,,
endosome1351S,initMembraneContent,EEA1,6.01E-04,exCxEn,3.44E-07,R-TfaEn,1.58E-43,oMHCIEn,1.16E-06,membraneMarker,0,M6PR,8.23E-05,cMHCIEn,9.67E-07,R-TfEn,8.55E-44,pepMHCIEn,0,REn,2.67E-08,imCxEn,3.44E-07,,,,,,,,,,
endosome1351S,initSolubleContent,povaEn,0,NH3Cy,0,protonEn,0.005653216,FeEn,0,NH3En,0,NH4En,0,ovaEn,0,TfaEn,2.28E-10,solubleMarker,0,mvb,0,bead2,0,bead3,0,bead4,0,TfEn,0,pepEn,0,bead1,0
endosome1352m,initOrgProp,area,20106.19298,volume,251327.4123,xcoor,24.22970395,ycoor,26.64601007,pH,8.388134351,,,,,,,,,,,,,,,,,,,,,,
endosome1352m,initRabContent,RabD,20106.19298,,,,,,,,,,,,,,,,,,,,,,,,,,,,,,
endosome1352m,initMembraneContent,EEA1,0.001603846,exCxEn,9.16E-07,R-TfaEn,4.23E-43,oMHCIEn,3.09E-06,membraneMarker,0,M6PR,0.110005411,cMHCIEn,2.58E-06,R-TfEn,2.28E-43,pepMHCIEn,0,REn,7.13E-08,imCxEn,9.16E-07,,,,,,,,,,
endosome1352m,initSolubleContent,povaEn,0,NH3Cy,0,protonEn,0.028266078,FeEn,0,NH3En,0,NH4En,0,ovaEn,0,TfaEn,1.14E-09,solubleMarker,0,mvb,0,bead2,0,bead3,0,bead4,0,TfEn,0,pepEn,0,bead1,0
endosome1353l,initOrgProp,area,16336.2818,volume,150796.4474,xcoor,24.21061627,ycoor,26.58817983,pH,8.17108739,,,,,,,,,,,,,,,,,,,,,,
endosome1353l,initRabContent,RabD,16336.2818,,,,,,,,,,,,,,,,,,,,,,,,,,,,,,
endosome1353l,initMembraneContent,EEA1,0.001303125,exCxEn,7.45E-07,R-TfaEn,3.43E-43,oMHCIEn,2.51E-06,membraneMarker,0,M6PR,0.089379397,cMHCIEn,2.09E-06,R-TfEn,1.85E-43,pepMHCIEn,0,REn,5.79E-08,imCxEn,7.45E-07,,,,,,,,,,
endosome1353l,initSolubleContent,povaEn,0,NH3Cy,0,protonEn,0.016959647,FeEn,0,NH3En,0,NH4En,0,ovaEn,0,TfaEn,6.84E-10,solubleMarker,0,mvb,0,bead2,0,bead3,0,bead4,0,TfEn,0,pepEn,0,bead1,0
endosome1354V,initOrgProp,area,7539.822369,volume,50265.48246,xcoor,24.99007214,ycoor,39.07598601,pH,7.256365029,,,,,,,,,,,,,,,,,,,,,,
endosome1354V,initRabContent,RabE,7539.822369,,,,,,,,,,,,,,,,,,,,,,,,,,,,,,
endosome1354V,initMembraneContent,EEA1,9.96E-04,exCxEn,1.60E-07,R-TfaEn,8.57E-43,oMHCIEn,3.08E-06,membraneMarker,0,M6PR,0.088596659,cMHCIEn,4.46E-06,R-TfEn,4.10E-43,pepMHCIEn,0,REn,1.35E-07,imCxEn,1.60E-07,,,,,,,,,,
endosome1354V,initSolubleContent,povaEn,0,NH3Cy,0,protonEn,1.785510667,FeEn,0,NH3En,0,NH4En,0,ovaEn,0,TfaEn,3.22E-09,solubleMarker,0,mvb,0,bead2,0,bead3,0,bead4,0,TfEn,0,pepEn,0,bead1,0
endosome1355C,initOrgProp,area,18849.55592,volume,175929.1886,xcoor,24.2179636,ycoor,26.87632755,pH,8.236828746,,,,,,,,,,,,,,,,,,,,,,
endosome1355C,initRabContent,RabD,18849.55592,,,,,,,,,,,,,,,,,,,,,,,,,,,,,,
endosome1355C,initMembraneContent,EEA1,0.001503606,exCxEn,8.59E-07,R-TfaEn,3.96E-43,oMHCIEn,2.89E-06,membraneMarker,0,M6PR,0.103130073,cMHCIEn,2.42E-06,R-TfEn,2.14E-43,pepMHCIEn,0,REn,6.68E-08,imCxEn,8.59E-07,,,,,,,,,,
endosome1355C,initSolubleContent,povaEn,0,NH3Cy,0,protonEn,0.019786255,FeEn,0,NH3En,0,NH4En,0,ovaEn,0,TfaEn,7.98E-10,solubleMarker,0,mvb,0,bead2,0,bead3,0,bead4,0,TfEn,0,pepEn,0,bead1,0
endosome1356u,initOrgProp,area,16336.2818,volume,150796.4474,xcoor,24.65981853,ycoor,25.90225349,pH,8.17108739,,,,,,,,,,,,,,,,,,,,,,
endosome1356u,initRabContent,RabD,16336.2818,,,,,,,,,,,,,,,,,,,,,,,,,,,,,,
endosome1356u,initMembraneContent,EEA1,0.001303125,exCxEn,7.45E-07,R-TfaEn,3.43E-43,oMHCIEn,2.51E-06,membraneMarker,0,M6PR,0.089379397,cMHCIEn,2.09E-06,R-TfEn,1.85E-43,pepMHCIEn,0,REn,5.79E-08,imCxEn,7.45E-07,,,,,,,,,,
endosome1356u,initSolubleContent,povaEn,0,NH3Cy,0,protonEn,0.016959647,FeEn,0,NH3En,0,NH4En,0,ovaEn,0,TfaEn,6.84E-10,solubleMarker,0,mvb,0,bead2,0,bead3,0,bead4,0,TfEn,0,pepEn,0,bead1,0
endosome1357h,initOrgProp,area,7539.822369,volume,50265.48246,xcoor,24.19218981,ycoor,26.47585863,pH,7.698821609,,,,,,,,,,,,,,,,,,,,,,
endosome1357h,initRabContent,RabD,7539.822369,,,,,,,,,,,,,,,,,,,,,,,,,,,,,,
endosome1357h,initMembraneContent,EEA1,6.01E-04,exCxEn,3.44E-07,R-TfaEn,1.58E-43,oMHCIEn,1.16E-06,membraneMarker,0,M6PR,0.041252029,cMHCIEn,9.67E-07,R-TfEn,8.55E-44,pepMHCIEn,0,REn,2.67E-08,imCxEn,3.44E-07,,,,,,,,,,
endosome1357h,initSolubleContent,povaEn,0,NH3Cy,0,protonEn,0.005653216,FeEn,0,NH3En,0,NH4En,0,ovaEn,0,TfaEn,2.28E-10,solubleMarker,0,mvb,0,bead2,0,bead3,0,bead4,0,TfEn,0,pepEn,0,bead1,0
endosome1358G,initOrgProp,area,12566.37061,volume,100530.9649,xcoor,24.23841902,ycoor,26.860032,pH,7.997417082,,,,,,,,,,,,,,,,,,,,,,
endosome1358G,initRabContent,RabD,12566.37061,,,,,,,,,,,,,,,,,,,,,,,,,,,,,,
endosome1358G,initMembraneContent,EEA1,0.001002404,exCxEn,5.73E-07,R-TfaEn,2.64E-43,oMHCIEn,1.93E-06,membraneMarker,0,M6PR,0.068753382,cMHCIEn,1.61E-06,R-TfEn,1.43E-43,pepMHCIEn,0,REn,4.45E-08,imCxEn,5.73E-07,,,,,,,,,,
endosome1358G,initSolubleContent,povaEn,0,NH3Cy,0,protonEn,0.011306431,FeEn,0,NH3En,0,NH4En,0,ovaEn,0,TfaEn,4.56E-10,solubleMarker,0,mvb,0,bead2,0,bead3,0,bead4,0,TfEn,0,pepEn,0,bead1,0
endosome1359b,initOrgProp,area,18849.55592,volume,175929.1886,xcoor,24.03074615,ycoor,27.08988333,pH,8.236828746,,,,,,,,,,,,,,,,,,,,,,
endosome1359b,initRabContent,RabD,18849.55592,,,,,,,,,,,,,,,,,,,,,,,,,,,,,,
endosome1359b,initMembraneContent,EEA1,0.001503606,exCxEn,8.59E-07,R-TfaEn,3.96E-43,oMHCIEn,2.89E-06,membraneMarker,0,M6PR,0.103130073,cMHCIEn,2.42E-06,R-TfEn,2.14E-43,pepMHCIEn,0,REn,6.68E-08,imCxEn,8.59E-07,,,,,,,,,,
endosome1359b,initSolubleContent,povaEn,0,NH3Cy,0,protonEn,0.019786255,FeEn,0,NH3En,0,NH4En,0,ovaEn,0,TfaEn,7.98E-10,solubleMarker,0,mvb,0,bead2,0,bead3,0,bead4,0,TfEn,0,pepEn,0,bead1,0
endosome1360Y,initOrgProp,area,16336.2818,volume,175929.1886,xcoor,24.3938261,ycoor,25.94593588,pH,8.236828746,,,,,,,,,,,,,,,,,,,,,,
endosome1360Y,initRabContent,RabD,16336.2818,,,,,,,,,,,,,,,,,,,,,,,,,,,,,,
endosome1360Y,initMembraneContent,EEA1,0.001303125,exCxEn,7.45E-07,R-TfaEn,3.43E-43,oMHCIEn,2.51E-06,membraneMarker,0,M6PR,0.089379397,cMHCIEn,2.09E-06,R-TfEn,1.85E-43,pepMHCIEn,0,REn,5.79E-08,imCxEn,7.45E-07,,,,,,,,,,
endosome1360Y,initSolubleContent,povaEn,0,NH3Cy,0,protonEn,0.019786255,FeEn,0,NH3En,0,NH4En,0,ovaEn,0,TfaEn,7.98E-10,solubleMarker,0,mvb,0,bead2,0,bead3,0,bead4,0,TfEn,0,pepEn,0,bead1,0
endosome1361K,initOrgProp,area,7539.822369,volume,50265.48246,xcoor,24.45842105,ycoor,25.93332572,pH,7.698821609,,,,,,,,,,,,,,,,,,,,,,
endosome1361K,initRabContent,RabD,7539.822369,,,,,,,,,,,,,,,,,,,,,,,,,,,,,,
endosome1361K,initMembraneContent,EEA1,6.01E-04,exCxEn,3.44E-07,R-TfaEn,1.58E-43,oMHCIEn,1.16E-06,membraneMarker,0,M6PR,0.041252029,cMHCIEn,9.67E-07,R-TfEn,8.55E-44,pepMHCIEn,0,REn,2.67E-08,imCxEn,3.44E-07,,,,,,,,,,
endosome1361K,initSolubleContent,povaEn,0,NH3Cy,0,protonEn,0.005653216,FeEn,0,NH3En,0,NH4En,0,ovaEn,0,TfaEn,2.28E-10,solubleMarker,0,mvb,0,bead2,0,bead3,0,bead4,0,TfEn,0,pepEn,0,bead1,0
endosome1362H,initOrgProp,area,16336.2818,volume,175929.1886,xcoor,24.4232578,ycoor,25.88031072,pH,8.236828746,,,,,,,,,,,,,,,,,,,,,,
endosome1362H,initRabContent,RabD,16336.2818,,,,,,,,,,,,,,,,,,,,,,,,,,,,,,
endosome1362H,initMembraneContent,EEA1,0.001303125,exCxEn,7.45E-07,R-TfaEn,3.43E-43,oMHCIEn,2.51E-06,membraneMarker,0,M6PR,0.089379397,cMHCIEn,2.09E-06,R-TfEn,1.85E-43,pepMHCIEn,0,REn,5.79E-08,imCxEn,7.45E-07,,,,,,,,,,
endosome1362H,initSolubleContent,povaEn,0,NH3Cy,0,protonEn,0.019786255,FeEn,0,NH3En,0,NH4En,0,ovaEn,0,TfaEn,7.98E-10,solubleMarker,0,mvb,0,bead2,0,bead3,0,bead4,0,TfEn,0,pepEn,0,bead1,0
endosome1363o,initOrgProp,area,25132.74123,volume,301592.8947,xcoor,24.74923561,ycoor,24.71123131,pH,8.464934466,,,,,,,,,,,,,,,,,,,,,,
endosome1363o,initRabContent,RabD,25132.74123,,,,,,,,,,,,,,,,,,,,,,,,,,,,,,
endosome1363o,initMembraneContent,EEA1,0.002004808,exCxEn,1.15E-06,R-TfaEn,5.28E-43,oMHCIEn,3.86E-06,membraneMarker,0,M6PR,0.137506764,cMHCIEn,3.22E-06,R-TfEn,2.85E-43,pepMHCIEn,0,REn,8.91E-08,imCxEn,1.15E-06,,,,,,,,,,
endosome1363o,initSolubleContent,povaEn,0,NH3Cy,0,protonEn,0.033919294,FeEn,0,NH3En,0,NH4En,0,ovaEn,0,TfaEn,1.37E-09,solubleMarker,0,mvb,0,bead2,0,bead3,0,bead4,0,TfEn,0,pepEn,0,bead1,0
endosome1364A,initOrgProp,area,21362.83004,volume,226194.6711,xcoor,25.0152393,ycoor,24.44670768,pH,8.343572339,,,,,,,,,,,,,,,,,,,,,,
endosome1364A,initRabContent,RabD,21362.83004,,,,,,,,,,,,,,,,,,,,,,,,,,,,,,
endosome1364A,initMembraneContent,EEA1,0.001704087,exCxEn,9.74E-07,R-TfaEn,4.49E-43,oMHCIEn,3.28E-06,membraneMarker,0,M6PR,0.11688075,cMHCIEn,2.74E-06,R-TfEn,2.42E-43,pepMHCIEn,0,REn,7.57E-08,imCxEn,9.74E-07,,,,,,,,,,
endosome1364A,initSolubleContent,povaEn,0,NH3Cy,0,protonEn,0.02543947,FeEn,0,NH3En,0,NH4En,0,ovaEn,0,TfaEn,1.03E-09,solubleMarker,0,mvb,0,bead2,0,bead3,0,bead4,0,TfEn,0,pepEn,0,bead1,0
endosome1365d,initOrgProp,area,10053.09649,volume,87964.5943,xcoor,24.69959143,ycoor,25.61482258,pH,7.612102115,,,,,,,,,,,,,,,,,,,,,,
endosome1365d,initRabContent,RabC,10053.09649,,,,,,,,,,,,,,,,,,,,,,,,,,,,,,
endosome1365d,initMembraneContent,EEA1,0.001216851,exCxEn,7.39E-06,R-TfaEn,1.97E-39,oMHCIEn,0.00810806,membraneMarker,0,M6PR,0.001631719,cMHCIEn,0.012336645,R-TfEn,1.07E-39,pepMHCIEn,0,REn,3.33E-04,imCxEn,7.39E-06,,,,,,,,,,
endosome1365d,initSolubleContent,povaEn,0,NH3Cy,0,protonEn,1.148848457,FeEn,0,NH3En,0,NH4En,0,ovaEn,0,TfaEn,3.80E-08,solubleMarker,0,mvb,0,bead2,0,bead3,0,bead4,0,TfEn,0,pepEn,0,bead1,0
endosome1366J,initOrgProp,area,7539.822369,volume,50265.48246,xcoor,24.38621904,ycoor,25.89653987,pH,7.698821609,,,,,,,,,,,,,,,,,,,,,,
endosome1366J,initRabContent,RabD,7539.822369,,,,,,,,,,,,,,,,,,,,,,,,,,,,,,
endosome1366J,initMembraneContent,EEA1,6.01E-04,exCxEn,3.44E-07,R-TfaEn,1.58E-43,oMHCIEn,1.16E-06,membraneMarker,0,M6PR,0.041252029,cMHCIEn,9.67E-07,R-TfEn,8.55E-44,pepMHCIEn,0,REn,2.67E-08,imCxEn,3.44E-07,,,,,,,,,,
endosome1366J,initSolubleContent,povaEn,0,NH3Cy,0,protonEn,0.005653216,FeEn,0,NH3En,0,NH4En,0,ovaEn,0,TfaEn,2.28E-10,solubleMarker,0,mvb,0,bead2,0,bead3,0,bead4,0,TfEn,0,pepEn,0,bead1,0
endosome1367R,initOrgProp,area,21362.83004,volume,226194.6711,xcoor,25.28956632,ycoor,24.40348846,pH,8.343572339,,,,,,,,,,,,,,,,,,,,,,
endosome1367R,initRabContent,RabD,21362.83004,,,,,,,,,,,,,,,,,,,,,,,,,,,,,,
endosome1367R,initMembraneContent,EEA1,0.001704087,exCxEn,9.74E-07,R-TfaEn,4.49E-43,oMHCIEn,3.28E-06,membraneMarker,0,M6PR,0.11688075,cMHCIEn,2.74E-06,R-TfEn,2.42E-43,pepMHCIEn,0,REn,7.57E-08,imCxEn,9.74E-07,,,,,,,,,,
endosome1367R,initSolubleContent,povaEn,0,NH3Cy,0,protonEn,0.02543947,FeEn,0,NH3En,0,NH4En,0,ovaEn,0,TfaEn,1.03E-09,solubleMarker,0,mvb,0,bead2,0,bead3,0,bead4,0,TfEn,0,pepEn,0,bead1,0
endosome1368o,initOrgProp,area,10053.09649,volume,87964.5943,xcoor,24.96881473,ycoor,25.55129743,pH,7.612102115,,,,,,,,,,,,,,,,,,,,,,
endosome1368o,initRabContent,RabC,10053.09649,,,,,,,,,,,,,,,,,,,,,,,,,,,,,,
endosome1368o,initMembraneContent,EEA1,0.001216851,exCxEn,7.39E-06,R-TfaEn,1.97E-39,oMHCIEn,0.00810806,membraneMarker,0,M6PR,0.001631719,cMHCIEn,0.012336645,R-TfEn,1.07E-39,pepMHCIEn,0,REn,3.33E-04,imCxEn,7.39E-06,,,,,,,,,,
endosome1368o,initSolubleContent,povaEn,0,NH3Cy,0,protonEn,1.148848457,FeEn,0,NH3En,0,NH4En,0,ovaEn,0,TfaEn,3.80E-08,solubleMarker,0,mvb,0,bead2,0,bead3,0,bead4,0,TfEn,0,pepEn,0,bead1,0
endosome1369F,initOrgProp,area,10053.09649,volume,87964.5943,xcoor,24.72828407,ycoor,25.69285968,pH,7.612102115,,,,,,,,,,,,,,,,,,,,,,
endosome1369F,initRabContent,RabC,10053.09649,,,,,,,,,,,,,,,,,,,,,,,,,,,,,,
endosome1369F,initMembraneContent,EEA1,0.001216851,exCxEn,7.39E-06,R-TfaEn,1.97E-39,oMHCIEn,0.00810806,membraneMarker,0,M6PR,0.001631719,cMHCIEn,0.012336645,R-TfEn,1.07E-39,pepMHCIEn,0,REn,3.33E-04,imCxEn,7.39E-06,,,,,,,,,,
endosome1369F,initSolubleContent,povaEn,0,NH3Cy,0,protonEn,1.148848457,FeEn,0,NH3En,0,NH4En,0,ovaEn,0,TfaEn,3.80E-08,solubleMarker,0,mvb,0,bead2,0,bead3,0,bead4,0,TfEn,0,pepEn,0,bead1,0
endosome1370o,initOrgProp,area,27646.01535,volume,351858.3772,xcoor,24.33674155,ycoor,24.5493331,pH,8.529513109,,,,,,,,,,,,,,,,,,,,,,
endosome1370o,initRabContent,RabD,27646.01535,,,,,,,,,,,,,,,,,,,,,,,,,,,,,,
endosome1370o,initMembraneContent,EEA1,0.002205289,exCxEn,1.26E-06,R-TfaEn,5.81E-43,oMHCIEn,4.24E-06,membraneMarker,0,M6PR,0.151257441,cMHCIEn,3.54E-06,R-TfEn,3.14E-43,pepMHCIEn,0,REn,9.80E-08,imCxEn,1.26E-06,,,,,,,,,,
endosome1370o,initSolubleContent,povaEn,0,NH3Cy,0,protonEn,0.03957251,FeEn,0,NH3En,0,NH4En,0,ovaEn,0,TfaEn,1.60E-09,solubleMarker,0,mvb,0,bead2,0,bead3,0,bead4,0,TfEn,0,pepEn,0,bead1,0
endosome1371x,initOrgProp,area,7539.822369,volume,50265.48246,xcoor,24.4177046,ycoor,25.909055,pH,7.698821609,,,,,,,,,,,,,,,,,,,,,,
endosome1371x,initRabContent,RabD,7539.822369,,,,,,,,,,,,,,,,,,,,,,,,,,,,,,
endosome1371x,initMembraneContent,EEA1,6.01E-04,exCxEn,3.44E-07,R-TfaEn,1.58E-43,oMHCIEn,1.16E-06,membraneMarker,0,M6PR,0.041252029,cMHCIEn,9.67E-07,R-TfEn,8.55E-44,pepMHCIEn,0,REn,2.67E-08,imCxEn,3.44E-07,,,,,,,,,,
endosome1371x,initSolubleContent,povaEn,0,NH3Cy,0,protonEn,0.005653216,FeEn,0,NH3En,0,NH4En,0,ovaEn,0,TfaEn,2.28E-10,solubleMarker,0,mvb,0,bead2,0,bead3,0,bead4,0,TfEn,0,pepEn,0,bead1,0
endosome1372w,initOrgProp,area,7539.822369,volume,50265.48246,xcoor,25.23610888,ycoor,24.39471181,pH,7.698821609,,,,,,,,,,,,,,,,,,,,,,
endosome1372w,initRabContent,RabD,7539.822369,,,,,,,,,,,,,,,,,,,,,,,,,,,,,,
endosome1372w,initMembraneContent,EEA1,6.01E-04,exCxEn,3.44E-07,R-TfaEn,1.58E-43,oMHCIEn,1.16E-06,membraneMarker,0,M6PR,0.041252029,cMHCIEn,9.67E-07,R-TfEn,8.55E-44,pepMHCIEn,0,REn,2.67E-08,imCxEn,3.44E-07,,,,,,,,,,
endosome1372w,initSolubleContent,povaEn,0,NH3Cy,0,protonEn,0.005653216,FeEn,0,NH3En,0,NH4En,0,ovaEn,0,TfaEn,2.28E-10,solubleMarker,0,mvb,0,bead2,0,bead3,0,bead4,0,TfEn,0,pepEn,0,bead1,0
endosome1373u,initOrgProp,area,17592.91886,volume,150796.4474,xcoor,24.91284217,ycoor,24.48901868,pH,8.17108739,,,,,,,,,,,,,,,,,,,,,,
endosome1373u,initRabContent,RabD,17592.91886,,,,,,,,,,,,,,,,,,,,,,,,,,,,,,
endosome1373u,initMembraneContent,EEA1,0.001403366,exCxEn,8.02E-07,R-TfaEn,3.70E-43,oMHCIEn,2.70E-06,membraneMarker,0,M6PR,0.096254735,cMHCIEn,2.26E-06,R-TfEn,2.00E-43,pepMHCIEn,0,REn,6.23E-08,imCxEn,8.02E-07,,,,,,,,,,
endosome1373u,initSolubleContent,povaEn,0,NH3Cy,0,protonEn,0.016959647,FeEn,0,NH3En,0,NH4En,0,ovaEn,0,TfaEn,6.84E-10,solubleMarker,0,mvb,0,bead2,0,bead3,0,bead4,0,TfEn,0,pepEn,0,bead1,0
endosome1374E,initOrgProp,area,7539.822369,volume,50265.48246,xcoor,25.47290824,ycoor,24.33296813,pH,7.698821609,,,,,,,,,,,,,,,,,,,,,,
endosome1374E,initRabContent,RabD,7539.822369,,,,,,,,,,,,,,,,,,,,,,,,,,,,,,
endosome1374E,initMembraneContent,EEA1,6.01E-04,exCxEn,3.44E-07,R-TfaEn,1.58E-43,oMHCIEn,1.16E-06,membraneMarker,0,M6PR,0.041252029,cMHCIEn,9.67E-07,R-TfEn,8.55E-44,pepMHCIEn,0,REn,2.67E-08,imCxEn,3.44E-07,,,,,,,,,,
endosome1374E,initSolubleContent,povaEn,0,NH3Cy,0,protonEn,0.005653216,FeEn,0,NH3En,0,NH4En,0,ovaEn,0,TfaEn,2.28E-10,solubleMarker,0,mvb,0,bead2,0,bead3,0,bead4,0,TfEn,0,pepEn,0,bead1,0
endosome1375f,initOrgProp,area,12566.37061,volume,100530.9649,xcoor,24.53596405,ycoor,24.26281025,pH,7.997417082,,,,,,,,,,,,,,,,,,,,,,
endosome1375f,initRabContent,RabD,12566.37061,,,,,,,,,,,,,,,,,,,,,,,,,,,,,,
endosome1375f,initMembraneContent,EEA1,0.001002404,exCxEn,5.73E-07,R-TfaEn,2.64E-43,oMHCIEn,1.93E-06,membraneMarker,0,M6PR,0.068753382,cMHCIEn,1.61E-06,R-TfEn,1.43E-43,pepMHCIEn,0,REn,4.45E-08,imCxEn,5.73E-07,,,,,,,,,,
endosome1375f,initSolubleContent,povaEn,0,NH3Cy,0,protonEn,0.011306431,FeEn,0,NH3En,0,NH4En,0,ovaEn,0,TfaEn,4.56E-10,solubleMarker,0,mvb,0,bead2,0,bead3,0,bead4,0,TfEn,0,pepEn,0,bead1,0
endosome1376I,initOrgProp,area,7539.822369,volume,50265.48246,xcoor,24.91261698,ycoor,24.50002226,pH,7.698821609,,,,,,,,,,,,,,,,,,,,,,
endosome1376I,initRabContent,RabD,7539.822369,,,,,,,,,,,,,,,,,,,,,,,,,,,,,,
endosome1376I,initMembraneContent,EEA1,6.01E-04,exCxEn,3.44E-07,R-TfaEn,1.58E-43,oMHCIEn,1.16E-06,membraneMarker,0,M6PR,0.041252029,cMHCIEn,9.67E-07,R-TfEn,8.55E-44,pepMHCIEn,0,REn,2.67E-08,imCxEn,3.44E-07,,,,,,,,,,
endosome1376I,initSolubleContent,povaEn,0,NH3Cy,0,protonEn,0.005653216,FeEn,0,NH3En,0,NH4En,0,ovaEn,0,TfaEn,2.28E-10,solubleMarker,0,mvb,0,bead2,0,bead3,0,bead4,0,TfEn,0,pepEn,0,bead1,0
endosome1377N,initOrgProp,area,10053.09649,volume,87964.5943,xcoor,24.91710276,ycoor,25.6074815,pH,7.612102115,,,,,,,,,,,,,,,,,,,,,,
endosome1377N,initRabContent,RabC,10053.09649,,,,,,,,,,,,,,,,,,,,,,,,,,,,,,
endosome1377N,initMembraneContent,EEA1,0.001216851,exCxEn,7.39E-06,R-TfaEn,1.97E-39,oMHCIEn,0.00810806,membraneMarker,0,M6PR,0.001631719,cMHCIEn,0.012336645,R-TfEn,1.07E-39,pepMHCIEn,0,REn,3.33E-04,imCxEn,7.39E-06,,,,,,,,,,
endosome1377N,initSolubleContent,povaEn,0,NH3Cy,0,protonEn,1.148848457,FeEn,0,NH3En,0,NH4En,0,ovaEn,0,TfaEn,3.80E-08,solubleMarker,0,mvb,0,bead2,0,bead3,0,bead4,0,TfEn,0,pepEn,0,bead1,0
endosome1378R,initOrgProp,area,13823.00768,volume,125663.7061,xcoor,24.47855918,ycoor,24.31311313,pH,8.093114932,,,,,,,,,,,,,,,,,,,,,,
endosome1378R,initRabContent,RabD,13823.00768,,,,,,,,,,,,,,,,,,,,,,,,,,,,,,
endosome1378R,initMembraneContent,EEA1,0.001102644,exCxEn,6.30E-07,R-TfaEn,2.91E-43,oMHCIEn,2.12E-06,membraneMarker,0,M6PR,0.07562872,cMHCIEn,1.77E-06,R-TfEn,1.57E-43,pepMHCIEn,0,REn,4.90E-08,imCxEn,6.30E-07,,,,,,,,,,
endosome1378R,initSolubleContent,povaEn,0,NH3Cy,0,protonEn,0.014133039,FeEn,0,NH3En,0,NH4En,0,ovaEn,0,TfaEn,5.70E-10,solubleMarker,0,mvb,0,bead2,0,bead3,0,bead4,0,TfEn,0,pepEn,0,bead1,0
endosome1379b,initOrgProp,area,10053.09649,volume,87964.5943,xcoor,24.91679413,ycoor,25.37117028,pH,7.612102115,,,,,,,,,,,,,,,,,,,,,,
endosome1379b,initRabContent,RabC,10053.09649,,,,,,,,,,,,,,,,,,,,,,,,,,,,,,
endosome1379b,initMembraneContent,EEA1,0.001216851,exCxEn,7.39E-06,R-TfaEn,1.97E-39,oMHCIEn,0.00810806,membraneMarker,0,M6PR,0.001631719,cMHCIEn,0.012336645,R-TfEn,1.07E-39,pepMHCIEn,0,REn,3.33E-04,imCxEn,7.39E-06,,,,,,,,,,
endosome1379b,initSolubleContent,povaEn,0,NH3Cy,0,protonEn,1.148848457,FeEn,0,NH3En,0,NH4En,0,ovaEn,0,TfaEn,3.80E-08,solubleMarker,0,mvb,0,bead2,0,bead3,0,bead4,0,TfEn,0,pepEn,0,bead1,0
endosome1380M,initOrgProp,area,10053.09649,volume,87964.5943,xcoor,24.93104046,ycoor,25.50464058,pH,7.612102115,,,,,,,,,,,,,,,,,,,,,,
endosome1380M,initRabContent,RabC,10053.09649,,,,,,,,,,,,,,,,,,,,,,,,,,,,,,
endosome1380M,initMembraneContent,EEA1,0.001216851,exCxEn,7.39E-06,R-TfaEn,1.97E-39,oMHCIEn,0.00810806,membraneMarker,0,M6PR,0.001631719,cMHCIEn,0.012336645,R-TfEn,1.07E-39,pepMHCIEn,0,REn,3.33E-04,imCxEn,7.39E-06,,,,,,,,,,
endosome1380M,initSolubleContent,povaEn,0,NH3Cy,0,protonEn,1.148848457,FeEn,0,NH3En,0,NH4En,0,ovaEn,0,TfaEn,3.80E-08,solubleMarker,0,mvb,0,bead2,0,bead3,0,bead4,0,TfEn,0,pepEn,0,bead1,0
endosome1381d,initOrgProp,area,10053.09649,volume,87964.5943,xcoor,24.70243811,ycoor,25.74797732,pH,7.612102115,,,,,,,,,,,,,,,,,,,,,,
endosome1381d,initRabContent,RabC,10053.09649,,,,,,,,,,,,,,,,,,,,,,,,,,,,,,
endosome1381d,initMembraneContent,EEA1,0.001216851,exCxEn,7.39E-06,R-TfaEn,1.97E-39,oMHCIEn,0.00810806,membraneMarker,0,M6PR,0.001631719,cMHCIEn,0.012336645,R-TfEn,1.07E-39,pepMHCIEn,0,REn,3.33E-04,imCxEn,7.39E-06,,,,,,,,,,
endosome1381d,initSolubleContent,povaEn,0,NH3Cy,0,protonEn,1.148848457,FeEn,0,NH3En,0,NH4En,0,ovaEn,0,TfaEn,3.80E-08,solubleMarker,0,mvb,0,bead2,0,bead3,0,bead4,0,TfEn,0,pepEn,0,bead1,0
endosome1382i,initOrgProp,area,17592.91886,volume,150796.4474,xcoor,24.3650417,ycoor,24.61913596,pH,8.17108739,,,,,,,,,,,,,,,,,,,,,,
endosome1382i,initRabContent,RabD,17592.91886,,,,,,,,,,,,,,,,,,,,,,,,,,,,,,
endosome1382i,initMembraneContent,EEA1,0.001403366,exCxEn,8.02E-07,R-TfaEn,3.70E-43,oMHCIEn,2.70E-06,membraneMarker,0,M6PR,0.096254735,cMHCIEn,2.26E-06,R-TfEn,2.00E-43,pepMHCIEn,0,REn,6.23E-08,imCxEn,8.02E-07,,,,,,,,,,
endosome1382i,initSolubleContent,povaEn,0,NH3Cy,0,protonEn,0.016959647,FeEn,0,NH3En,0,NH4En,0,ovaEn,0,TfaEn,6.84E-10,solubleMarker,0,mvb,0,bead2,0,bead3,0,bead4,0,TfEn,0,pepEn,0,bead1,0
endosome1383R,initOrgProp,area,13823.00768,volume,125663.7061,xcoor,24.20107331,ycoor,24.6432775,pH,8.093114932,,,,,,,,,,,,,,,,,,,,,,
endosome1383R,initRabContent,RabD,13823.00768,,,,,,,,,,,,,,,,,,,,,,,,,,,,,,
endosome1383R,initMembraneContent,EEA1,0.001102644,exCxEn,6.30E-07,R-TfaEn,2.91E-43,oMHCIEn,2.12E-06,membraneMarker,0,M6PR,0.07562872,cMHCIEn,1.77E-06,R-TfEn,1.57E-43,pepMHCIEn,0,REn,4.90E-08,imCxEn,6.30E-07,,,,,,,,,,
endosome1383R,initSolubleContent,povaEn,0,NH3Cy,0,protonEn,0.014133039,FeEn,0,NH3En,0,NH4En,0,ovaEn,0,TfaEn,5.70E-10,solubleMarker,0,mvb,0,bead2,0,bead3,0,bead4,0,TfEn,0,pepEn,0,bead1,0
endosome1384u,initOrgProp,area,13823.00768,volume,125663.7061,xcoor,24.33731127,ycoor,24.13264543,pH,8.093114932,,,,,,,,,,,,,,,,,,,,,,
endosome1384u,initRabContent,RabD,13823.00768,,,,,,,,,,,,,,,,,,,,,,,,,,,,,,
endosome1384u,initMembraneContent,EEA1,0.001102644,exCxEn,6.30E-07,R-TfaEn,2.91E-43,oMHCIEn,2.12E-06,membraneMarker,0,M6PR,0.07562872,cMHCIEn,1.77E-06,R-TfEn,1.57E-43,pepMHCIEn,0,REn,4.90E-08,imCxEn,6.30E-07,,,,,,,,,,
endosome1384u,initSolubleContent,povaEn,0,NH3Cy,0,protonEn,0.014133039,FeEn,0,NH3En,0,NH4En,0,ovaEn,0,TfaEn,5.70E-10,solubleMarker,0,mvb,0,bead2,0,bead3,0,bead4,0,TfEn,0,pepEn,0,bead1,0
endosome1385Y,initOrgProp,area,7539.822369,volume,50265.48246,xcoor,24.14685887,ycoor,24.71887052,pH,7.698821609,,,,,,,,,,,,,,,,,,,,,,
endosome1385Y,initRabContent,RabD,7539.822369,,,,,,,,,,,,,,,,,,,,,,,,,,,,,,
endosome1385Y,initMembraneContent,EEA1,6.01E-04,exCxEn,3.44E-07,R-TfaEn,1.58E-43,oMHCIEn,1.16E-06,membraneMarker,0,M6PR,0.041252029,cMHCIEn,9.67E-07,R-TfEn,8.55E-44,pepMHCIEn,0,REn,2.67E-08,imCxEn,3.44E-07,,,,,,,,,,
endosome1385Y,initSolubleContent,povaEn,0,NH3Cy,0,protonEn,0.005653216,FeEn,0,NH3En,0,NH4En,0,ovaEn,0,TfaEn,2.28E-10,solubleMarker,0,mvb,0,bead2,0,bead3,0,bead4,0,TfEn,0,pepEn,0,bead1,0
endosome1386J,initOrgProp,area,13823.00768,volume,150736.1378,xcoor,24.11429042,ycoor,24.56106391,pH,8.170913663,,,,,,,,,,,,,,,,,,,,,,
endosome1386J,initRabContent,RabD,13823.00768,,,,,,,,,,,,,,,,,,,,,,,,,,,,,,
endosome1386J,initMembraneContent,EEA1,0.001102644,exCxEn,6.30E-07,R-TfaEn,2.91E-43,oMHCIEn,2.12E-06,membraneMarker,0,M6PR,0.07562872,cMHCIEn,1.77E-06,R-TfEn,1.57E-43,pepMHCIEn,0,REn,4.90E-08,imCxEn,6.30E-07,,,,,,,,,,
endosome1386J,initSolubleContent,povaEn,0,NH3Cy,0,protonEn,0.016959647,FeEn,0,NH3En,0,NH4En,0,ovaEn,0,TfaEn,6.84E-10,solubleMarker,0,mvb,0,bead2,0,bead3,0,bead4,0,TfEn,0,pepEn,0,bead1,0
endosome1387T,initOrgProp,area,7539.822369,volume,50265.48246,xcoor,24.17028583,ycoor,24.69657197,pH,7.698821609,,,,,,,,,,,,,,,,,,,,,,
endosome1387T,initRabContent,RabD,7539.822369,,,,,,,,,,,,,,,,,,,,,,,,,,,,,,
endosome1387T,initMembraneContent,EEA1,6.01E-04,exCxEn,3.44E-07,R-TfaEn,1.58E-43,oMHCIEn,1.16E-06,membraneMarker,0,M6PR,0.041252029,cMHCIEn,9.67E-07,R-TfEn,8.55E-44,pepMHCIEn,0,REn,2.67E-08,imCxEn,3.44E-07,,,,,,,,,,
endosome1387T,initSolubleContent,povaEn,0,NH3Cy,0,protonEn,0.005653216,FeEn,0,NH3En,0,NH4En,0,ovaEn,0,TfaEn,2.28E-10,solubleMarker,0,mvb,0,bead2,0,bead3,0,bead4,0,TfEn,0,pepEn,0,bead1,0
endosome1388o,initOrgProp,area,13823.00768,volume,125663.7061,xcoor,24.11793053,ycoor,24.33763367,pH,8.093114932,,,,,,,,,,,,,,,,,,,,,,
endosome1388o,initRabContent,RabD,13823.00768,,,,,,,,,,,,,,,,,,,,,,,,,,,,,,
endosome1388o,initMembraneContent,EEA1,0.001102644,exCxEn,6.30E-07,R-TfaEn,2.91E-43,oMHCIEn,2.12E-06,membraneMarker,0,M6PR,0.07562872,cMHCIEn,1.77E-06,R-TfEn,1.57E-43,pepMHCIEn,0,REn,4.90E-08,imCxEn,6.30E-07,,,,,,,,,,
endosome1388o,initSolubleContent,povaEn,0,NH3Cy,0,protonEn,0.014133039,FeEn,0,NH3En,0,NH4En,0,ovaEn,0,TfaEn,5.70E-10,solubleMarker,0,mvb,0,bead2,0,bead3,0,bead4,0,TfEn,0,pepEn,0,bead1,0
endosome1389J,initOrgProp,area,13823.00768,volume,150796.4474,xcoor,24.31389839,ycoor,24.68129887,pH,8.17108739,,,,,,,,,,,,,,,,,,,,,,
endosome1389J,initRabContent,RabD,13823.00768,,,,,,,,,,,,,,,,,,,,,,,,,,,,,,
endosome1389J,initMembraneContent,EEA1,0.001102644,exCxEn,6.30E-07,R-TfaEn,2.91E-43,oMHCIEn,2.12E-06,membraneMarker,0,M6PR,0.07562872,cMHCIEn,1.77E-06,R-TfEn,1.57E-43,pepMHCIEn,0,REn,4.90E-08,imCxEn,6.30E-07,,,,,,,,,,
endosome1389J,initSolubleContent,povaEn,0,NH3Cy,0,protonEn,0.016959647,FeEn,0,NH3En,0,NH4En,0,ovaEn,0,TfaEn,6.84E-10,solubleMarker,0,mvb,0,bead2,0,bead3,0,bead4,0,TfEn,0,pepEn,0,bead1,0
endosome1390M,initOrgProp,area,7539.822369,volume,50265.48246,xcoor,24.50684323,ycoor,24.70088691,pH,7.698821609,,,,,,,,,,,,,,,,,,,,,,
endosome1390M,initRabContent,RabD,7539.822369,,,,,,,,,,,,,,,,,,,,,,,,,,,,,,
endosome1390M,initMembraneContent,EEA1,6.01E-04,exCxEn,3.44E-07,R-TfaEn,1.58E-43,oMHCIEn,1.16E-06,membraneMarker,0,M6PR,0.041252029,cMHCIEn,9.67E-07,R-TfEn,8.55E-44,pepMHCIEn,0,REn,2.67E-08,imCxEn,3.44E-07,,,,,,,,,,
endosome1390M,initSolubleContent,povaEn,0,NH3Cy,0,protonEn,0.005653216,FeEn,0,NH3En,0,NH4En,0,ovaEn,0,TfaEn,2.28E-10,solubleMarker,0,mvb,0,bead2,0,bead3,0,bead4,0,TfEn,0,pepEn,0,bead1,0
endosome1391W,initOrgProp,area,7539.822369,volume,50265.48246,xcoor,24.31343709,ycoor,24.64034456,pH,7.698821609,,,,,,,,,,,,,,,,,,,,,,
endosome1391W,initRabContent,RabD,7539.822369,,,,,,,,,,,,,,,,,,,,,,,,,,,,,,
endosome1391W,initMembraneContent,EEA1,6.01E-04,exCxEn,3.44E-07,R-TfaEn,1.58E-43,oMHCIEn,1.16E-06,membraneMarker,0,M6PR,0.041252029,cMHCIEn,9.67E-07,R-TfEn,8.55E-44,pepMHCIEn,0,REn,2.67E-08,imCxEn,3.44E-07,,,,,,,,,,
endosome1391W,initSolubleContent,povaEn,0,NH3Cy,0,protonEn,0.005653216,FeEn,0,NH3En,0,NH4En,0,ovaEn,0,TfaEn,2.28E-10,solubleMarker,0,mvb,0,bead2,0,bead3,0,bead4,0,TfEn,0,pepEn,0,bead1,0
endosome1392l,initOrgProp,area,7539.822369,volume,50265.48246,xcoor,25.64670372,ycoor,21.05140893,pH,7.682276406,,,,,,,,,,,,,,,,,,,,,,
endosome1392l,initRabContent,RabA,7539.822369,,,,,,,,,,,,,,,,,,,,,,,,,,,,,,
endosome1392l,initMembraneContent,EEA1,5.344677137,exCxEn,3.05E-07,R-TfaEn,1.74E-42,oMHCIEn,5.88E-06,membraneMarker,0,M6PR,6.520881242,cMHCIEn,8.45E-06,R-TfEn,6.76E-43,pepMHCIEn,0,REn,2.47E-07,imCxEn,3.05E-07,,,,,,,,,,
endosome1392l,initSolubleContent,povaEn,0,NH3Cy,0,protonEn,0.044704461,FeEn,0,NH3En,0,NH4En,0,ovaEn,0,TfaEn,5.22E-09,solubleMarker,0,mvb,0,bead2,0,bead3,0,bead4,0,TfEn,0,pepEn,0,bead1,0
endosome1393j,initOrgProp,area,16336.2818,volume,150796.4474,xcoor,48.12601454,ycoor,42.66954467,pH,7.582656556,,,,,,,,,,,,,,,,,,,,,,
endosome1393j,initRabContent,RabA,16336.2818,,,,,,,,,,,,,,,,,,,,,,,,,,,,,,
endosome1393j,initMembraneContent,EEA1,3.310553933,exCxEn,8.52E-10,R-TfaEn,1.14E-42,oMHCIEn,2.03E-06,membraneMarker,0,M6PR,4.726966824,cMHCIEn,8.27E-06,R-TfEn,6.42E-43,pepMHCIEn,0,REn,1.97E-07,imCxEn,8.52E-10,,,,,,,,,,
endosome1393j,initSolubleContent,povaEn,0,NH3Cy,0,protonEn,2.942162788,FeEn,0,NH3En,0,NH4En,0,ovaEn,0,TfaEn,7.38E-08,solubleMarker,0,mvb,0,bead2,0,bead3,0,bead4,0,TfEn,0,pepEn,0,bead1,0
endosome1394a,initOrgProp,area,12566.37061,volume,100530.9649,xcoor,25.65571228,ycoor,21.05160594,pH,7.965108923,,,,,,,,,,,,,,,,,,,,,,
endosome1394a,initRabContent,RabB,12566.37061,,,,,,,,,,,,,,,,,,,,,,,,,,,,,,
endosome1394a,initMembraneContent,EEA1,0.008898896,exCxEn,5.13E-05,R-TfaEn,2.91E-39,oMHCIEn,9.80E-06,membraneMarker,0,M6PR,0.021692885,cMHCIEn,0.014089779,R-TfEn,1.13E-39,pepMHCIEn,0,REn,4.12E-04,imCxEn,5.13E-05,,,,,,,,,,
endosome1394a,initSolubleContent,povaEn,0,NH3Cy,0,protonEn,0.089408922,FeEn,0,NH3En,0,NH4En,0,ovaEn,0,TfaEn,1.04E-08,solubleMarker,0,mvb,0,bead2,0,bead3,0,bead4,0,TfEn,0,pepEn,0,bead1,0
endosome1395g,initOrgProp,area,11309.73355,volume,100530.9649,xcoor,28.17360431,ycoor,23.34968199,pH,8.002148575,,,,,,,,,,,,,,,,,,,,,,
endosome1395g,initRabContent,RabD,11309.73355,,,,,,,,,,,,,,,,,,,,,,,,,,,,,,
endosome1395g,initMembraneContent,EEA1,6.63E-06,exCxEn,1.54E-11,R-TfaEn,1.90E-46,oMHCIEn,5.64E-07,membraneMarker,0,M6PR,0.017062456,cMHCIEn,1.11E-09,R-TfEn,8.75E-47,pepMHCIEn,0,REn,2.94E-11,imCxEn,1.54E-11,,,,,,,,,,
endosome1395g,initSolubleContent,povaEn,0,NH3Cy,0,protonEn,3.48E-04,FeEn,0,NH3En,0,NH4En,0,ovaEn,0,TfaEn,1.25E-11,solubleMarker,0,mvb,0,bead2,0,bead3,0,bead4,0,TfEn,0,pepEn,0,bead1,0
endosome1396q,initOrgProp,area,13823.00768,volume,125663.7061,xcoor,25.6502176,ycoor,21.07950698,pH,8.053198369,,,,,,,,,,,,,,,,,,,,,,
endosome1396q,initRabContent,RabE,13823.00768,,,,,,,,,,,,,,,,,,,,,,,,,,,,,,
endosome1396q,initMembraneContent,EEA1,0.009788786,exCxEn,5.58E-07,R-TfaEn,3.20E-42,oMHCIEn,1.08E-05,membraneMarker,0,M6PR,23.88603571,cMHCIEn,1.55E-05,R-TfEn,1.24E-42,pepMHCIEn,0,REn,4.53E-07,imCxEn,5.58E-07,,,,,,,,,,
endosome1396q,initSolubleContent,povaEn,0,NH3Cy,0,protonEn,0.111761152,FeEn,0,NH3En,0,NH4En,0,ovaEn,0,TfaEn,1.31E-08,solubleMarker,0,mvb,0,bead2,0,bead3,0,bead4,0,TfEn,0,pepEn,0,bead1,0
endosome1397g,initOrgProp,area,13823.00768,volume,125663.7061,xcoor,25.78182579,ycoor,20.88920825,pH,8.053198369,,,,,,,,,,,,,,,,,,,,,,
endosome1397g,initRabContent,RabE,13823.00768,,,,,,,,,,,,,,,,,,,,,,,,,,,,,,
endosome1397g,initMembraneContent,EEA1,0.009788786,exCxEn,5.58E-07,R-TfaEn,3.20E-42,oMHCIEn,1.08E-05,membraneMarker,0,M6PR,23.88603571,cMHCIEn,1.55E-05,R-TfEn,1.24E-42,pepMHCIEn,0,REn,4.53E-07,imCxEn,5.58E-07,,,,,,,,,,
endosome1397g,initSolubleContent,povaEn,0,NH3Cy,0,protonEn,0.111761152,FeEn,0,NH3En,0,NH4En,0,ovaEn,0,TfaEn,1.31E-08,solubleMarker,0,mvb,0,bead2,0,bead3,0,bead4,0,TfEn,0,pepEn,0,bead1,0
endosome1398V,initOrgProp,area,12566.37061,volume,100530.9649,xcoor,25.66358192,ycoor,21.11286376,pH,7.965108923,,,,,,,,,,,,,,,,,,,,,,
endosome1398V,initRabContent,RabC,12566.37061,,,,,,,,,,,,,,,,,,,,,,,,,,,,,,
endosome1398V,initMembraneContent,EEA1,0.008898896,exCxEn,5.13E-05,R-TfaEn,2.91E-39,oMHCIEn,0.009812623,membraneMarker,0,M6PR,0.021692885,cMHCIEn,0.014089779,R-TfEn,1.13E-39,pepMHCIEn,0,REn,4.12E-04,imCxEn,5.13E-05,,,,,,,,,,
endosome1398V,initSolubleContent,povaEn,0,NH3Cy,0,protonEn,0.089408922,FeEn,0,NH3En,0,NH4En,0,ovaEn,0,TfaEn,1.04E-08,solubleMarker,0,mvb,0,bead2,0,bead3,0,bead4,0,TfEn,0,pepEn,0,bead1,0
endosome1399p,initOrgProp,area,11309.73355,volume,100530.9649,xcoor,28.06420234,ycoor,23.14625889,pH,8.002148575,,,,,,,,,,,,,,,,,,,,,,
endosome1399p,initRabContent,RabD,11309.73355,,,,,,,,,,,,,,,,,,,,,,,,,,,,,,
endosome1399p,initMembraneContent,EEA1,6.63E-06,exCxEn,1.54E-11,R-TfaEn,1.90E-46,oMHCIEn,5.64E-07,membraneMarker,0,M6PR,0.017062456,cMHCIEn,1.11E-09,R-TfEn,8.75E-47,pepMHCIEn,0,REn,2.94E-11,imCxEn,1.54E-11,,,,,,,,,,
endosome1399p,initSolubleContent,povaEn,0,NH3Cy,0,protonEn,3.48E-04,FeEn,0,NH3En,0,NH4En,0,ovaEn,0,TfaEn,1.25E-11,solubleMarker,0,mvb,0,bead2,0,bead3,0,bead4,0,TfEn,0,pepEn,0,bead1,0
endosome1400N,initOrgProp,area,11309.73355,volume,100530.9649,xcoor,28.19335898,ycoor,23.40572914,pH,8.002148575,,,,,,,,,,,,,,,,,,,,,,
endosome1400N,initRabContent,RabD,11309.73355,,,,,,,,,,,,,,,,,,,,,,,,,,,,,,
endosome1400N,initMembraneContent,EEA1,6.63E-06,exCxEn,1.54E-11,R-TfaEn,1.90E-46,oMHCIEn,5.64E-07,membraneMarker,0,M6PR,0.017062456,cMHCIEn,1.11E-09,R-TfEn,8.75E-47,pepMHCIEn,0,REn,2.94E-11,imCxEn,1.54E-11,,,,,,,,,,
endosome1400N,initSolubleContent,povaEn,0,NH3Cy,0,protonEn,3.48E-04,FeEn,0,NH3En,0,NH4En,0,ovaEn,0,TfaEn,1.25E-11,solubleMarker,0,mvb,0,bead2,0,bead3,0,bead4,0,TfEn,0,pepEn,0,bead1,0
endosome1401N,initOrgProp,area,11309.73355,volume,100530.9649,xcoor,25.65116773,ycoor,21.0636705,pH,7.965108923,,,,,,,,,,,,,,,,,,,,,,
endosome1401N,initRabContent,RabD,11309.73355,,,,,,,,,,,,,,,,,,,,,,,,,,,,,,
endosome1401N,initMembraneContent,EEA1,0.008009007,exCxEn,4.57E-07,R-TfaEn,2.61E-42,oMHCIEn,8.82E-06,membraneMarker,0,M6PR,9.781321863,cMHCIEn,1.27E-05,R-TfEn,1.01E-42,pepMHCIEn,0,REn,3.71E-07,imCxEn,4.57E-07,,,,,,,,,,
endosome1401N,initSolubleContent,povaEn,0,NH3Cy,0,protonEn,0.089408922,FeEn,0,NH3En,0,NH4En,0,ovaEn,0,TfaEn,1.04E-08,solubleMarker,0,mvb,0,bead2,0,bead3,0,bead4,0,TfEn,0,pepEn,0,bead1,0
endosome1402i,initOrgProp,area,7539.822369,volume,50265.48246,xcoor,25.60490263,ycoor,21.06545458,pH,7.682276406,,,,,,,,,,,,,,,,,,,,,,
endosome1402i,initRabContent,RabD,7539.822369,,,,,,,,,,,,,,,,,,,,,,,,,,,,,,
endosome1402i,initMembraneContent,EEA1,0.005339338,exCxEn,3.05E-07,R-TfaEn,1.74E-42,oMHCIEn,5.88E-06,membraneMarker,0,M6PR,6.520881242,cMHCIEn,8.45E-06,R-TfEn,6.76E-43,pepMHCIEn,0,REn,2.47E-07,imCxEn,3.05E-07,,,,,,,,,,
endosome1402i,initSolubleContent,povaEn,0,NH3Cy,0,protonEn,0.044704461,FeEn,0,NH3En,0,NH4En,0,ovaEn,0,TfaEn,5.22E-09,solubleMarker,0,mvb,0,bead2,0,bead3,0,bead4,0,TfEn,0,pepEn,0,bead1,0
endosome1403D,initOrgProp,area,11309.73355,volume,100530.9649,xcoor,25.84259287,ycoor,21.04534886,pH,7.965108923,,,,,,,,,,,,,,,,,,,,,,
endosome1403D,initRabContent,RabD,11309.73355,,,,,,,,,,,,,,,,,,,,,,,,,,,,,,
endosome1403D,initMembraneContent,EEA1,0.008009007,exCxEn,4.57E-07,R-TfaEn,2.61E-42,oMHCIEn,8.82E-06,membraneMarker,0,M6PR,9.781321863,cMHCIEn,1.27E-05,R-TfEn,1.01E-42,pepMHCIEn,0,REn,3.71E-07,imCxEn,4.57E-07,,,,,,,,,,
endosome1403D,initSolubleContent,povaEn,0,NH3Cy,0,protonEn,0.089408922,FeEn,0,NH3En,0,NH4En,0,ovaEn,0,TfaEn,1.04E-08,solubleMarker,0,mvb,0,bead2,0,bead3,0,bead4,0,TfEn,0,pepEn,0,bead1,0
endosome1404M,initOrgProp,area,16336.2818,volume,150796.4474,xcoor,37.09956155,ycoor,48.29331834,pH,7.52698894,,,,,,,,,,,,,,,,,,,,,,
endosome1404M,initRabContent,RabB,16336.2818,,,,,,,,,,,,,,,,,,,,,,,,,,,,,,
endosome1404M,initMembraneContent,EEA1,0.004167931,exCxEn,0,R-TfaEn,5.12E-39,oMHCIEn,2.65E-04,membraneMarker,0,M6PR,0.010833797,cMHCIEn,0.038861358,R-TfEn,2.90E-39,pepMHCIEn,0,REn,8.87E-04,imCxEn,0,,,,,,,,,,
endosome1404M,initSolubleContent,povaEn,0,NH3Cy,0,protonEn,3.481280924,FeEn,0,NH3En,0,NH4En,0,ovaEn,0,TfaEn,2.96E-07,solubleMarker,0,mvb,0,bead2,0,bead3,0,bead4,0,TfEn,0,pepEn,0,bead1,0
endosome1405K,initOrgProp,area,16336.2818,volume,150796.4474,xcoor,37.30305739,ycoor,48.20937792,pH,7.52698894,,,,,,,,,,,,,,,,,,,,,,
endosome1405K,initRabContent,RabB,16336.2818,,,,,,,,,,,,,,,,,,,,,,,,,,,,,,
endosome1405K,initMembraneContent,EEA1,0.004167931,exCxEn,0,R-TfaEn,5.12E-39,oMHCIEn,2.65E-04,membraneMarker,0,M6PR,0.010833797,cMHCIEn,0.038861358,R-TfEn,2.90E-39,pepMHCIEn,0,REn,8.87E-04,imCxEn,0,,,,,,,,,,
endosome1405K,initSolubleContent,povaEn,0,NH3Cy,0,protonEn,3.481280924,FeEn,0,NH3En,0,NH4En,0,ovaEn,0,TfaEn,2.96E-07,solubleMarker,0,mvb,0,bead2,0,bead3,0,bead4,0,TfEn,0,pepEn,0,bead1,0
endosome1406y,initOrgProp,area,7539.822369,volume,50265.48246,xcoor,37.06054146,ycoor,48.35693975,pH,7.366730264,,,,,,,,,,,,,,,,,,,,,,
endosome1406y,initRabContent,RabA,7539.822369,,,,,,,,,,,,,,,,,,,,,,,,,,,,,,
endosome1406y,initMembraneContent,EEA1,1.925584233,exCxEn,0,R-TfaEn,2.36E-42,oMHCIEn,1.22E-04,membraneMarker,0,M6PR,2.505107302,cMHCIEn,1.79E-05,R-TfEn,1.34E-42,pepMHCIEn,0,REn,4.09E-07,imCxEn,0,,,,,,,,,,
endosome1406y,initSolubleContent,povaEn,0,NH3Cy,0,protonEn,1.160426975,FeEn,0,NH3En,0,NH4En,0,ovaEn,0,TfaEn,9.87E-08,solubleMarker,0,mvb,0,bead2,0,bead3,0,bead4,0,TfEn,0,pepEn,0,bead1,0
plasmaMembrane,initOrgProp,area,6.03E+07,volume,2.40E+10,,,,,,,,,,,,,,,,,,,,,,,,,,,,
plasmaMembrane,initMembraneContent,EEA1,103.3885505,ovaEn,0,exCxEn,10.63931482,R-TfaEn,2.37E-36,oMHCIEn,27.31219846,membraneMarker,0,M6PR,855.2056942,R-TfEn,1.34E-36,cMHCIEn,341.8492902,pepMHCIEn,0,REn,0.41008656,imCxEn,10.63931482,,,,,,,,
plasmaMembrane,initSolubleContent,povaEn,0,NH3Cy,0,protonEn,548513.9733,FeEn,0,NH3En,0,NH4En,0,ovaEn,0,TfaEn,0.090299653,solubleMarker,0,bead2,0,mvb,967.3121609,bead3,0,bead4,0,TfEn,0,pepEn,0,bead1,0
EReticulum,initOrgProp,area,6.00E+07,volume,4.80E+09,,,,,,,,,,,,,,,,,,,,,,,,,,,,
EReticulum,initMembraneContent,EEA1,0.081827653,R-TfaEn,1.04E-39,exCxEn,4.291121857,oMHCIEn,0.001352028,membraneMarker,0,M6PR,212.3405373,R-TfEn,1.62E-40,pepMHCIEn,0,cMHCIEn,0.016432469,REn,2.50E-04,imCxEn,4.291121857,,,,,,,,,,
EReticulum,initSolubleContent,povaEn,0,NH3Cy,0,protonEn,653.7758388,FeEn,0,NH3En,0,NH4En,0,ovaEn,0,solubleMarker,0,TfaEn,9.83E-05,bead2,0,mvb,0,bead3,0,bead4,0,TfEn,0,pepEn,0,bead1,0
CyCell,initOrgProp,area,9000000,volume,7.20E+09,,,,,,,,,,,,,,,,,,,,,,,,,,,,
CyCell,initMembraneContent,,,,,,,,,,,,,,,,,,,,,,,,,,,,,,,,
CyCell,initSolubleContent,pepCy,0,ovaCy,0,NH3Cy,0,FeCy,0,protonCy,5.63E-05,,,,,,,,,,,,,,,,,,,,,,
